{
  "meta": {
    "protocol": "E6-mfp-vs-g4-ntuple",
    "hypothesis": "WebGPU MFP_total(E_mid) = 1 / (n_water × Σ σ_proc(E_mid)) agrees with Geant4 ntuple MFP_total (mean of the three per-process rows in each energy bin) within 25%. n_water = 33.43 nm⁻³ (liquid water STP). E_mid = geometric midpoint of each bin.",
    "passBar": "|MFP_wgsl / MFP_g4_mean − 1| < 0.25 for every energy bin.",
    "seed": "E6_MFP=0x54524B02",
    "warmup": 0,
    "trials": 1,
    "sources": {
      "wgsl": "public/cross_sections.wgsl (XI / XC / XL arrays)",
      "g4Mfp": "validation/g4_mfp.csv (Geant4 11.4.1 ntuple, primary-electron stats)"
    },
    "constants": {
      "nWaterPerNm3": 33.43
    }
  },
  "env": {
    "gitSha": "2bdb13a947d3297e9c3362234181b22186a0a748",
    "gitDirty": true,
    "timestamp": "2026-05-11T08:21:07.028Z",
    "runner": "node",
    "nodeVersion": "v24.5.0",
    "platform": "darwin",
    "arch": "arm64",
    "hostname": "Ahmets-MBP.localdomain",
    "cpuCount": 12,
    "totalMemBytes": 17179869184
  },
  "status": "pass",
  "diagnosis": null,
  "summary": {
    "nRows": 6,
    "nFailed": 0,
    "medianRatio": 0.9409734724966937,
    "minRatio": 0.8930679883177385,
    "maxRatio": 0.9504165320240023,
    "headline": "6 (process, bin) cells; ratio range [0.893, 0.950], median 0.941"
  },
  "rows": [
    {
      "eLoEv": 100,
      "eHiEv": 300,
      "eMidEv": 173.20508075688772,
      "sigmaXi": 0.021097013596230632,
      "sigmaXc": 0.0010494033179617214,
      "sigmaXl": 0.01666432919546935,
      "sigmaTotal": 0.0388107461096617,
      "mfpWgslNm": 0.7707466248117034,
      "mfpG4MeanNm": 0.8304999999999999,
      "mfpG4SpreadNm": 0.026799999999999935,
      "g4PerProcess": {
        "elastic": 0.8319,
        "excitation": 0.8164,
        "ionisation": 0.8432
      },
      "ratio": 0.9280513242765845,
      "pctErr": -7.194867572341545,
      "status": "pass"
    },
    {
      "eLoEv": 300,
      "eHiEv": 500,
      "eMidEv": 387.2983346207417,
      "sigmaXi": 0.013943554392355366,
      "sigmaXc": 0.000591674867207311,
      "sigmaXl": 0.009660349613364105,
      "sigmaTotal": 0.024195578872926782,
      "mfpWgslNm": 1.2363106387141087,
      "mfpG4MeanNm": 1.3092666666666666,
      "mfpG4SpreadNm": 0.08050000000000002,
      "g4PerProcess": {
        "elastic": 1.2905,
        "excitation": 1.3589,
        "ionisation": 1.2784
      },
      "ratio": 0.9442771821738191,
      "pctErr": -5.572281782618093,
      "status": "pass"
    },
    {
      "eLoEv": 500,
      "eHiEv": 1000,
      "eMidEv": 707.1067811865476,
      "sigmaXi": 0.009327106627597618,
      "sigmaXc": 0.00037229502031839326,
      "sigmaXl": 0.006244602214216773,
      "sigmaTotal": 0.015944003862132784,
      "mfpWgslNm": 1.8761442752463242,
      "mfpG4MeanNm": 1.9938333333333331,
      "mfpG4SpreadNm": 0.08029999999999982,
      "g4PerProcess": {
        "elastic": 1.9653,
        "excitation": 2.0456,
        "ionisation": 1.9706
      },
      "ratio": 0.9409734724966937,
      "pctErr": -5.902652750330628,
      "status": "pass"
    },
    {
      "eLoEv": 1000,
      "eHiEv": 3000,
      "eMidEv": 1732.0508075688772,
      "sigmaXi": 0.004745990371194835,
      "sigmaXc": 0.00018019557829733295,
      "sigmaXl": 0.0030344560765408197,
      "sigmaTotal": 0.007960642026032987,
      "mfpWgslNm": 3.7576430987127716,
      "mfpG4MeanNm": 4.207566666666666,
      "mfpG4SpreadNm": 0.025699999999999612,
      "g4PerProcess": {
        "elastic": 4.1984,
        "excitation": 4.2241,
        "ionisation": 4.2002
      },
      "ratio": 0.8930679883177385,
      "pctErr": -10.693201168226151,
      "status": "pass"
    },
    {
      "eLoEv": 3000,
      "eHiEv": 5000,
      "eMidEv": 3872.983346207417,
      "sigmaXi": 0.0024950598278669677,
      "sigmaXc": 0.00009171197114857142,
      "sigmaXl": 0.0015854108576603201,
      "sigmaTotal": 0.0041721826566758595,
      "mfpWgslNm": 7.169688873180534,
      "mfpG4MeanNm": 7.543733333333333,
      "mfpG4SpreadNm": 0.18820000000000014,
      "g4PerProcess": {
        "elastic": 7.4726,
        "excitation": 7.6608,
        "ionisation": 7.4978
      },
      "ratio": 0.9504165320240023,
      "pctErr": -4.958346797599766,
      "status": "pass"
    },
    {
      "eLoEv": 5000,
      "eHiEv": 10000,
      "eMidEv": 7071.067811865475,
      "sigmaXi": 0.001517779154544895,
      "sigmaXc": 0.000054822187972764454,
      "sigmaXl": 0.000875493953470205,
      "sigmaTotal": 0.0024480952959878644,
      "mfpWgslNm": 12.218989848748924,
      "mfpG4MeanNm": 13.115499999999999,
      "mfpG4SpreadNm": 0.09939999999999927,
      "g4PerProcess": {
        "elastic": 13.0678,
        "excitation": 13.1115,
        "ionisation": 13.1672
      },
      "ratio": 0.9316449886583756,
      "pctErr": -6.8355011341624365,
      "status": "pass"
    }
  ]
}
