# dumped at t=1 ps
e_aq^-1 -6.82225 -2.22606 -1496.77
e_aq^-1 9.3021 -8.99885 -1488.67
e_aq^-1 -12.3672 9.47846 -1506.13
e_aq^-1 5.92953 1.89634 -1478.71
e_aq^-1 -12.4406 -7.85289 -1475.34
e_aq^-1 16.6292 9.39395 -1465.64
e_aq^-1 2.04054 16.3075 -1485.41
e_aq^-1 -7.77906 4.44427 -1461.93
e_aq^-1 2.21366 6.01852 -1472.44
e_aq^-1 27.0756 -17.696 -1462
e_aq^-1 0.118383 7.45822 -1452.9
e_aq^-1 6.00544 -8.82368 -1448.19
e_aq^-1 -21.0615 1.12228 -1449.43
e_aq^-1 -5.72411 10.1996 -1445.24
e_aq^-1 0.0434535 1.57419 -1443.09
e_aq^-1 -11.4501 5.66723 -1445.03
e_aq^-1 4.54265 -7.01349 -1463.38
e_aq^-1 -0.563265 14.341 -1438.74
e_aq^-1 -13.7335 -3.34053 -1434.55
e_aq^-1 5.57196 3.59858 -1433.25
e_aq^-1 -20.9104 8.19351 -1438.86
e_aq^-1 -16.3653 -4.00032 -1442.21
e_aq^-1 13.5174 -15.022 -1416.45
e_aq^-1 3.59027 0.0568261 -1417.22
e_aq^-1 16.9605 23.2233 -1433.31
e_aq^-1 3.73311 -4.98257 -1428.84
e_aq^-1 -7.46163 0.738695 -1427.92
e_aq^-1 -5.98445 16.5703 -1434.15
e_aq^-1 -6.53684 0.838065 -1428.43
e_aq^-1 -6.95646 3.39044 -1419.32
e_aq^-1 -14.8366 -4.33135 -1438.39
e_aq^-1 -5.82071 0.90223 -1429.45
e_aq^-1 -22.9145 8.22905 -1412.27
e_aq^-1 -15.7667 -0.977216 -1419.14
e_aq^-1 19.681 -16.5585 -1415.69
e_aq^-1 -4.45545 -21.4757 -1405.95
e_aq^-1 -7.62382 16.7964 -1412.31
e_aq^-1 -9.51511 6.41171 -1411.25
e_aq^-1 7.81773 14.2451 -1407.41
e_aq^-1 5.36666 4.69753 -1408.67
e_aq^-1 -1.70844 -4.90107 -1407.93
e_aq^-1 -7.23499 6.7472 -1402.8
e_aq^-1 -0.281615 15.8908 -1425.94
e_aq^-1 13.3615 10.1621 -1377.6
e_aq^-1 3.58688 -4.76613 -1395.7
e_aq^-1 2.59953 -5.90537 -1411.86
e_aq^-1 -16.9762 6.68531 -1424.05
e_aq^-1 -5.79094 3.01723 -1399.45
e_aq^-1 7.84005 0.496134 -1408.72
e_aq^-1 10.2663 10.5143 -1410.92
e_aq^-1 -0.927516 3.57847 -1398.54
e_aq^-1 -8.36455 5.00907 -1400.99
e_aq^-1 -2.03826 -9.73445 -1400.28
e_aq^-1 7.05886 3.03352 -1419.95
e_aq^-1 0.733987 -5.55908 -1399.8
e_aq^-1 -4.87116 -3.43428 -1396.05
e_aq^-1 -7.28024 -2.48085 -1379.78
e_aq^-1 -34.3264 3.60351 -1388.16
e_aq^-1 7.9353 -0.382738 -1388.82
e_aq^-1 -5.349 -2.67834 -1387.11
e_aq^-1 1.12219 8.54773 -1373.94
e_aq^-1 -8.2277 -3.01541 -1381.47
e_aq^-1 -6.57252 5.54924 -1385
e_aq^-1 -8.30799 -7.38632 -1381.69
e_aq^-1 0.11238 8.41451 -1371.89
e_aq^-1 -23.7983 -18.6566 -1329.73
e_aq^-1 -14.9911 0.347728 -1373.89
e_aq^-1 -9.52512 18.0249 -1363.73
e_aq^-1 -22.6433 10.7578 -1363.47
e_aq^-1 0.427267 9.0378 -1370.82
e_aq^-1 -15.2921 6.8168 -1355.33
e_aq^-1 -13.3418 3.57576 -1360.9
e_aq^-1 -11.0732 4.7584 -1353.3
e_aq^-1 3.13198 -1.89031 -1374.87
e_aq^-1 -2.90955 11.7533 -1357.74
e_aq^-1 -9.30947 4.77322 -1338.98
e_aq^-1 -18.331 1.69221 -1358
e_aq^-1 -6.94514 10.3081 -1354.64
e_aq^-1 -10.1501 -26.0795 -1348.56
e_aq^-1 -17.6155 1.52314 -1351.27
e_aq^-1 -1.97922 11.1413 -1350.73
e_aq^-1 -7.49818 2.14249 -1347.76
e_aq^-1 -1.10541 -3.90289 -1348.29
e_aq^-1 -10.8925 -0.434203 -1346.86
e_aq^-1 -6.04897 13.4776 -1334.16
e_aq^-1 -17.7715 5.76497 -1336.39
e_aq^-1 -11.4246 6.02561 -1349.25
e_aq^-1 2.78085 -6.88439 -1342.45
e_aq^-1 3.81223 4.7601 -1347.48
e_aq^-1 2.15746 14.9416 -1322.27
e_aq^-1 6.42516 -9.46393 -1353.08
e_aq^-1 -21.1422 4.87021 -1322.86
e_aq^-1 -14.5034 10.215 -1323.34
e_aq^-1 0.93244 -1.23609 -1338.66
e_aq^-1 -18.9228 0.0594124 -1332.18
e_aq^-1 -14.0962 16.4891 -1315.19
e_aq^-1 6.27238 3.50458 -1320.81
e_aq^-1 -4.24645 -2.89515 -1332.06
e_aq^-1 5.80099 -14.5049 -1319.34
e_aq^-1 -15.8885 -3.48636 -1318.12
e_aq^-1 15.043 1.76439 -1299.65
e_aq^-1 -5.02968 -2.07239 -1308.21
e_aq^-1 -8.38112 7.24891 -1321.59
e_aq^-1 -4.11513 6.44414 -1302.66
e_aq^-1 11.1959 15.2859 -1308.17
e_aq^-1 -5.88532 -0.368431 -1312.73
e_aq^-1 -21.49 -2.74651 -1317.76
e_aq^-1 -0.190122 -8.88594 -1263.58
e_aq^-1 10.2972 -2.30847 -1282.69
e_aq^-1 -33.3254 11.9904 -1278.43
e_aq^-1 -1.92008 2.23739 -1290.99
e_aq^-1 -3.94324 6.70974 -1283.57
e_aq^-1 -10.7941 2.28705 -1294.83
e_aq^-1 -5.30401 3.76582 -1264.6
e_aq^-1 -1.31809 9.90261 -1280.65
e_aq^-1 -10.911 15.8309 -1283.88
e_aq^-1 0.823419 9.79389 -1262.37
e_aq^-1 -10.7194 1.79907 -1255.76
e_aq^-1 -6.117 12.953 -1289.89
e_aq^-1 -5.88609 -9.04804 -1279.78
e_aq^-1 -6.3217 11.9283 -1272.82
e_aq^-1 9.8207 13.5887 -1275.22
e_aq^-1 25.2012 -3.13668 -1285.99
e_aq^-1 0.299675 14.747 -1287.73
e_aq^-1 -20.6742 -6.37217 -1277.08
e_aq^-1 -2.94499 13.99 -1265.19
e_aq^-1 -11.141 31.9227 -1272.09
e_aq^-1 -3.662 6.87807 -1266.31
e_aq^-1 -26.1586 -4.27837 -1272.06
e_aq^-1 -2.57304 22.8201 -1246.5
e_aq^-1 -13.4573 0.655888 -1292.07
e_aq^-1 -2.26259 2.39211 -1271.4
e_aq^-1 6.32665 -5.05328 -1275.45
e_aq^-1 3.03196 -3.53111 -1257.24
e_aq^-1 14.3127 0.152095 -1275.27
e_aq^-1 6.06071 -5.14422 -1251.88
e_aq^-1 2.11264 -20.9794 -1252.89
e_aq^-1 0.279601 -8.37373 -1255
e_aq^-1 -8.94486 -2.08951 -1262.52
e_aq^-1 -6.85578 -7.22283 -1255.85
e_aq^-1 10.0706 13.0662 -1251.41
e_aq^-1 -21.1273 11.3673 -1249.17
e_aq^-1 4.06399 10.0434 -1232.38
e_aq^-1 3.50667 -12.3777 -1243.51
e_aq^-1 -17.8059 -11.1904 -1238.52
e_aq^-1 13.6139 6.59334 -1245.01
e_aq^-1 -9.27043 4.64396 -1240.2
e_aq^-1 -10.9419 7.14597 -1238.85
e_aq^-1 -19.0639 5.41954 -1230.93
e_aq^-1 4.55963 -8.99516 -1220.6
e_aq^-1 -13.5939 -2.59444 -1237.85
e_aq^-1 -1.72872 11.7348 -1241.94
e_aq^-1 -12.9315 5.46939 -1229.09
e_aq^-1 -1.2799 3.29641 -1237.47
e_aq^-1 -1.55421 3.55072 -1227.66
e_aq^-1 1.11758 8.18865 -1241.01
e_aq^-1 -1.81393 -3.21881 -1229.34
e_aq^-1 -16.6712 8.18449 -1219.3
e_aq^-1 -16.4707 -1.71406 -1230.76
e_aq^-1 -5.16199 -5.16428 -1219.45
e_aq^-1 -7.79093 8.93638 -1223.53
e_aq^-1 -13.9146 6.27268 -1225.4
e_aq^-1 -14.5607 7.77036 -1236.66
e_aq^-1 -7.42295 -6.25064 -1217.13
e_aq^-1 -10.2846 11.9536 -1204.94
e_aq^-1 0.556896 -7.20238 -1201.84
e_aq^-1 -2.79849 5.05487 -1222.5
e_aq^-1 -3.81984 -1.76474 -1218.01
e_aq^-1 -8.13744 6.88366 -1216.11
e_aq^-1 -18.7749 9.40231 -1215.44
e_aq^-1 -14.1174 3.32442 -1203.83
e_aq^-1 -11.138 14.1437 -1212.98
e_aq^-1 -26.5767 -2.76687 -1213.21
e_aq^-1 -28.8878 15.001 -1198.18
e_aq^-1 -15.9017 6.68926 -1207.57
e_aq^-1 -7.55533 14.3212 -1203.39
e_aq^-1 -1.00681 1.08552 -1210.48
e_aq^-1 6.55067 6.14323 -1203.35
e_aq^-1 -19.0829 12.3443 -1202.73
e_aq^-1 31.6958 -6.98133 -1198.98
e_aq^-1 -13.725 -0.120163 -1203.04
e_aq^-1 -2.80723 11.0755 -1210.79
e_aq^-1 -3.60825 2.69306 -1209.56
e_aq^-1 7.4839 1.46579 -1206.28
e_aq^-1 1.65547 -4.02443 -1192.94
e_aq^-1 -2.81118 0.460657 -1204.78
e_aq^-1 -6.86232 13.2279 -1188.38
e_aq^-1 -23.5377 9.68594 -1205.9
e_aq^-1 -15.2493 -6.43616 -1188.56
e_aq^-1 -13.4396 3.99597 -1193.52
e_aq^-1 -5.13261 10.424 -1195.67
e_aq^-1 -1.78819 16.2515 -1200.91
e_aq^-1 -23.7834 7.65394 -1194.64
e_aq^-1 -10.3051 -10.4148 -1173.11
e_aq^-1 -0.107508 -2.33852 -1181.98
e_aq^-1 -5.51281 0.352015 -1190.73
e_aq^-1 3.75645 -3.76633 -1178.19
e_aq^-1 -3.91806 12.8865 -1177.33
e_aq^-1 -25.7406 17.7298 -1195.7
e_aq^-1 -4.5707 5.8954 -1181.91
e_aq^-1 -10.1577 8.82472 -1184.4
e_aq^-1 -0.6803 -2.29037 -1160.69
e_aq^-1 -41.3736 -18.9442 -1186.97
e_aq^-1 -11.5899 -4.04609 -1165.83
e_aq^-1 -8.85217 -2.9136 -1176.07
e_aq^-1 -7.51888 -6.11381 -1166.92
e_aq^-1 5.54359 -5.25859 -1164.7
e_aq^-1 -12.5535 -3.92289 -1167.2
e_aq^-1 -6.30191 -14.2176 -1163.99
e_aq^-1 -12.8347 0.880073 -1156.14
e_aq^-1 -13.6926 -4.11763 -1159.87
e_aq^-1 -14.3325 2.71324 -1159.09
e_aq^-1 -2.50247 26.032 -1174.18
e_aq^-1 -5.33682 -5.36709 -1162.57
e_aq^-1 -3.87398 0.849788 -1152.65
e_aq^-1 -13.679 0.108596 -1154.91
e_aq^-1 -24.2194 8.90287 -1159.15
e_aq^-1 -28.8766 4.51296 -1148.36
e_aq^-1 -1.13937 12.1414 -1145.31
e_aq^-1 -10.8392 4.30926 -1156.66
e_aq^-1 -13.829 2.26865 -1154.28
e_aq^-1 -0.449942 0.939455 -1156.93
e_aq^-1 -12.3646 -18.78 -1142.35
e_aq^-1 -7.13652 -5.48375 -1140.07
e_aq^-1 -6.54829 14.3274 -1142.37
e_aq^-1 -16.605 -4.99845 -1127.54
e_aq^-1 -16.8667 18.3952 -1121.43
e_aq^-1 -15.1296 -2.10142 -1134.14
e_aq^-1 -39.0058 3.84546 -1139.03
e_aq^-1 0.494662 12.1157 -1110.35
e_aq^-1 -6.86105 2.96196 -1123.65
e_aq^-1 -7.29623 -11.3087 -1117.16
e_aq^-1 -15.4537 2.88635 -1119.38
e_aq^-1 -5.19256 0.898969 -1124.94
e_aq^-1 -11.7516 -9.11694 -1119.98
e_aq^-1 -13.7612 18.2567 -1106.8
e_aq^-1 -10.2802 -4.0599 -1116.8
e_aq^-1 -15.1667 16.6586 -1089.3
e_aq^-1 -4.44364 -7.0103 -1112.36
e_aq^-1 -9.33052 3.08055 -1111.21
e_aq^-1 -3.81553 -2.9596 -1085.53
e_aq^-1 -20.4614 -0.173486 -1097.02
e_aq^-1 -14.9485 -7.28895 -1090.08
e_aq^-1 -20.4008 6.53192 -1070.92
e_aq^-1 -29.4607 4.34283 -1098.02
e_aq^-1 6.05297 20.6688 -1089.1
e_aq^-1 -21.033 38.2997 -1089.35
e_aq^-1 -9.49643 8.24873 -1106.3
e_aq^-1 -15.6444 17.2217 -1084.82
e_aq^-1 0.599699 7.52201 -1080.79
e_aq^-1 -27.3147 -2.09214 -1099.15
e_aq^-1 -15.0592 1.30818 -1085.39
e_aq^-1 -29.5849 13.3459 -1089.51
e_aq^-1 -50.2633 -24.7504 -1072.17
e_aq^-1 -7.24827 -10.7282 -1084.79
e_aq^-1 -13.4306 11.6104 -1078.49
e_aq^-1 -8.54088 4.55613 -1083.19
e_aq^-1 -17.4689 11.6482 -1079.62
e_aq^-1 -15.6998 -0.613349 -1084.69
e_aq^-1 -7.38393 -2.26345 -1067.99
e_aq^-1 -6.5006 -4.95812 -1053.97
e_aq^-1 -23.7498 -1.18091 -1060.41
e_aq^-1 -10.1664 -23.5693 -1077.06
e_aq^-1 -22.7116 9.42918 -1066.03
e_aq^-1 -25.0923 5.77151 -1072.9
e_aq^-1 -18.3172 -3.74878 -1045.76
e_aq^-1 0.462953 4.00041 -1063.27
e_aq^-1 -18.1312 -7.412 -1076.95
e_aq^-1 -19.1528 -6.28161 -1076.88
e_aq^-1 -36.9846 -31.4639 -1059.77
e_aq^-1 -10.2933 -5.03891 -1049.32
e_aq^-1 -25.0293 -0.832138 -1054.57
e_aq^-1 -20.8182 2.15806 -1070.42
e_aq^-1 5.2764 6.76199 -1047.38
e_aq^-1 -10.1838 -2.23327 -1050.76
e_aq^-1 -19.3098 -17.5729 -1044.83
e_aq^-1 -13.0937 10.6599 -1051.88
e_aq^-1 -11.4552 -3.95093 -1039.4
e_aq^-1 -0.817012 -15.9538 -1032.56
e_aq^-1 -14.958 4.75335 -1044.64
e_aq^-1 -28.2191 -10.3053 -1032.33
e_aq^-1 -7.13932 -9.1457 -1056.69
e_aq^-1 -28.0938 6.16659 -1045.24
e_aq^-1 -24.071 -6.13997 -1048.09
e_aq^-1 -5.86328 -4.23839 -1049.18
e_aq^-1 -9.55393 -3.34716 -1041.11
e_aq^-1 -14.1125 5.3315 -1049.8
e_aq^-1 -9.61139 1.46165 -1038.47
e_aq^-1 -3.60363 4.94457 -1042.65
e_aq^-1 -9.89624 7.22559 -1037.2
e_aq^-1 -9.66271 9.29413 -1018.99
e_aq^-1 -14.5726 8.03664 -1045.56
e_aq^-1 -16.3759 -7.15328 -1036.77
e_aq^-1 -13.2864 4.09512 -1032.47
e_aq^-1 -9.31402 -9.04192 -1029.43
e_aq^-1 -29.4101 -3.27242 -1026.14
e_aq^-1 -1.75108 -35.8491 -1024.6
e_aq^-1 6.82259 5.09253 -1034.74
e_aq^-1 -9.33166 5.21099 -1030.08
e_aq^-1 -21.2602 -7.5357 -1027.68
e_aq^-1 4.06086 20.4875 -1014.44
e_aq^-1 -48.2574 14.6591 -1014.95
e_aq^-1 -24.6495 -2.21654 -1013.33
e_aq^-1 -11.1707 5.50946 -1009.63
e_aq^-1 1.4515 3.94797 -999.718
e_aq^-1 -0.101339 -19.7872 -1023.23
e_aq^-1 -18.2388 1.86423 -1008.82
e_aq^-1 -23.6296 16.6747 -997.237
e_aq^-1 -21.9499 -9.94985 -1003.89
e_aq^-1 -31.2273 2.44086 -1005.7
e_aq^-1 -27.5155 25.181 -1004.97
e_aq^-1 3.54927 11.2629 -999.316
e_aq^-1 -10.6696 -15.1618 -995.499
e_aq^-1 -12.4216 3.62147 -988.618
e_aq^-1 -26.0143 6.03704 -977.542
e_aq^-1 -16.7295 -5.88812 -1003.62
e_aq^-1 -10.572 -8.39753 -1002.48
e_aq^-1 -20.9033 9.93244 -994.917
e_aq^-1 -13.5451 -8.99192 -990.137
e_aq^-1 -22.0805 1.57246 -993.125
e_aq^-1 -17.2923 2.51526 -995.607
e_aq^-1 -15.0092 1.22487 -995.387
e_aq^-1 -23.7585 6.12977 -1005.82
e_aq^-1 -2.51582 5.14911 -977.954
e_aq^-1 -21.5515 -7.2495 -1001.67
e_aq^-1 -12.9792 -7.94399 -998.211
e_aq^-1 -8.85498 -2.37679 -978.383
e_aq^-1 -0.379201 -16.6508 -994.06
e_aq^-1 -24.9494 -21.6132 -978.453
e_aq^-1 -3.09352 -10.5797 -997.996
e_aq^-1 3.62269 -3.84985 -980.225
e_aq^-1 -17.4593 -13.1771 -977.155
e_aq^-1 -3.26509 8.52826 -970.164
e_aq^-1 -18.2464 -8.55691 -981.067
e_aq^-1 -17.2914 -5.00926 -983.259
e_aq^-1 -11.0514 -7.61019 -966.966
e_aq^-1 -14.1622 -20.0563 -961.164
e_aq^-1 -21.2714 -26.032 -970.057
e_aq^-1 -28.5233 -12.1235 -970.159
e_aq^-1 -8.78467 -21.3719 -964.068
e_aq^-1 0.682458 -8.03056 -974.787
e_aq^-1 -12.839 7.76286 -967.888
e_aq^-1 -13.9678 -6.19837 -969.951
e_aq^-1 -11.5017 5.63522 -968.826
e_aq^-1 -16.2464 -7.77815 -967.284
e_aq^-1 -2.65585 -16.0285 -947.745
e_aq^-1 -26.3147 -5.09338 -986.618
e_aq^-1 -9.98879 -7.79936 -964.621
e_aq^-1 -27.6454 -12.518 -955.379
e_aq^-1 -27.3815 -5.52185 -976.334
e_aq^-1 -15.4875 2.25338 -969.314
e_aq^-1 -19.6526 8.97223 -945.908
e_aq^-1 -7.95387 -1.77281 -962.972
e_aq^-1 -14.5777 1.94577 -954.686
e_aq^-1 -10.3959 -7.39424 -959.851
e_aq^-1 -19.0565 -21.072 -951.881
e_aq^-1 -9.81478 -12.0123 -958.004
e_aq^-1 -14.9749 10.9019 -952.59
e_aq^-1 -31.7893 -5.49132 -950.58
e_aq^-1 -20.2001 -7.682 -960.89
e_aq^-1 -6.75667 -10.0394 -946.163
e_aq^-1 -11.8987 -14.5507 -944.098
e_aq^-1 -8.85249 -9.66041 -941.406
e_aq^-1 -10.4248 -6.02089 -957.427
e_aq^-1 -29.3542 -6.18936 -936.207
e_aq^-1 -20.1722 7.86055 -943.004
e_aq^-1 -4.18395 -0.399451 -937.556
e_aq^-1 -8.89194 -0.446194 -937.283
e_aq^-1 -9.65741 0.13421 -935.36
e_aq^-1 -20.8257 -8.89698 -935.359
e_aq^-1 -11.7891 -1.35664 -937.3
e_aq^-1 -0.111628 -12.8437 -931.683
e_aq^-1 -33.0708 1.51339 -909.711
e_aq^-1 -12.5999 -8.21549 -929.583
e_aq^-1 -22.7909 -2.57617 -926.637
e_aq^-1 -20.7201 -7.65474 -912.027
e_aq^-1 -20.6985 -7.00316 -937.241
e_aq^-1 -15.7782 -17.535 -912.619
e_aq^-1 -5.60542 -2.94584 -917.121
e_aq^-1 -16.9484 -9.86472 -917.994
e_aq^-1 -11.1928 -5.53754 -920.49
e_aq^-1 -21.6307 -5.58701 -922.44
e_aq^-1 -39.6592 6.01312 -906.873
e_aq^-1 -4.51837 -14.2501 -922.878
e_aq^-1 9.79065 7.29145 -921.264
e_aq^-1 -28.3197 -12.7905 -906.213
e_aq^-1 -24.665 13.1481 -911.325
e_aq^-1 -4.32895 -33.8862 -916.837
e_aq^-1 -2.92802 7.73005 -926.879
e_aq^-1 -30.7627 -24.2577 -912.679
e_aq^-1 -14.0166 -12.0354 -908.128
e_aq^-1 -21.3905 -11.3897 -910.889
e_aq^-1 -10.1006 -17.5317 -899.307
e_aq^-1 -17.4306 -3.70267 -907.561
e_aq^-1 -17.9906 -8.68414 -908.277
e_aq^-1 -29.3314 -15.057 -895.55
e_aq^-1 -16.5372 -4.35712 -908.803
e_aq^-1 -26.0757 0.617681 -891.283
e_aq^-1 -0.926087 -11.0473 -901.596
e_aq^-1 -10.8689 -6.28379 -913.777
e_aq^-1 -18.1026 -20.1074 -896.836
e_aq^-1 -4.83092 -8.89221 -896.081
e_aq^-1 -23.8984 -14.6168 -896.831
e_aq^-1 -8.8597 -15.2079 -905.779
e_aq^-1 -23.1448 -23.6077 -905.061
e_aq^-1 7.77856 -9.45536 -898.373
e_aq^-1 -14.9955 1.89333 -876.111
e_aq^-1 -16.2807 -4.41049 -886.153
e_aq^-1 -25.1064 1.85596 -902.383
e_aq^-1 1.79341 -17.9479 -912.56
e_aq^-1 -15.757 -17.4724 -885.524
e_aq^-1 -11.6261 -16.1642 -886.769
e_aq^-1 -29.3206 -25.9614 -880.495
e_aq^-1 -17.2383 -3.9069 -889.324
e_aq^-1 -3.82175 -20.7722 -894.484
e_aq^-1 -13.1339 -5.80186 -875.748
e_aq^-1 -6.23231 -10.2558 -872.613
e_aq^-1 -22.609 0.101347 -866.895
e_aq^-1 0.109449 3.84234 -871.076
e_aq^-1 -24.1325 -12.188 -856.394
e_aq^-1 -16.4984 -3.74905 -876.878
e_aq^-1 -14.8208 -13.5796 -863.657
e_aq^-1 -18.8765 -9.15995 -868.009
e_aq^-1 -15.7851 -17.9007 -857.001
e_aq^-1 -27.9928 -12.1282 -850.139
e_aq^-1 -5.18485 -20.05 -894.222
e_aq^-1 -12.8186 -11.8756 -854.506
e_aq^-1 -36.0047 -33.9825 -876.895
e_aq^-1 -13.4991 -14.9025 -865.616
e_aq^-1 -15.1995 -20.4256 -859.721
e_aq^-1 -27.8077 -37.3018 -847.308
e_aq^-1 -5.73641 -7.51485 -845.203
e_aq^-1 -21.4525 -0.293287 -865.759
e_aq^-1 -8.26279 -10.4297 -848.371
e_aq^-1 -38.623 -16.2525 -863.929
e_aq^-1 -11.865 0.628779 -863.642
e_aq^-1 -35.0292 -10.8785 -850.205
e_aq^-1 -35.6074 2.30322 -843.556
e_aq^-1 -19.4808 12.7899 -852.079
e_aq^-1 -12.5099 24.4507 -854.298
e_aq^-1 -13.3769 1.13725 -832.234
e_aq^-1 -24.9781 0.29856 -833.101
e_aq^-1 -26.9252 10.6693 -839.501
e_aq^-1 -23.1966 -7.9326 -831.174
e_aq^-1 -11.2466 0.259872 -833.072
e_aq^-1 -11.8864 13.2402 -837.392
e_aq^-1 -20.7785 -2.20802 -839.989
e_aq^-1 -23.3441 -13.6 -856.826
e_aq^-1 -24.9866 -11.5846 -838.273
e_aq^-1 -41.1657 -14.2865 -829.081
e_aq^-1 -27.0031 -3.4848 -849.027
e_aq^-1 -44.6163 4.88688 -830.759
e_aq^-1 -26.6678 27.7918 -835.181
e_aq^-1 -38.6641 -3.20783 -819.68
e_aq^-1 -33.735 0.958403 -836.366
e_aq^-1 -25.0834 -0.0883128 -818.385
e_aq^-1 -45.0092 12.6322 -825.988
e_aq^-1 -11.2167 3.20736 -814.875
e_aq^-1 -34.6949 2.25678 -798.446
e_aq^-1 -25.8354 -5.27179 -811.987
e_aq^-1 -30.9192 -1.61899 -813.775
e_aq^-1 -40.3342 -4.3694 -808.338
e_aq^-1 -40.9118 -5.82062 -806.997
e_aq^-1 -27.6695 -0.246515 -817.604
e_aq^-1 -20.3654 -8.38133 -810.114
e_aq^-1 -35.1295 9.82554 -806.883
e_aq^-1 -26.8358 12.9188 -815.853
e_aq^-1 -33.9191 -26.4557 -804.157
e_aq^-1 -44.3646 11.5091 -818.373
e_aq^-1 -41.5448 -10.4196 -795.522
e_aq^-1 -43.2207 -1.38 -805.022
e_aq^-1 -19.7496 5.52904 -795.316
e_aq^-1 -27.3606 14.1768 -805.098
e_aq^-1 -31.8742 -4.85195 -805.919
e_aq^-1 -46.1009 -3.08504 -797.581
e_aq^-1 -73.669 5.30199 -792.781
e_aq^-1 -36.535 17.5917 -786.668
e_aq^-1 -40.2431 7.21261 -799.686
e_aq^-1 -42.4811 0.881911 -795.152
e_aq^-1 -40.436 6.77584 -797.012
e_aq^-1 -50.1093 -9.33649 -798.434
e_aq^-1 -48.0768 9.66827 -813.205
e_aq^-1 -57.7317 11.7365 -797.728
e_aq^-1 -45.7236 2.09963 -781.834
e_aq^-1 -55.3673 7.65785 -789.265
e_aq^-1 -45.3779 9.53309 -801.75
e_aq^-1 -64.8465 9.91615 -800.549
e_aq^-1 -56.3635 7.7027 -796.731
e_aq^-1 -53.6926 18.5094 -782.946
e_aq^-1 -27.5422 17.7904 -799.246
e_aq^-1 -50.7483 15.2248 -802.449
e_aq^-1 -25.6767 -3.28548 -786.843
e_aq^-1 -49.5893 27.7824 -773.377
e_aq^-1 -36.0646 1.26311 -785.356
e_aq^-1 -64.9675 15.6126 -793.589
e_aq^-1 -32.4511 -2.69319 -806.707
e_aq^-1 -45.1873 0.115248 -795.63
e_aq^-1 -54.8214 7.65297 -794.649
e_aq^-1 -62.7908 25.1563 -776.92
e_aq^-1 -40.827 7.25022 -770.773
e_aq^-1 -50.0819 12.2627 -778.7
e_aq^-1 -46.5611 10.0969 -778.676
e_aq^-1 -53.2959 9.80977 -781.46
e_aq^-1 -40.9997 25.1361 -770.535
e_aq^-1 -52.706 4.81537 -783.786
e_aq^-1 -70.3139 4.56472 -760.801
e_aq^-1 -52.5556 3.40695 -772.785
e_aq^-1 -67.42 4.75674 -769.903
e_aq^-1 -51.7258 6.45025 -774.22
e_aq^-1 -58.7384 -5.10261 -787.622
e_aq^-1 -44.1444 15.1558 -778.207
e_aq^-1 -66.1401 8.84346 -763.255
e_aq^-1 -60.8196 13.0893 -770.735
e_aq^-1 -53.5089 48.4864 -754.151
e_aq^-1 -67.6933 10.8155 -767.094
e_aq^-1 -91.0664 -11.1053 -768.857
e_aq^-1 -61.9475 -4.37023 -762.56
e_aq^-1 -61.0646 19.1557 -773.28
e_aq^-1 -50.1284 3.30574 -780.391
e_aq^-1 -64.287 -2.13018 -769.744
e_aq^-1 -72.0655 14.3098 -765.991
e_aq^-1 -66.8473 12.0438 -760.714
e_aq^-1 -65.1259 15.8343 -765.15
e_aq^-1 -60.4551 30.5281 -762.902
e_aq^-1 -71.8843 7.35123 -770.172
e_aq^-1 -72.9528 13.6905 -764.281
e_aq^-1 -63.1562 12.4414 -756.699
e_aq^-1 -32.9569 14.1541 -750.799
e_aq^-1 -78.9105 11.7948 -760.716
e_aq^-1 -50.0974 20.8388 -737.675
e_aq^-1 -56.8018 11.1539 -740.819
e_aq^-1 -55.7626 16.4076 -747.812
e_aq^-1 -66.6942 11.2181 -749.624
e_aq^-1 -61.3604 13.0934 -748.612
e_aq^-1 -67.7669 15.1495 -744.688
e_aq^-1 -60.7592 23.3109 -762.831
e_aq^-1 -57.3707 27.3535 -747.287
e_aq^-1 -56.1557 18.1672 -742.895
e_aq^-1 -53.1553 29.0994 -736.791
e_aq^-1 -87.9816 30.433 -766.182
e_aq^-1 -67.8511 26.9112 -736.18
e_aq^-1 -71.4725 22.1768 -746.934
e_aq^-1 -69.3125 18.6927 -747.298
e_aq^-1 -88.7352 7.05178 -735.274
e_aq^-1 -68.8643 16.8147 -739.094
e_aq^-1 -57.6837 38.7397 -750.415
e_aq^-1 -67.7361 29.3203 -735.339
e_aq^-1 -77.1841 53.731 -727.185
e_aq^-1 -80.692 24.1608 -750.305
e_aq^-1 -78.4871 24.1946 -734.201
e_aq^-1 -83.6645 23.832 -729.024
e_aq^-1 -67.1709 35.1675 -714.725
e_aq^-1 -88.8596 24.3621 -708.505
e_aq^-1 -73.7205 22.5279 -731.34
e_aq^-1 -76.1362 17.0504 -730.828
e_aq^-1 -59.8953 24.6769 -724.387
e_aq^-1 -77.4269 28.9162 -744.932
e_aq^-1 -57.2603 38.1487 -732.79
e_aq^-1 -75.8238 15.5894 -723.182
e_aq^-1 -75.2062 39.4096 -716.499
e_aq^-1 -89.2244 34.6859 -714.85
e_aq^-1 -78.4156 23.316 -721.075
e_aq^-1 -76.5114 26.1239 -734.519
e_aq^-1 -84.4017 32.9775 -746.291
e_aq^-1 -68.6154 37.3143 -701.855
e_aq^-1 -89.8765 24.33 -713.26
e_aq^-1 -75.3967 41.1386 -722.935
e_aq^-1 -70.7626 42.2577 -731.437
e_aq^-1 -82.9411 25.9421 -721.967
e_aq^-1 -123.037 25.6072 -690.344
e_aq^-1 -66.0182 47.7816 -702.078
e_aq^-1 -57.0692 33.056 -726.842
e_aq^-1 -67.8934 35.3335 -722.369
e_aq^-1 -68.223 23.9263 -722.523
e_aq^-1 -82.5466 45.3503 -718.437
e_aq^-1 -82.2128 16.0162 -714.006
e_aq^-1 -64.5417 57.4045 -736.041
e_aq^-1 -103.318 29.2294 -723.424
e_aq^-1 -92.2449 37.9987 -713.86
e_aq^-1 -108.912 40.9578 -700.987
e_aq^-1 -88.0378 26.6447 -726.649
e_aq^-1 -87.1507 28.9775 -711.981
e_aq^-1 -92.2172 44.1018 -735.83
e_aq^-1 -85.6876 27.4613 -706.01
e_aq^-1 -87.4623 32.1641 -716.008
e_aq^-1 -85.9657 26.1373 -702.588
e_aq^-1 -85.5175 36.548 -711.9
e_aq^-1 -87.5793 48.5251 -716.805
e_aq^-1 -70.911 26.7312 -702.467
e_aq^-1 -86.4727 23.7439 -702.033
e_aq^-1 -91.9763 39.0655 -705.41
e_aq^-1 -101.376 40.0737 -718.527
e_aq^-1 -88.1272 49.8554 -706.475
e_aq^-1 -81.2179 50.0306 -696.012
e_aq^-1 -73.0202 45.8332 -688
e_aq^-1 -87.17 31.0109 -704.079
e_aq^-1 -85.9281 35.6062 -704.091
e_aq^-1 -100.431 39.4074 -704.562
e_aq^-1 -87.7311 42.1214 -695.069
e_aq^-1 -86.1527 49.2476 -707.665
e_aq^-1 -85.6096 53.1389 -707.322
e_aq^-1 -93.9561 31.0003 -708.124
e_aq^-1 -77.0937 46.5768 -687.908
e_aq^-1 -106.44 46.2468 -684.051
e_aq^-1 -101.549 39.089 -683.433
e_aq^-1 -90.0367 36.0568 -694.215
e_aq^-1 -100.753 32.3272 -698.078
e_aq^-1 -97.3751 41.5396 -698.597
e_aq^-1 -109.177 27.8248 -704.694
e_aq^-1 -105.383 45.6831 -686.706
e_aq^-1 -103.609 38.424 -691.399
e_aq^-1 -99.7799 56.0376 -683.684
e_aq^-1 -97.0465 39.5358 -687.221
e_aq^-1 -105.236 46.2562 -688.222
e_aq^-1 -112.492 44.6123 -677.944
e_aq^-1 -112.285 30.7289 -686.073
e_aq^-1 -99.2858 51.0529 -686.425
e_aq^-1 -113.192 41.1378 -680.015
e_aq^-1 -105.503 51.0543 -673.365
e_aq^-1 -87.6814 42.4881 -698.319
e_aq^-1 -102.02 52.9451 -660.744
e_aq^-1 -94.2578 47.8084 -673.157
e_aq^-1 -95.2681 49.0253 -664.544
e_aq^-1 -118.026 17.782 -687.261
e_aq^-1 -85.4038 61.3667 -677.894
e_aq^-1 -103.245 33.9301 -652.401
e_aq^-1 -112.229 37.2183 -667.665
e_aq^-1 -118.44 42.1103 -673.612
e_aq^-1 -107.034 56.3401 -654.704
e_aq^-1 -100.718 58.2114 -682.116
e_aq^-1 -102.718 47.2311 -663.125
e_aq^-1 -114.534 56.054 -671.605
e_aq^-1 -128.473 50.2449 -655.745
e_aq^-1 -116.397 53.7599 -665.325
e_aq^-1 -125.438 48.2642 -661.139
e_aq^-1 -110.675 36.6677 -666.174
e_aq^-1 -135.089 60.1204 -671.597
e_aq^-1 -112.036 61.7841 -648.553
e_aq^-1 -123.537 49.2085 -655.415
e_aq^-1 -115.992 48.1058 -639.492
e_aq^-1 -115.916 51.3656 -647.308
e_aq^-1 -103.601 52.8048 -640.657
e_aq^-1 -100.83 44.4278 -641.814
e_aq^-1 -119.343 63.1683 -652.066
e_aq^-1 -121.629 58.8836 -644.646
e_aq^-1 -123.847 61.8362 -644.413
e_aq^-1 -124.095 51.5862 -643.63
e_aq^-1 -129.879 67.8047 -632.338
e_aq^-1 -122.595 55.3964 -643.621
e_aq^-1 -131.666 62.4782 -639.269
e_aq^-1 -117.752 55.9345 -638.468
e_aq^-1 -135.453 55.5881 -637.638
e_aq^-1 -133.17 58.9625 -642.212
e_aq^-1 -134.999 52.5487 -630.683
e_aq^-1 -132.729 56.9377 -631.767
e_aq^-1 -137.149 64.0607 -637.465
e_aq^-1 -123.609 59.2863 -632.079
e_aq^-1 -138.682 70.8162 -641.149
e_aq^-1 -123.492 60.1426 -636.507
e_aq^-1 -133.469 56.1574 -631.267
e_aq^-1 -135.772 59.3214 -630.574
e_aq^-1 -133.366 65.4761 -626.774
e_aq^-1 -133.093 66.7401 -629.246
e_aq^-1 -134.823 64.6027 -631.933
e_aq^-1 -132.343 62.3511 -628.281
e_aq^-1 -131.707 63.5947 -628.367
e_aq^-1 -127.537 59.0623 -633.455
e_aq^-1 -127.791 62.6647 -626.709
e_aq^-1 -140.878 53.4683 -625.587
e_aq^-1 -127.53 56.6612 -614.247
e_aq^-1 -144.071 70.9439 -617.049
e_aq^-1 -134.913 67.6849 -619.506
e_aq^-1 -143.257 64.4531 -628.867
e_aq^-1 -146.572 81.4737 -615.52
e_aq^-1 -145.57 64.0221 -624.632
e_aq^-1 -141.541 65.9007 -627.683
e_aq^-1 -143.348 69.5066 -633.432
e_aq^-1 -136.075 68.5112 -618.582
e_aq^-1 -149.147 44.4969 -626.437
e_aq^-1 -176.68 57.0689 -634.498
e_aq^-1 -145.359 68.5817 -606.144
e_aq^-1 -147.012 65.2885 -613.556
e_aq^-1 -147.321 76.1522 -612.605
e_aq^-1 -149.305 71.6731 -612.42
e_aq^-1 -148.238 72.0306 -615.278
e_aq^-1 -156.084 57.6681 -616.112
e_aq^-1 -146.79 68.8097 -610.363
e_aq^-1 -144.268 74.6432 -621.076
e_aq^-1 -150.173 64.6881 -610.704
e_aq^-1 -155.867 64.1321 -607.862
e_aq^-1 -153.586 70.2567 -611.02
e_aq^-1 -141.925 89.0712 -604.542
e_aq^-1 -132.278 74.3188 -607.477
e_aq^-1 -151.3 59.0298 -601.985
e_aq^-1 -151.007 76.595 -610.382
e_aq^-1 -153.496 77.9879 -596.396
e_aq^-1 -163.399 74.8211 -603.763
e_aq^-1 -158.896 69.8268 -599.266
e_aq^-1 -154.238 79.424 -595.848
e_aq^-1 -159.982 73.2888 -599.921
e_aq^-1 -157.748 73.5205 -599.47
e_aq^-1 -157.015 71.3672 -592.033
e_aq^-1 -162.998 72.9276 -594.799
e_aq^-1 -165.743 76.6102 -596.013
e_aq^-1 -156.801 77.2674 -586.285
e_aq^-1 -172.39 85.6541 -586.995
e_aq^-1 -160.201 83.646 -577.204
e_aq^-1 -166.461 84.4552 -580.357
e_aq^-1 -169.85 86.2681 -582.988
e_aq^-1 -178.281 90.7333 -579.263
e_aq^-1 -169.9 84.1456 -582.973
e_aq^-1 -169.702 89.165 -581.314
e_aq^-1 -191.901 102.366 -588.476
e_aq^-1 -169.368 87.4313 -572.043
e_aq^-1 -170.433 84.9419 -571.409
e_aq^-1 -176.685 94.5257 -565.095
e_aq^-1 -171.607 93.2845 -572.419
e_aq^-1 -180.254 85.2615 -568.351
e_aq^-1 -190.846 94.3457 -572.462
e_aq^-1 -176.259 88.9054 -564.422
e_aq^-1 -173.606 85.1097 -568.527
e_aq^-1 -174.241 94.0705 -580.929
e_aq^-1 -184.667 86.694 -561.564
e_aq^-1 -169.593 87.0272 -566.366
e_aq^-1 -180.36 89.4142 -560.015
e_aq^-1 -189.192 94.7234 -559.894
e_aq^-1 -192.797 93.3048 -558.387
e_aq^-1 -178.036 120.232 -542.093
e_aq^-1 -201.558 85.8112 -551.56
e_aq^-1 -196.577 113.556 -558.164
e_aq^-1 -191.23 92.7746 -545.441
e_aq^-1 -192.018 104.813 -536.387
e_aq^-1 -189.097 81.9451 -550.272
e_aq^-1 -181.796 93.374 -559.073
e_aq^-1 -206.804 83.2576 -523.746
e_aq^-1 -198.825 75.1485 -541.671
e_aq^-1 -205.556 131.216 -545.878
e_aq^-1 -207.091 121.705 -514.976
e_aq^-1 -194.093 98.7468 -531.557
e_aq^-1 -180.444 94.3699 -536.029
e_aq^-1 -211.804 89.0458 -535.084
e_aq^-1 -175.668 97.8679 -543.749
e_aq^-1 -191.04 74.746 -533.514
e_aq^-1 -201.814 139.289 -538.246
e_aq^-1 -210.36 105.109 -535.311
e_aq^-1 -202.31 119.724 -529.76
e_aq^-1 -222.331 116.896 -519.89
e_aq^-1 -224.844 110.239 -549.728
e_aq^-1 -212.855 109.969 -535.032
e_aq^-1 -205.475 108.172 -525.661
e_aq^-1 -233.406 132.994 -520.639
e_aq^-1 -193.2 84.0582 -538.292
e_aq^-1 -230.375 91.3948 -522.451
e_aq^-1 -195.715 126.579 -514.956
e_aq^-1 -223.344 120.406 -512.855
e_aq^-1 -218.405 96.2454 -537.62
e_aq^-1 -219.819 103.014 -522.699
e_aq^-1 -208.066 86.1899 -521.502
e_aq^-1 -197.578 111.228 -547.483
e_aq^-1 -223.172 110.448 -518.156
e_aq^-1 -228.293 140.831 -528.894
e_aq^-1 -236.472 89.4191 -501.95
e_aq^-1 -223.537 106.272 -532.944
e_aq^-1 -223.635 115.002 -523.59
e_aq^-1 -226.969 113.323 -524.638
e_aq^-1 -241.843 114.935 -502.819
e_aq^-1 -202.908 122.501 -509.887
e_aq^-1 -233.325 96.1918 -505.3
e_aq^-1 -228.224 125.342 -503.269
e_aq^-1 -226.626 100.362 -511.433
e_aq^-1 -217.33 117.913 -531.897
e_aq^-1 -226.592 109.558 -505.907
e_aq^-1 -241.291 113.193 -516.322
e_aq^-1 -219.026 111.335 -494.019
e_aq^-1 -215.835 112.186 -491.461
e_aq^-1 -226.587 125.898 -518.584
e_aq^-1 -213.158 113.947 -499.829
e_aq^-1 -235.881 116.449 -513.237
e_aq^-1 -212.611 108.618 -504.476
e_aq^-1 -236.525 137.021 -488.114
e_aq^-1 -262.118 114.594 -506.139
e_aq^-1 -247.146 118.788 -490.87
e_aq^-1 -222.547 130.818 -492.391
e_aq^-1 -239.486 125.181 -494.255
e_aq^-1 -239.862 128.836 -499.825
e_aq^-1 -232.765 133.92 -508.382
e_aq^-1 -240.989 132.574 -493.389
e_aq^-1 -231.504 140.188 -486.432
e_aq^-1 -231.132 128.271 -491.286
e_aq^-1 -227.481 100.813 -470.53
e_aq^-1 -238.031 119.845 -482.422
e_aq^-1 -238.367 139.988 -484.11
e_aq^-1 -236.296 129.006 -472.739
e_aq^-1 -235.679 126.668 -472.534
e_aq^-1 -240.484 121.633 -465.77
e_aq^-1 -222.474 131.058 -480.158
e_aq^-1 -247.264 136.902 -449.763
e_aq^-1 -252.956 128.829 -449.593
e_aq^-1 -241.101 160.776 -472.348
e_aq^-1 -260.951 133.656 -473.378
e_aq^-1 -254.431 130.058 -460.762
e_aq^-1 -260.891 135.379 -452.71
e_aq^-1 -248.892 126.804 -493.273
e_aq^-1 -229.749 161.782 -470.023
e_aq^-1 -260.171 138.656 -429.549
e_aq^-1 -231.705 120.819 -483.843
e_aq^-1 -267.685 131.712 -456.244
e_aq^-1 -238.381 134.845 -468.602
e_aq^-1 -264.709 141.165 -455.91
e_aq^-1 -258.945 132.246 -471.875
e_aq^-1 -245.931 139.52 -469.445
e_aq^-1 -250.508 141.523 -483.797
e_aq^-1 -251.531 153.668 -445.092
e_aq^-1 -262.817 128.297 -451.241
e_aq^-1 -254.272 147.846 -484.209
e_aq^-1 -260.636 138.445 -451.92
e_aq^-1 -270.111 130.663 -425.981
e_aq^-1 -258.661 133.69 -466.495
e_aq^-1 -289.531 139.006 -446.51
e_aq^-1 -268.014 133.828 -476.024
e_aq^-1 -260.4 153.33 -434.648
e_aq^-1 -272.646 143.59 -444.152
e_aq^-1 -261.045 134.813 -447.737
e_aq^-1 -250.047 144.51 -443.43
e_aq^-1 -257.794 165.773 -441.162
e_aq^-1 -263.599 115.61 -453.703
e_aq^-1 -262.023 132.423 -409.758
e_aq^-1 -285.719 162.43 -456.639
e_aq^-1 -256.968 158.919 -436.616
e_aq^-1 -280.175 136.619 -445.571
e_aq^-1 -273.09 164.256 -423.658
e_aq^-1 -267.927 135.684 -448.814
e_aq^-1 -277.951 141.731 -461.263
e_aq^-1 -281.835 155.424 -461.038
e_aq^-1 -294.354 133.001 -424.695
e_aq^-1 -283.544 141.92 -415.567
e_aq^-1 -279.886 163.163 -412.224
e_aq^-1 -267.937 153.666 -433.065
e_aq^-1 -292.812 169.338 -427.982
e_aq^-1 -274.287 161.114 -437.887
e_aq^-1 -264.49 159.307 -421.26
e_aq^-1 -273.524 156.838 -428.334
e_aq^-1 -280.582 125.667 -428.242
e_aq^-1 -291.692 163.315 -426.236
e_aq^-1 -269.492 151.346 -433.366
e_aq^-1 -284.677 152.038 -442.663
e_aq^-1 -277.394 157.057 -418.759
e_aq^-1 -287.654 138.953 -413.154
e_aq^-1 -279.574 154.548 -424.861
e_aq^-1 -266.603 159.057 -418.232
e_aq^-1 -289.422 144.883 -428.479
e_aq^-1 -263.913 161.009 -404.763
e_aq^-1 -299.525 133.849 -401.126
e_aq^-1 -264.794 169.999 -422.158
e_aq^-1 -283.333 164.004 -425.528
e_aq^-1 -293.464 178.396 -403.139
e_aq^-1 -295.78 166.572 -393.008
e_aq^-1 -292.68 165.499 -419.417
e_aq^-1 -310.184 167.595 -411.833
e_aq^-1 -303.337 155.123 -401.856
e_aq^-1 -296.217 163.235 -425.565
e_aq^-1 -292.328 182.582 -402.251
e_aq^-1 -299.474 171.158 -396.298
e_aq^-1 -293.816 165.185 -415.179
e_aq^-1 -296.471 160.782 -399.84
e_aq^-1 -300.726 163.485 -415.953
e_aq^-1 -295.809 169.933 -411.244
e_aq^-1 -300.754 155.098 -420.059
e_aq^-1 -289.768 153.37 -423.077
e_aq^-1 -301.621 170.806 -391.162
e_aq^-1 -280.784 177.821 -383.615
e_aq^-1 -282.476 156.876 -379.128
e_aq^-1 -305.026 163.18 -389.322
e_aq^-1 -310.266 165.779 -386.123
e_aq^-1 -295.717 181.806 -391.164
e_aq^-1 -313.827 156.868 -387.083
e_aq^-1 -309.779 169.206 -385.762
e_aq^-1 -294.236 178.615 -380.695
e_aq^-1 -294.467 168.02 -403.254
e_aq^-1 -312.936 193.381 -382.087
e_aq^-1 -312.629 183.084 -395.498
e_aq^-1 -304.589 149.203 -392.858
e_aq^-1 -283.067 187.147 -397.378
e_aq^-1 -299.316 181.01 -400.247
e_aq^-1 -307.033 172.523 -409.173
e_aq^-1 -324.014 188.908 -381.65
e_aq^-1 -343.955 182.805 -385.322
e_aq^-1 -311.772 159.021 -376.631
e_aq^-1 -289.972 180.001 -386.801
e_aq^-1 -293.338 174.161 -390.292
e_aq^-1 -303.76 182.276 -377.811
e_aq^-1 -322.883 191.334 -381.037
e_aq^-1 -320.752 176.008 -369.446
e_aq^-1 -330.975 170.642 -362.116
e_aq^-1 -317.601 176.868 -372.945
e_aq^-1 -325.458 168.36 -372.412
e_aq^-1 -309.343 160.401 -364.945
e_aq^-1 -316.312 178.672 -364.591
e_aq^-1 -324.503 194.284 -370.829
e_aq^-1 -326.669 182.853 -378.146
e_aq^-1 -327.673 194.606 -373.33
e_aq^-1 -325.62 163.782 -376.193
e_aq^-1 -314.189 166.577 -362.681
e_aq^-1 -317.073 176.344 -372.631
e_aq^-1 -315.212 182.634 -375.191
e_aq^-1 -325.707 186.47 -363.096
e_aq^-1 -330.033 192.145 -378.926
e_aq^-1 -327.04 170.24 -384.195
e_aq^-1 -310.438 183.587 -374.901
e_aq^-1 -327.349 188.258 -351.877
e_aq^-1 -309.974 197.758 -355.315
e_aq^-1 -333.972 176.824 -378.016
e_aq^-1 -337.6 199.839 -378.202
e_aq^-1 -342.169 198.624 -379.955
e_aq^-1 -327.393 192.066 -367.461
e_aq^-1 -336.648 201.426 -368.395
e_aq^-1 -328.793 177.225 -351.102
e_aq^-1 -334.693 199.239 -368.104
e_aq^-1 -350.573 194.858 -366.765
e_aq^-1 -354.496 183.685 -341.056
e_aq^-1 -341.353 205.22 -337.51
e_aq^-1 -342.648 218.082 -352.003
e_aq^-1 -346.564 181.385 -359.978
e_aq^-1 -337.405 205.383 -340.701
e_aq^-1 -344.099 196.551 -365.478
e_aq^-1 -341.966 205.47 -355.912
e_aq^-1 -366.287 215.464 -365.839
e_aq^-1 -351.961 192.042 -361.944
e_aq^-1 -356.851 190.991 -362.53
e_aq^-1 -360.951 192.762 -363.737
e_aq^-1 -371.914 190.042 -355.03
e_aq^-1 -351.456 203.065 -340.559
e_aq^-1 -363.378 195.745 -360.016
e_aq^-1 -363.629 216.173 -358.85
e_aq^-1 -366.123 201.3 -343.995
e_aq^-1 -353.063 196.516 -336.581
e_aq^-1 -352.124 216.25 -349.107
e_aq^-1 -352.398 218.488 -344.771
e_aq^-1 -366.951 189.959 -348.099
e_aq^-1 -355.077 201.088 -343.744
e_aq^-1 -377.587 204.282 -346.235
e_aq^-1 -387.427 186.858 -350.879
e_aq^-1 -373.712 189.203 -353.984
e_aq^-1 -386.663 200.84 -339.156
e_aq^-1 -372.179 214.804 -343.299
e_aq^-1 -375.2 211.593 -350.339
e_aq^-1 -382.92 202.573 -342.243
e_aq^-1 -392.218 202.971 -350.297
e_aq^-1 -382.971 212.251 -360.4
e_aq^-1 -400.084 219.855 -373.39
e_aq^-1 -388.625 206.298 -357.458
e_aq^-1 -400.287 222.255 -367.114
e_aq^-1 -392.103 213.216 -345.522
e_aq^-1 -403.658 207.113 -358.604
e_aq^-1 -399.367 205.564 -352.46
e_aq^-1 -405.848 216.618 -355.672
e_aq^-1 -406.604 211.888 -345.218
e_aq^-1 -418.129 221.388 -349.97
e_aq^-1 -404.118 221.862 -357.083
e_aq^-1 -416.297 213.456 -363.699
e_aq^-1 -423.016 206.658 -362.76
e_aq^-1 -414.052 207.788 -360.036
e_aq^-1 -417.898 218.248 -357.659
e_aq^-1 -406.076 218.856 -369.953
e_aq^-1 -418.8 222.101 -358.58
e_aq^-1 -408.856 229.572 -359.099
e_aq^-1 -414.96 214.835 -364.543
e_aq^-1 -425.945 225.664 -361.068
e_aq^-1 -422.622 220.949 -378.776
e_aq^-1 -424.603 219.919 -365.361
e_aq^-1 -423.345 221.261 -374.883
e_aq^-1 -418.141 225.589 -360.307
e_aq^-1 -422.604 232.252 -372.208
e_aq^-1 -426.118 231.499 -374.743
e_aq^-1 -428.749 224.004 -369.084
e_aq^-1 -437.408 233.214 -369.543
e_aq^-1 -436.49 224.495 -374.711
e_aq^-1 -428.318 226.2 -379.414
e_aq^-1 -429.738 242.853 -376.151
e_aq^-1 -433.401 235.865 -376.081
e_aq^-1 -421.832 237.58 -391.082
e_aq^-1 -440.023 239.691 -382.643
e_aq^-1 -441.742 237.422 -392.997
e_aq^-1 -437.724 247.201 -395.112
e_aq^-1 -442.445 238.092 -400.171
e_aq^-1 -440.753 248.491 -400.521
e_aq^-1 -445.333 240.261 -406.287
e_aq^-1 -448.558 245.919 -400.926
e_aq^-1 -436.911 244.663 -400.309
e_aq^-1 -443.69 237.155 -399.182
e_aq^-1 -450.828 240.25 -408.06
e_aq^-1 -446.631 244.648 -414.299
e_aq^-1 -451.142 243.705 -420.432
e_aq^-1 -456.548 245.498 -420.259
e_aq^-1 -461.97 244.757 -426.911
e_aq^-1 -463.997 251.974 -421.534
e_aq^-1 -469.967 256.778 -428.081
e_aq^-1 -464.727 257.452 -428.558
e_aq^-1 -463.816 250.282 -433.383
e_aq^-1 -470.471 257.381 -439.498
e_aq^-1 -470.933 252.844 -438.544
e_aq^-1 -474.196 259.077 -438.038
e_aq^-1 -475.697 252.976 -436.944
e_aq^-1 -474.931 258.398 -447.579
e_aq^-1 -473.339 258.256 -442.809
e_aq^-1 -478.748 255.235 -447.262
e_aq^-1 -497.667 266.603 -462.451
e_aq^-1 -498.172 267.451 -462.121
e_aq^-1 -497.928 266.165 -460.555
e_aq^-1 -500.802 268.363 -468.073
e_aq^-1 -505.637 267.374 -470.008
e_aq^-1 -505.997 264.139 -471.642
e_aq^-1 -506.746 265.964 -477.042
e_aq^-1 -522.601 266.193 -484.157
e_aq^-1 -530.816 264.076 -495.829
e_aq^-1 -533.259 268.24 -499.495
e_aq^-1 -535.105 265.163 -504.523
e_aq^-1 -536.158 265.271 -509.795
e_aq^-1 -535.507 264.536 -510.798
e_aq^-1 -536.632 263.819 -510.281
e_aq^-1 -535.492 261.315 -515.923
e_aq^-1 -535.572 262.902 -526.389
e_aq^-1 -533.388 274.91 -518.072
e_aq^-1 -536.963 283.586 -518.838
e_aq^-1 -539.372 284.653 -518.686
e_aq^-1 -559.854 311.328 -513.785
e_aq^-1 -561.971 313.59 -510.063
e_aq^-1 -551.307 327.927 -477.892
e_aq^-1 -562.435 316.097 -487.498
e_aq^-1 -563.067 311.314 -500.125
e_aq^-1 -563.193 314.884 -507.63
e_aq^-1 -560.763 313.41 -512.91
e_aq^-1 -558.462 314.541 -513.428
e_aq^-1 -556.015 309.167 -516.111
e_aq^-1 -553.6 303.665 -519.964
e_aq^-1 -553.218 302.875 -520.228
e_aq^-1 -549.226 297.129 -518.964
e_aq^-1 -548.139 297.306 -518.776
e_aq^-1 -548.209 292.5 -519.459
e_aq^-1 -544.575 294.446 -518.329
e_aq^-1 -545.66 291.869 -517.909
e_aq^-1 -544.309 288.407 -519.35
e_aq^-1 -538.176 281.411 -519.671
e_aq^-1 -534.236 273.478 -518.779
e_aq^-1 -533.557 268.919 -521.983
e_aq^-1 -547.562 256.736 -530.656
e_aq^-1 -536.536 260.466 -518.702
e_aq^-1 -536.198 259.471 -517.022
e_aq^-1 -537.445 263.872 -513.361
e_aq^-1 -536.234 263.304 -510.357
e_aq^-1 -535.196 265.6 -511.779
e_aq^-1 -539.167 262.994 -508.741
e_aq^-1 -533.682 266.56 -506.994
e_aq^-1 -533.254 265.207 -502.503
e_aq^-1 -516.259 262.875 -499.791
e_aq^-1 -522.34 279.747 -494.701
e_aq^-1 -523.947 276.832 -479.632
e_aq^-1 -525.895 265.562 -488.625
e_aq^-1 -524.077 267.294 -485.634
e_aq^-1 -523.566 267.124 -486.006
e_aq^-1 -517.326 275.995 -474.44
e_aq^-1 -516.925 265.281 -485.478
e_aq^-1 -516.965 267.386 -481.726
e_aq^-1 -520.791 268.471 -485.702
e_aq^-1 -507.168 271.744 -485.27
e_aq^-1 -510.904 267.203 -480.539
e_aq^-1 -510.829 273.489 -488.512
e_aq^-1 -514.987 268.054 -473.951
e_aq^-1 -504.743 267.083 -474.237
e_aq^-1 -501.444 267.574 -471.304
e_aq^-1 -504.692 262.621 -472.285
e_aq^-1 -506.646 266.17 -469.774
e_aq^-1 -506.234 265.236 -471.387
e_aq^-1 -511.769 262.251 -465.386
e_aq^-1 -497.317 263.014 -455.835
e_aq^-1 -491.087 262.946 -486.279
e_aq^-1 -490.568 274.429 -463.509
e_aq^-1 -487.33 278.759 -453.65
e_aq^-1 -487.857 267.439 -458.944
e_aq^-1 -498.93 268.036 -448.571
e_aq^-1 -481.663 266.649 -456.786
e_aq^-1 -487.358 265.527 -449.125
e_aq^-1 -490.282 266.071 -448.263
e_aq^-1 -479.581 256.77 -452.253
e_aq^-1 -476.354 235.26 -444.479
e_aq^-1 -486.338 267.589 -455.637
e_aq^-1 -475.997 262.068 -447.875
e_aq^-1 -474.396 254.566 -444.398
e_aq^-1 -485.765 260.589 -447.235
e_aq^-1 -476.835 258.102 -437.582
e_aq^-1 -472.158 257.83 -446.28
e_aq^-1 -489.775 244.784 -454.18
e_aq^-1 -487.477 248.628 -450.14
e_aq^-1 -465.803 260.074 -430.671
e_aq^-1 -471.612 258.175 -439.652
e_aq^-1 -474.987 257.651 -438.046
e_aq^-1 -479.565 257.508 -437.62
e_aq^-1 -473.136 259.028 -434.572
e_aq^-1 -470.99 250.156 -423.648
e_aq^-1 -465.623 247.81 -434.457
e_aq^-1 -464.479 254.503 -428.727
e_aq^-1 -463.665 254.449 -436.883
e_aq^-1 -465.687 243.547 -437.915
e_aq^-1 -461.426 251.621 -414.928
e_aq^-1 -465.132 247.703 -422.587
e_aq^-1 -450.576 264.074 -436.51
e_aq^-1 -458.196 244.911 -422.365
e_aq^-1 -442.464 261.148 -412.505
e_aq^-1 -448.693 256.938 -421.621
e_aq^-1 -452.801 250.174 -418.809
e_aq^-1 -452.532 233.235 -419.282
e_aq^-1 -450.321 245.475 -418.405
e_aq^-1 -450.06 239.812 -410.156
e_aq^-1 -451.651 243.781 -409.795
e_aq^-1 -448.081 241.769 -412.065
e_aq^-1 -453.309 254.182 -403.101
e_aq^-1 -440.663 261.37 -392.799
e_aq^-1 -440.388 243.448 -410.125
e_aq^-1 -448.313 240.16 -425.351
e_aq^-1 -443.518 246.036 -392.935
e_aq^-1 -451.13 250.542 -400.907
e_aq^-1 -441.667 241.374 -396.154
e_aq^-1 -433.361 248.555 -399.655
e_aq^-1 -440.855 241.007 -396.021
e_aq^-1 -444.348 239.718 -401.245
e_aq^-1 -426.783 249.056 -392.972
e_aq^-1 -452.064 233.808 -383.058
e_aq^-1 -421.288 233.841 -384.2
e_aq^-1 -442.773 221.956 -387.641
e_aq^-1 -428.329 236.002 -379.011
e_aq^-1 -440.5 247.75 -384.748
e_aq^-1 -425.782 237.344 -384.579
e_aq^-1 -463.698 228.401 -377.77
e_aq^-1 -427.521 247.277 -381.745
e_aq^-1 -428.057 225.229 -384.01
e_aq^-1 -438.416 224.984 -374.185
e_aq^-1 -434.893 236.068 -349.675
e_aq^-1 -420.088 227.57 -376.384
e_aq^-1 -429.118 210.175 -386.823
e_aq^-1 -432.134 213.549 -384.952
e_aq^-1 -429.682 222.085 -345.831
e_aq^-1 -446.627 215.702 -347.771
e_aq^-1 -425.351 226.057 -355.873
e_aq^-1 -407.028 233.823 -371.094
e_aq^-1 -437.657 234.142 -361.78
e_aq^-1 -415.266 214.751 -375.361
e_aq^-1 -417.212 222.607 -366.117
e_aq^-1 -416.909 234.759 -343.842
e_aq^-1 -419.014 204.038 -369.766
e_aq^-1 -410.173 203.923 -363.765
e_aq^-1 -417.065 209.358 -360.503
e_aq^-1 -420.067 219.173 -347.435
e_aq^-1 -425.503 225.126 -355.643
e_aq^-1 -414.839 217.029 -362.027
e_aq^-1 -421.208 233.446 -348.542
e_aq^-1 -414.674 219.792 -340.335
e_aq^-1 -412.779 216.602 -364.959
e_aq^-1 -427.935 220.943 -374.862
e_aq^-1 -416.224 218.567 -359.596
e_aq^-1 -414.83 214.226 -361.297
e_aq^-1 -407.233 206.633 -347.13
e_aq^-1 -415.261 205.311 -352.965
e_aq^-1 -405.598 215.802 -352.372
e_aq^-1 -388.095 219.852 -367.944
e_aq^-1 -390.616 208.23 -332.125
e_aq^-1 -378.248 220.529 -359.304
e_aq^-1 -395.839 206.219 -384.702
e_aq^-1 -392.607 199.852 -356.062
e_aq^-1 -378.184 208.264 -357.638
e_aq^-1 -385.166 209.886 -352.363
e_aq^-1 -386.544 213.056 -354.324
e_aq^-1 -384.308 194.931 -348.897
e_aq^-1 -385.797 224.24 -351.382
e_aq^-1 -397.265 205.866 -366.188
e_aq^-1 -391.43 208.072 -368.364
e_aq^-1 -384.251 199.593 -348.547
e_aq^-1 -379.252 203.779 -352.081
e_aq^-1 -385.315 207.563 -357.682
e_aq^-1 -394.013 229.308 -335.229
e_aq^-1 -369.934 216.486 -350.306
e_aq^-1 -388.331 207.112 -339.024
e_aq^-1 -379.511 206.565 -355.005
e_aq^-1 -380.537 201.065 -351.942
e_aq^-1 -388.512 221.252 -348.762
e_aq^-1 -407.907 197.667 -356.912
e_aq^-1 -370.752 212.103 -338.171
e_aq^-1 -371.954 200.675 -345.001
e_aq^-1 -369.646 197.511 -354.48
e_aq^-1 -358.293 204.072 -362.093
e_aq^-1 -366.971 199.274 -341.55
e_aq^-1 -354.058 191.498 -337.909
e_aq^-1 -348.384 192.308 -345.375
e_aq^-1 -358.945 196.588 -350.007
e_aq^-1 -362.228 194.732 -333.575
e_aq^-1 -352.84 201.96 -358.219
e_aq^-1 -341.923 198.849 -362.879
e_aq^-1 -356.415 189.487 -370.243
e_aq^-1 -324.996 217.926 -359.68
e_aq^-1 -328.047 205.782 -358.03
e_aq^-1 -353.467 182.73 -357.734
e_aq^-1 -335.768 195.745 -365.377
e_aq^-1 -333.664 196.197 -359.744
e_aq^-1 -312.523 179.359 -368.792
e_aq^-1 -328.511 196.219 -362.427
e_aq^-1 -328.403 206.049 -370.617
e_aq^-1 -337.652 196.351 -346.643
e_aq^-1 -329.59 202.79 -360.041
e_aq^-1 -328.018 189.11 -378.493
e_aq^-1 -339.665 166.674 -395.258
e_aq^-1 -338.356 176.607 -339.84
e_aq^-1 -317.278 174.997 -373.593
e_aq^-1 -330.121 202.112 -361.774
e_aq^-1 -310.036 199.907 -364.032
e_aq^-1 -330.24 183.461 -365.108
e_aq^-1 -339.036 175.557 -353.529
e_aq^-1 -317.187 181.347 -368.534
e_aq^-1 -326.08 187.183 -363.216
e_aq^-1 -320.483 191.335 -373.015
e_aq^-1 -333.963 171.004 -383.797
e_aq^-1 -324.986 169.217 -374.641
e_aq^-1 -317.388 179.35 -378.679
e_aq^-1 -318.859 183.948 -377.889
e_aq^-1 -318.083 177.955 -378.601
e_aq^-1 -323.312 183.586 -387.713
e_aq^-1 -311.01 179.865 -384.479
e_aq^-1 -322.332 181.051 -385.571
e_aq^-1 -312.706 177.797 -377.864
e_aq^-1 -309.1 169.121 -374.549
e_aq^-1 -311.266 191.991 -380.638
e_aq^-1 -309.079 215.62 -373.055
e_aq^-1 -316.756 159.037 -408.902
e_aq^-1 -314.29 171.738 -383.11
e_aq^-1 -322.817 158.953 -389.21
e_aq^-1 -311.78 175.442 -395.171
e_aq^-1 -309.84 172.35 -381.165
e_aq^-1 -314.973 168.892 -368.206
e_aq^-1 -290.441 178.332 -365.752
e_aq^-1 -313.569 178.039 -378
e_aq^-1 -303.925 163.39 -371.404
e_aq^-1 -311.346 172.319 -392.396
e_aq^-1 -305.588 165.241 -398.406
e_aq^-1 -303.377 152.378 -399.125
e_aq^-1 -317.768 180.884 -382.908
e_aq^-1 -289.342 181.029 -391.967
e_aq^-1 -297.034 171.315 -398.424
e_aq^-1 -299.653 164.697 -395.579
e_aq^-1 -297.858 175.631 -399.697
e_aq^-1 -291.525 172.433 -405.664
e_aq^-1 -320.776 158.847 -400.119
e_aq^-1 -291.711 160.137 -408.402
e_aq^-1 -290.35 187.514 -383.111
e_aq^-1 -296.766 177.483 -390.661
e_aq^-1 -309.403 163.591 -411.735
e_aq^-1 -289.686 176.381 -386.876
e_aq^-1 -297.852 169.446 -399.43
e_aq^-1 -291.486 162.32 -388.755
e_aq^-1 -307.625 144.407 -418.415
e_aq^-1 -291.915 163.991 -392.256
e_aq^-1 -287.005 176.315 -413.06
e_aq^-1 -293.637 159.468 -395.923
e_aq^-1 -308.294 164.2 -400.002
e_aq^-1 -300.668 177.861 -411.381
e_aq^-1 -282.441 169.458 -403.977
e_aq^-1 -274.405 182.307 -384.416
e_aq^-1 -293.713 172.411 -422.637
e_aq^-1 -275.311 161.736 -400.417
e_aq^-1 -286.215 167.709 -411.705
e_aq^-1 -291.061 161.057 -409.367
e_aq^-1 -291.134 159.036 -415.35
e_aq^-1 -288.906 183.237 -404.354
e_aq^-1 -284.603 167.127 -413.372
e_aq^-1 -277.318 152.273 -415.74
e_aq^-1 -285.934 162.535 -413.377
e_aq^-1 -299.879 164.007 -415.39
e_aq^-1 -293.883 154.758 -400.422
e_aq^-1 -290.901 161.386 -419.865
e_aq^-1 -283.784 169.766 -419.55
e_aq^-1 -265.212 150.14 -422.314
e_aq^-1 -285.425 148.571 -423.598
e_aq^-1 -278.578 150.409 -431.042
e_aq^-1 -291.041 161.03 -419.58
e_aq^-1 -281.578 173.145 -409.229
e_aq^-1 -284.853 156.795 -443.72
e_aq^-1 -274.48 164.575 -429.797
e_aq^-1 -279.139 158.956 -427.525
e_aq^-1 -282.234 162.398 -436.533
e_aq^-1 -287.728 153.198 -419.928
e_aq^-1 -275.084 151.404 -428.43
e_aq^-1 -269.561 139.965 -423.507
e_aq^-1 -280.514 159.935 -428.789
e_aq^-1 -274.354 144.898 -444.937
e_aq^-1 -270.533 151.676 -429.039
e_aq^-1 -277.655 156.818 -438.096
e_aq^-1 -271.991 160.567 -439.573
e_aq^-1 -273.089 149.799 -417.073
e_aq^-1 -261.293 157.126 -429.547
e_aq^-1 -303.353 149.944 -423.877
e_aq^-1 -286.429 180.538 -433.837
e_aq^-1 -278.263 150.572 -434.883
e_aq^-1 -269.917 154.821 -436.421
e_aq^-1 -274.626 137.562 -423.449
e_aq^-1 -280.939 153.773 -438.113
e_aq^-1 -293.56 159.707 -435.127
e_aq^-1 -269.784 151.885 -430.098
e_aq^-1 -271.599 151.613 -428.848
e_aq^-1 -275.213 139.507 -433.719
e_aq^-1 -271.257 145.943 -436.583
e_aq^-1 -271.667 159.536 -440.73
e_aq^-1 -239.884 152.216 -456.245
e_aq^-1 -271.863 136.358 -449.4
e_aq^-1 -281.786 156.612 -444.27
e_aq^-1 -267.947 140.65 -445.727
e_aq^-1 -280.687 148.865 -431.164
e_aq^-1 -267.065 142.965 -443.115
e_aq^-1 -263.754 115.99 -455.467
e_aq^-1 -253.036 154.421 -448.772
e_aq^-1 -262.825 167.464 -422.335
e_aq^-1 -266.475 148.022 -455.073
e_aq^-1 -259.296 142.333 -450.223
e_aq^-1 -260.427 151.477 -458.377
e_aq^-1 -261.765 158.701 -466.222
e_aq^-1 -277.016 156.403 -424.842
e_aq^-1 -266.846 145.384 -457.473
e_aq^-1 -251.773 153.51 -455.903
e_aq^-1 -259.412 140.965 -461.655
e_aq^-1 -255.266 153.374 -474.064
e_aq^-1 -255.191 143.622 -456.251
e_aq^-1 -271.119 151.878 -450.885
e_aq^-1 -267.284 137.222 -457.765
e_aq^-1 -271.314 137.021 -458.953
e_aq^-1 -262.541 120.511 -459.625
e_aq^-1 -226.806 122.967 -463.587
e_aq^-1 -251.896 137.661 -462.444
e_aq^-1 -243.023 133.862 -466.452
e_aq^-1 -218.057 126.115 -453.252
e_aq^-1 -251.408 141.793 -464.344
e_aq^-1 -253.069 135.507 -465.948
e_aq^-1 -250.912 145.301 -460.175
e_aq^-1 -254.165 138.955 -470.883
e_aq^-1 -248.115 137.725 -465.258
e_aq^-1 -216.513 152.946 -476.187
e_aq^-1 -222.937 127.728 -479.374
e_aq^-1 -260.94 140.519 -464.101
e_aq^-1 -249.858 124.356 -492.421
e_aq^-1 -250.772 135.435 -464.709
e_aq^-1 -250.385 137.589 -463.025
e_aq^-1 -250.825 139.54 -466.748
e_aq^-1 -259.701 124.267 -486.661
e_aq^-1 -240.451 137.597 -473.462
e_aq^-1 -252.247 117.588 -461.609
e_aq^-1 -258.081 154.687 -467.732
e_aq^-1 -258.303 136.926 -474.92
e_aq^-1 -254.73 107.641 -479.153
e_aq^-1 -250.949 125.857 -476.703
e_aq^-1 -234.782 136.33 -460.32
e_aq^-1 -240.523 122.625 -480.18
e_aq^-1 -271.252 133.906 -482.661
e_aq^-1 -247.811 141.711 -467.141
e_aq^-1 -254.182 130.618 -464.844
e_aq^-1 -247.388 133.164 -483.237
e_aq^-1 -243.965 133.195 -486.216
e_aq^-1 -239.631 128.782 -480.912
e_aq^-1 -238.927 135.922 -478.255
e_aq^-1 -239.764 110.042 -467.214
e_aq^-1 -244.068 126.909 -510.919
e_aq^-1 -235.075 114.25 -469.541
e_aq^-1 -233.632 130.274 -490.813
e_aq^-1 -245.049 125.319 -491.247
e_aq^-1 -229.605 129.604 -501.173
e_aq^-1 -251.419 125.985 -483.338
e_aq^-1 -238.684 115.457 -478.051
e_aq^-1 -244.053 131.385 -500.587
e_aq^-1 -232.114 110.513 -486.955
e_aq^-1 -252.488 127.92 -509.899
e_aq^-1 -211.013 122.321 -505.019
e_aq^-1 -237.83 127.358 -493.914
e_aq^-1 -245.756 124.051 -493.1
e_aq^-1 -235.623 128.545 -504.555
e_aq^-1 -222.516 113.089 -500.606
e_aq^-1 -238.462 111.247 -489.946
e_aq^-1 -241.748 114.966 -497.819
e_aq^-1 -208.858 127.479 -506.577
e_aq^-1 -245.805 101.159 -523.62
e_aq^-1 -235.138 133.585 -503.423
e_aq^-1 -238.688 128.754 -497.583
e_aq^-1 -243.497 142.652 -495.339
e_aq^-1 -235.574 118.923 -504.813
e_aq^-1 -215.278 120.905 -499.785
e_aq^-1 -237.947 140.393 -499.078
e_aq^-1 -231.764 118.635 -516.313
e_aq^-1 -238.757 113.409 -501.341
e_aq^-1 -220.209 124.983 -488.32
e_aq^-1 -222.438 119.842 -503.925
e_aq^-1 -231.503 134.816 -502.907
e_aq^-1 -210.096 115.369 -506.179
e_aq^-1 -235.531 110.514 -504.606
e_aq^-1 -240.081 124.61 -506.873
e_aq^-1 -230.829 111.538 -504.364
e_aq^-1 -226.017 126.455 -508.987
e_aq^-1 -228.995 123.159 -506.404
e_aq^-1 -219.736 125.345 -511.79
e_aq^-1 -255.903 90.1618 -513.161
e_aq^-1 -216.623 105.45 -507.378
e_aq^-1 -216.902 110.523 -508.21
e_aq^-1 -224.727 96.7652 -507.401
e_aq^-1 -224.918 102.766 -502.115
e_aq^-1 -237.789 115.91 -520.968
e_aq^-1 -205.125 119.199 -499.756
e_aq^-1 -222.363 121.127 -518.985
e_aq^-1 -225.318 112.345 -512.123
e_aq^-1 -223.412 108.102 -508.568
e_aq^-1 -227.875 113.806 -528.5
e_aq^-1 -202.24 101.466 -506.278
e_aq^-1 -243.256 122.077 -495.778
e_aq^-1 -219.012 129.714 -516.333
e_aq^-1 -230.728 137.35 -514.018
e_aq^-1 -193.941 99.1057 -518.848
e_aq^-1 -238.73 105.357 -519.117
e_aq^-1 -216.647 114.433 -512.113
e_aq^-1 -232.144 107.103 -529.187
e_aq^-1 -213.974 116.471 -531.453
e_aq^-1 -215.162 98.2424 -523.968
e_aq^-1 -221.946 97.0828 -514.998
e_aq^-1 -211.764 93.3705 -540.589
e_aq^-1 -194.997 117.475 -511.483
e_aq^-1 -213.602 114.583 -522.817
e_aq^-1 -218.567 117.04 -515.841
e_aq^-1 -218.225 121.55 -519.642
e_aq^-1 -222.925 98.3108 -526.922
e_aq^-1 -206.87 102.839 -502.032
e_aq^-1 -213.005 109.487 -541.64
e_aq^-1 -227.066 107.062 -523.069
e_aq^-1 -232.329 86.5916 -517.389
e_aq^-1 -219.309 105.952 -515.805
e_aq^-1 -221.322 95.9912 -507.419
e_aq^-1 -205.784 125.408 -521.978
e_aq^-1 -198.013 126.297 -522.99
e_aq^-1 -216.316 112.317 -526.122
e_aq^-1 -211.146 102.443 -526.294
e_aq^-1 -211.491 97.4561 -502.038
e_aq^-1 -215.231 105.413 -516.682
e_aq^-1 -234.794 108.094 -512.377
e_aq^-1 -231.277 114.268 -504.868
e_aq^-1 -213.583 93.96 -526.884
e_aq^-1 -175.108 124.622 -526.102
e_aq^-1 -203.531 114.252 -542.608
e_aq^-1 -202.1 114.777 -550.524
e_aq^-1 -210.945 105.543 -541.003
e_aq^-1 -206.188 105.842 -517.123
e_aq^-1 -223.796 107.267 -516.874
e_aq^-1 -211.259 96.3153 -523.323
e_aq^-1 -200.997 111.99 -528.976
e_aq^-1 -228.17 104.358 -542.977
e_aq^-1 -200.957 96.5726 -532.288
e_aq^-1 -211.096 105.638 -534.008
e_aq^-1 -203.748 105.832 -533.083
e_aq^-1 -199.557 113.529 -520.173
e_aq^-1 -205.533 105.489 -526.346
e_aq^-1 -191.026 83.2395 -525.446
e_aq^-1 -203.901 106.973 -533.891
e_aq^-1 -205.9 101.538 -529.076
e_aq^-1 -210.565 95.0841 -543.551
e_aq^-1 -203.273 103.642 -530.277
e_aq^-1 -201.927 109.231 -527.157
e_aq^-1 -215.668 98.5877 -524.438
e_aq^-1 -205.806 99.2874 -536.97
e_aq^-1 -197.844 95.1915 -534.923
e_aq^-1 -213.733 117.098 -534.253
e_aq^-1 -181.668 99.4255 -523.675
e_aq^-1 -205.055 111.52 -529.669
e_aq^-1 -193.566 92.4102 -519
e_aq^-1 -196.857 104.546 -534.082
e_aq^-1 -197.515 86.3128 -527.755
e_aq^-1 -197.932 106.674 -568.396
e_aq^-1 -192.965 106.444 -528.282
e_aq^-1 -214.108 107.667 -542.893
e_aq^-1 -207.741 113.395 -546.374
e_aq^-1 -192.611 83.3807 -536.4
e_aq^-1 -208.436 95.6986 -550.434
e_aq^-1 -206.253 93.0213 -540.321
e_aq^-1 -198.274 91.9132 -545.158
e_aq^-1 -194.386 95.7664 -551.482
e_aq^-1 -171.15 88.0605 -534.937
e_aq^-1 -196.902 96.96 -555.846
e_aq^-1 -180.544 106.906 -540.548
e_aq^-1 -194.363 90.9927 -555.206
e_aq^-1 -195.371 98.1945 -553.758
e_aq^-1 -191.351 98.6401 -555.939
e_aq^-1 -178.478 93.9298 -564.613
e_aq^-1 -177.719 80.9393 -539.74
e_aq^-1 -201.486 109.538 -553.755
e_aq^-1 -181.804 95.3744 -562.969
e_aq^-1 -182.463 91.0452 -555.542
e_aq^-1 -180.453 102.1 -553.774
e_aq^-1 -184.188 84.2371 -556.349
e_aq^-1 -188.772 92.1457 -557.436
e_aq^-1 -184.29 90.2687 -548.334
e_aq^-1 -184.706 103.871 -560.461
e_aq^-1 -187.962 96.2805 -559.839
e_aq^-1 -187.279 98.4386 -568.225
e_aq^-1 -175.944 89.7857 -556.653
e_aq^-1 -183.492 79.9829 -559.703
e_aq^-1 -176.807 86.8095 -556.424
e_aq^-1 -182.669 96.8859 -561.629
e_aq^-1 -186.759 71.461 -562.802
e_aq^-1 -188.452 95.2103 -561.75
e_aq^-1 -183.911 92.8221 -567.852
e_aq^-1 -188.144 88.3738 -561.353
e_aq^-1 -175.578 84.2745 -563.407
e_aq^-1 -183.247 92.2522 -564.595
e_aq^-1 -183.499 73.3654 -561.949
e_aq^-1 -168.459 95.1151 -562.145
e_aq^-1 -194.957 90.9044 -571.429
e_aq^-1 -176.455 82.2747 -547.984
e_aq^-1 -171.12 84.0526 -569.137
e_aq^-1 -184.918 87.685 -555.49
e_aq^-1 -198.991 93.425 -587.389
e_aq^-1 -176.068 92.1745 -575.781
e_aq^-1 -166.638 97.9941 -586.238
e_aq^-1 -171.791 80.606 -572.695
e_aq^-1 -194.513 79.7439 -554.744
e_aq^-1 -181.671 105.057 -572.733
e_aq^-1 -191.735 89.5973 -576.976
e_aq^-1 -178.873 67.8333 -553.375
e_aq^-1 -164.412 84.5668 -575.326
e_aq^-1 -163.435 90.1423 -555.754
e_aq^-1 -178.735 77.4882 -578.034
e_aq^-1 -178.788 76.8753 -569.061
e_aq^-1 -191.984 74.9048 -555.124
e_aq^-1 -169.703 99.9216 -570.712
e_aq^-1 -167.175 71.8526 -563.404
e_aq^-1 -175.014 72.2751 -587.733
e_aq^-1 -172.482 82.3293 -578.808
e_aq^-1 -163.896 89.2297 -586.317
e_aq^-1 -164.546 105.762 -592.971
e_aq^-1 -176.51 87.8778 -578.122
e_aq^-1 -169.265 82.1812 -573.194
e_aq^-1 -153.212 99.0259 -584.197
e_aq^-1 -177.338 102.022 -575.354
e_aq^-1 -185.936 72.6666 -552.872
e_aq^-1 -170.477 73.2472 -574.488
e_aq^-1 -146.276 76.2142 -592.695
e_aq^-1 -164.779 80.0613 -582.417
e_aq^-1 -174.08 72.6865 -580.093
e_aq^-1 -190.025 97.1034 -590.751
e_aq^-1 -163.99 82.3962 -582.87
e_aq^-1 -158.544 90.3116 -592.674
e_aq^-1 -157.795 81.3556 -568.669
e_aq^-1 -163.095 73.2712 -591.578
e_aq^-1 -159.561 75.739 -580.578
e_aq^-1 -168.114 90.2575 -586.307
e_aq^-1 -159.231 68.9279 -588.797
e_aq^-1 -150.936 83.653 -593.442
e_aq^-1 -172.901 85.4764 -597.787
e_aq^-1 -154.111 75.7017 -612.737
e_aq^-1 -166.865 54.8424 -609.614
e_aq^-1 -155.713 85.444 -592.141
e_aq^-1 -151.414 72.0589 -577.74
e_aq^-1 -158.853 88.6809 -587.656
e_aq^-1 -161.151 73.2805 -593.925
e_aq^-1 -161.143 72.9558 -584.369
e_aq^-1 -177.956 80.798 -605.032
e_aq^-1 -165.985 85.0613 -588.567
e_aq^-1 -142.487 85.7001 -593.766
e_aq^-1 -144.142 82.6335 -595.851
e_aq^-1 -166.783 70.7905 -580.956
e_aq^-1 -158.537 72.1536 -601.238
e_aq^-1 -157.563 71.5593 -562.656
e_aq^-1 -159.1 72.6327 -589.651
e_aq^-1 -157.127 84.1346 -604.352
e_aq^-1 -154.393 69.9952 -596.822
e_aq^-1 -143.097 81.9979 -622.882
e_aq^-1 -149.305 75.7742 -612.411
e_aq^-1 -152.117 55.1108 -602.31
e_aq^-1 -148.997 72.5695 -598.719
e_aq^-1 -157.638 77.4406 -611.856
e_aq^-1 -173.071 85.4571 -588.188
e_aq^-1 -154.739 84.9266 -606.574
e_aq^-1 -149.191 64.4232 -594.143
e_aq^-1 -144.717 73.3812 -594.336
e_aq^-1 -143.763 79.3362 -606.159
e_aq^-1 -163.197 61.3009 -591.69
e_aq^-1 -137.933 80.3877 -600.013
e_aq^-1 -145.006 71.3323 -600.666
e_aq^-1 -138.433 78.3371 -575.322
e_aq^-1 -160.258 63.5798 -579.437
e_aq^-1 -141.484 61.2348 -601.174
e_aq^-1 -152.503 74.6895 -617.289
e_aq^-1 -155.971 76.0529 -615.685
e_aq^-1 -153.156 70.853 -609.153
e_aq^-1 -143.753 75.4086 -610.888
e_aq^-1 -137.145 72.471 -627.185
e_aq^-1 -130.156 64.5794 -622.428
e_aq^-1 -158.974 73.8074 -611.604
e_aq^-1 -141.285 73.029 -602.695
e_aq^-1 -142.731 68.7084 -613.644
e_aq^-1 -122.094 64.7445 -628.857
e_aq^-1 -145.045 72.7396 -620.613
e_aq^-1 -153.572 66.6253 -611.855
e_aq^-1 -135.582 63.2805 -636.813
e_aq^-1 -123.271 67.5788 -605.727
e_aq^-1 -159.365 62.1847 -614.901
e_aq^-1 -151.01 64.5947 -624.106
e_aq^-1 -121.737 60.0051 -613.594
e_aq^-1 -140.583 58.4125 -620.912
e_aq^-1 -134.817 69.0768 -618.662
e_aq^-1 -144.764 67.5035 -589.559
e_aq^-1 -128.859 82.3704 -621.447
e_aq^-1 -151.219 59.2217 -614.606
e_aq^-1 -134.96 68.892 -622.56
e_aq^-1 -142.774 60.3505 -617.659
e_aq^-1 -134.257 65.637 -620.786
e_aq^-1 -167.389 72.4895 -631.858
e_aq^-1 -145.825 57.6554 -623.924
e_aq^-1 -138.915 55.3326 -635.197
e_aq^-1 -143.456 61.1397 -630.496
e_aq^-1 -134.644 81.9258 -650.202
e_aq^-1 -128.942 66.4773 -623.341
e_aq^-1 -132.019 63.0816 -630.53
e_aq^-1 -135.071 72.959 -633.559
e_aq^-1 -136.753 59.3784 -628.709
e_aq^-1 -140.516 65.0484 -635.228
e_aq^-1 -136.147 54.4756 -629.616
e_aq^-1 -127.9 64.6155 -630.369
e_aq^-1 -132.085 60.8996 -629.055
e_aq^-1 -120.984 40.6822 -650.719
e_aq^-1 -134.715 54.341 -628.221
e_aq^-1 -142.338 53.4767 -638.954
e_aq^-1 -137.285 61.6406 -631.606
e_aq^-1 -136.04 65.4781 -630.485
e_aq^-1 -132.137 69.4382 -630.914
e_aq^-1 -145.456 53.2871 -631.987
e_aq^-1 -130.792 56.3757 -639.981
e_aq^-1 -115.747 77.5268 -643.05
e_aq^-1 -123.932 72.9848 -646.107
e_aq^-1 -128.228 58.8446 -629.69
e_aq^-1 -116.207 44.3993 -606.021
e_aq^-1 -133.293 50.5518 -640.741
e_aq^-1 -109.675 40.4805 -631.815
e_aq^-1 -103.887 49.9944 -654.571
e_aq^-1 -127.616 62.6485 -642.151
e_aq^-1 -138.465 53.2589 -635.437
e_aq^-1 -128.327 50.6649 -643.582
e_aq^-1 -147.011 69.8446 -658.397
e_aq^-1 -125.423 55.383 -641.122
e_aq^-1 -142.77 56.4807 -643.909
e_aq^-1 -121.358 55.3869 -636.551
e_aq^-1 -127.999 60.5987 -626.711
e_aq^-1 -123.591 60.4213 -657.109
e_aq^-1 -123.845 55.8771 -661.128
e_aq^-1 -114.124 46.6935 -625.003
e_aq^-1 -138.561 66.4069 -642.012
e_aq^-1 -125.112 58.6967 -645.394
e_aq^-1 -104.855 68.049 -652.138
e_aq^-1 -103.142 44.6437 -652.989
e_aq^-1 -135.158 61.9065 -657.831
e_aq^-1 -125.695 59.5121 -658.304
e_aq^-1 -120.769 20.1399 -656.452
e_aq^-1 -135.23 49.7367 -640.812
e_aq^-1 -119.344 57.5802 -647.671
e_aq^-1 -101.343 45.4751 -647.504
e_aq^-1 -140.811 41.7625 -663.714
e_aq^-1 -122.307 59.1042 -643.213
e_aq^-1 -108.539 34.9612 -671.988
e_aq^-1 -109.058 51.2643 -645.482
e_aq^-1 -112.2 49.7144 -653.768
e_aq^-1 -114.445 53.7945 -651.575
e_aq^-1 -127.15 22.4502 -655.31
e_aq^-1 -129.932 49.6139 -641.951
e_aq^-1 -116.413 54.545 -648.456
e_aq^-1 -133.651 56.3634 -682.987
e_aq^-1 -120.532 82.0559 -624.487
e_aq^-1 -109.973 43.2061 -649.737
e_aq^-1 -111.553 47.1721 -658.601
e_aq^-1 -90.1299 45.7423 -651.746
e_aq^-1 -103.336 54.732 -657.353
e_aq^-1 -111.249 44.4741 -664.177
e_aq^-1 -120.63 49.9867 -666.886
e_aq^-1 -99.468 41.96 -679.964
e_aq^-1 -117.169 46.7965 -620.24
e_aq^-1 -126.779 54.9329 -682.319
e_aq^-1 -111.657 65.164 -659.252
e_aq^-1 -101 42.3743 -669.069
e_aq^-1 -94.2225 46.9522 -658.93
e_aq^-1 -104.189 42.3307 -666.491
e_aq^-1 -99.5005 47.3834 -651.072
e_aq^-1 -114.239 72.2603 -660.642
e_aq^-1 -123.02 55.2283 -658.775
e_aq^-1 -109.537 42.8598 -667.56
e_aq^-1 -101.196 56.027 -660.344
e_aq^-1 -84.2582 47.106 -669.225
e_aq^-1 -107.78 41.0115 -672.484
e_aq^-1 -109.985 43.7703 -659.473
e_aq^-1 -111.208 57.2847 -663.408
e_aq^-1 -108.629 44.0947 -679.328
e_aq^-1 -110.999 41.8134 -666.769
e_aq^-1 -131.275 31.4837 -675.82
e_aq^-1 -91.2995 40.8672 -686.215
e_aq^-1 -126.882 65.5461 -673.184
e_aq^-1 -122.151 32.4072 -691.549
e_aq^-1 -101.557 62.3328 -680.28
e_aq^-1 -114.899 48.48 -695.5
e_aq^-1 -119.441 43.887 -693.777
e_aq^-1 -109.529 49.9231 -675.799
e_aq^-1 -115.663 59.524 -683.625
e_aq^-1 -104.32 31.9265 -689.474
e_aq^-1 -114.754 68.4886 -674.867
e_aq^-1 -106.204 55.7744 -681.898
e_aq^-1 -107.05 32.7409 -683.652
e_aq^-1 -93.4944 41.232 -681.765
e_aq^-1 -123.591 31.1786 -674.29
e_aq^-1 -90.9296 18.6821 -667.542
e_aq^-1 -102.327 40.6852 -679.763
e_aq^-1 -103.424 37.5745 -683.278
e_aq^-1 -115.335 40.4334 -669.555
e_aq^-1 -94.0136 43.0889 -692.963
e_aq^-1 -113.368 39.2075 -671.624
e_aq^-1 -97.8391 41.9515 -672.707
e_aq^-1 -91.6685 47.7719 -702.08
e_aq^-1 -113 73.2735 -690.841
e_aq^-1 -104.279 49.4146 -673.79
e_aq^-1 -112.588 39.0091 -693.399
e_aq^-1 -104.969 32.7716 -688.614
e_aq^-1 -104.08 37.8975 -683.956
e_aq^-1 -95.8447 50.429 -693.242
e_aq^-1 -99.3471 22.1729 -682.606
e_aq^-1 -113.258 49.9339 -674.467
e_aq^-1 -102.426 47.297 -691.552
e_aq^-1 -96.4648 42.8041 -684.949
e_aq^-1 -111.407 16.0767 -697.895
e_aq^-1 -102.343 37.5648 -686.969
e_aq^-1 -89.6271 36.1011 -685.368
e_aq^-1 -100.413 44.3956 -691.004
e_aq^-1 -102.891 28.4546 -691.862
e_aq^-1 -87.6622 36.7678 -689.499
e_aq^-1 -95.476 45.9121 -694.494
e_aq^-1 -81.6587 49.6375 -689.263
e_aq^-1 -83.5502 35.7709 -717.481
e_aq^-1 -90.4012 39.2781 -694.286
e_aq^-1 -90.8178 27.1133 -689.886
e_aq^-1 -91.2226 48.036 -691.533
e_aq^-1 -90.5695 9.60262 -688.911
e_aq^-1 -86.3783 34.2754 -703.428
e_aq^-1 -101.557 30.2383 -711.833
e_aq^-1 -91.5488 34.5469 -684.616
e_aq^-1 -98.0205 42.5262 -703.287
e_aq^-1 -95.7407 28.883 -702.384
e_aq^-1 -81.9359 44.713 -692.741
e_aq^-1 -84.7477 33.9186 -715.796
e_aq^-1 -66.3912 27.7276 -674.845
e_aq^-1 -92.6136 12.7546 -712.263
e_aq^-1 -91.1778 26.8963 -700.319
e_aq^-1 -87.8256 21.5162 -702.006
e_aq^-1 -74.5567 24.0176 -697.078
e_aq^-1 -84.1663 23.6935 -698.277
e_aq^-1 -94.9231 32.302 -699.877
e_aq^-1 -96.9559 24.6336 -700.197
e_aq^-1 -118.28 26.216 -697.96
e_aq^-1 -94.1307 36.2556 -693.563
e_aq^-1 -90.8636 30.1825 -703.646
e_aq^-1 -97.8702 36.1206 -718.35
e_aq^-1 -80.8667 46.4878 -696.55
e_aq^-1 -113.463 34.3206 -710.107
e_aq^-1 -82.4012 29.3929 -702.265
e_aq^-1 -84.3356 49.8216 -700.091
e_aq^-1 -102.312 25.7774 -724.349
e_aq^-1 -92.8547 29.1527 -700.033
e_aq^-1 -81.6754 19.9655 -726.116
e_aq^-1 -86.2053 24.254 -714.01
e_aq^-1 -72.0835 30.6435 -715.008
e_aq^-1 -74.6211 43.3034 -704.658
e_aq^-1 -76.4562 19.2166 -719.948
e_aq^-1 -89.93 45.8223 -716.593
e_aq^-1 -96.2281 16.2543 -715.181
e_aq^-1 -88.3084 28.9566 -715.434
e_aq^-1 -100.353 41.7879 -707.904
e_aq^-1 -85.0218 37.8407 -727.589
e_aq^-1 -76.4493 28.2475 -700.164
e_aq^-1 -95.8127 22.7602 -727.868
e_aq^-1 -87.1947 10.9673 -727.197
e_aq^-1 -58.5664 16.314 -690.088
e_aq^-1 -80.1477 25.6507 -703.194
e_aq^-1 -85.6631 33.1879 -718.904
e_aq^-1 -91.792 31.5984 -718.631
e_aq^-1 -88.5329 36.7933 -714.817
e_aq^-1 -79.9803 27.52 -715.587
e_aq^-1 -91.6123 47.7244 -710.701
e_aq^-1 -88.6913 39.3072 -721.765
e_aq^-1 -72.769 32.8663 -706.62
e_aq^-1 -94.3813 14.5127 -726.784
e_aq^-1 -91.4578 31.4208 -718.287
e_aq^-1 -64.3041 34.7634 -707.291
e_aq^-1 -91.5708 17.647 -706.181
e_aq^-1 -83.9376 37.3471 -720.135
e_aq^-1 -79.287 50.0929 -710.596
e_aq^-1 -75.8365 31.3886 -721.686
e_aq^-1 -83.2797 31.7217 -723.499
e_aq^-1 -79.6029 34.9219 -714.731
e_aq^-1 -83.0579 39.7504 -737.324
e_aq^-1 -80.3358 23.3363 -724.667
e_aq^-1 -71.3727 33.8755 -707.442
e_aq^-1 -93.2649 19.7302 -719.057
e_aq^-1 -100.939 1.76589 -734.743
e_aq^-1 -69.8019 32.7528 -717.934
e_aq^-1 -76.2458 31.2091 -720.536
e_aq^-1 -77.4413 23.8325 -722.433
e_aq^-1 -67.9269 10.646 -726.25
e_aq^-1 -76.9575 29.2117 -715.264
e_aq^-1 -78.1192 35.8696 -735.302
e_aq^-1 -92.2568 25.7688 -719.759
e_aq^-1 -69.2856 14.8419 -737.719
e_aq^-1 -84.1769 33.8832 -738.768
e_aq^-1 -87.4755 34.6655 -738.714
e_aq^-1 -81.4772 -0.752124 -724.3
e_aq^-1 -86.0743 32.7924 -718.33
e_aq^-1 -93.9369 35.7201 -728.245
e_aq^-1 -77.5833 27.9595 -733.849
e_aq^-1 -64.6566 22.3433 -708.493
e_aq^-1 -72.8782 26.6637 -732.191
e_aq^-1 -72.5606 28.2664 -731.022
e_aq^-1 -62.2506 42.0364 -753.054
e_aq^-1 -77.5128 18.4671 -722.969
e_aq^-1 -72.8854 19.5527 -752.714
e_aq^-1 -67.5871 37.2216 -745.009
e_aq^-1 -77.0404 31.7654 -719.087
e_aq^-1 -77.0861 22.489 -746.488
e_aq^-1 -74.8328 39.5049 -738.324
e_aq^-1 -67.8845 34.4495 -723.024
e_aq^-1 -67.7092 18.0918 -733.729
e_aq^-1 -63.5258 22.664 -731.771
e_aq^-1 -87.7667 20.9859 -722.619
e_aq^-1 -57.5363 16.3755 -737.155
e_aq^-1 -77.7273 -1.69075 -722.239
e_aq^-1 -82.2672 23.8976 -729.277
e_aq^-1 -83.5039 16.9947 -734.68
e_aq^-1 -88.5918 28.4731 -734.197
e_aq^-1 -69.8237 21.287 -734.23
e_aq^-1 -76.2311 11.4149 -732.192
e_aq^-1 -61.6544 32.3355 -730.19
e_aq^-1 -59.6279 26.1662 -747.226
e_aq^-1 -60.616 13.6774 -743.794
e_aq^-1 -71.0929 46.8127 -727.743
e_aq^-1 -82.5904 26.397 -732.217
e_aq^-1 -66.7866 24.3245 -747.155
e_aq^-1 -65.6004 25.6483 -735.89
e_aq^-1 -65.3744 3.03726 -742.386
e_aq^-1 -97.0564 6.18511 -765.682
e_aq^-1 -77.4784 40.8938 -739.373
e_aq^-1 -63.9356 24.6713 -751.1
e_aq^-1 -59.7124 27.2442 -746.043
e_aq^-1 -61.4771 13.6941 -742.237
e_aq^-1 -75.084 45.0419 -731.505
e_aq^-1 -70.6689 17.1135 -750.712
e_aq^-1 -54.9114 33.5753 -733.406
e_aq^-1 -87.2143 29.3489 -755.117
e_aq^-1 -73.7127 8.13575 -752.949
e_aq^-1 -60.7697 18.7991 -747.916
e_aq^-1 -48.5681 4.42464 -744.515
e_aq^-1 -65.4011 1.91704 -720.825
e_aq^-1 -62.845 17.5613 -746.238
e_aq^-1 -56.1402 6.49828 -740.68
e_aq^-1 -81.3215 13.775 -740.979
e_aq^-1 -72.8803 29.4812 -747.683
e_aq^-1 -55.5567 1.10385 -744.458
e_aq^-1 -69.3238 14.0241 -754.734
e_aq^-1 -68.7377 17.0204 -753.109
e_aq^-1 -67.4445 18.3494 -751.648
e_aq^-1 -65.4658 10.9454 -737.637
e_aq^-1 -57.6085 30.1655 -754.064
e_aq^-1 -65.0607 14.7619 -756.89
e_aq^-1 -55.2609 31.0925 -754.82
e_aq^-1 -63.2978 40.0384 -754.143
e_aq^-1 -51.6067 5.8181 -755.279
e_aq^-1 -77.5214 15.8963 -764.474
e_aq^-1 -67.1255 27.4107 -755.508
e_aq^-1 -56.281 -5.13591 -757.397
e_aq^-1 -70.371 17.0741 -756.432
e_aq^-1 -54.5668 26.0902 -744.357
e_aq^-1 -55.6422 14.3001 -754.442
e_aq^-1 -59.2681 22.8907 -760.401
e_aq^-1 -82.0684 14.1116 -773.104
e_aq^-1 -70.6372 11.2558 -773.178
e_aq^-1 -60.2676 -1.95284 -754.519
e_aq^-1 -45.035 23.7064 -742.663
e_aq^-1 -54.292 4.68278 -742.378
e_aq^-1 -28.1509 0.739445 -756.963
e_aq^-1 -40.5009 6.86635 -767.263
e_aq^-1 -84.595 10.3214 -764.763
e_aq^-1 -59.9762 -12.6102 -750
e_aq^-1 -40.5792 10.7085 -752.23
e_aq^-1 -60.535 -2.23237 -761.836
e_aq^-1 -46.674 17.7087 -755.149
e_aq^-1 -56.516 5.00937 -773.442
e_aq^-1 -47.5275 32.0921 -777.985
e_aq^-1 -64.1268 17.3237 -772.396
e_aq^-1 -67.4036 12.1138 -765.399
e_aq^-1 -55.766 6.35115 -768.375
e_aq^-1 -49.7106 13.6298 -770.916
e_aq^-1 -32.0086 0.393506 -756.685
e_aq^-1 -53.9972 10.4033 -768.494
e_aq^-1 -49.3107 17.1271 -764.778
e_aq^-1 -71.0924 7.13523 -756.487
e_aq^-1 -72.1138 24.9559 -768.736
e_aq^-1 -48.5208 2.93536 -762.746
e_aq^-1 -43.8778 8.3139 -783.757
e_aq^-1 -62.1283 5.75348 -768.965
e_aq^-1 -65.9976 14.4178 -781.357
e_aq^-1 -35.186 10.3899 -785.92
e_aq^-1 -46.9814 8.96836 -766.94
e_aq^-1 -41.8573 9.6638 -761.624
e_aq^-1 -61.105 5.84807 -769.839
e_aq^-1 -58.2848 10.1154 -781.742
e_aq^-1 -40.9646 20.9042 -761.178
e_aq^-1 -55.3988 29.0675 -775.537
e_aq^-1 -52.8368 17.7313 -783.407
e_aq^-1 -45.3188 -3.49562 -763.565
e_aq^-1 -43.4286 25.896 -762.811
e_aq^-1 -58.7799 5.80683 -771.065
e_aq^-1 -49.9507 24.1462 -779.719
e_aq^-1 -47.1422 23.0439 -770.227
e_aq^-1 -46.2852 4.54862 -774.655
e_aq^-1 -44.0872 25.9529 -754.825
e_aq^-1 -45.8068 -1.86473 -781.259
e_aq^-1 -50.6059 4.81888 -769.82
e_aq^-1 -54.3592 -0.387456 -780.273
e_aq^-1 -48.3567 15.3466 -776.753
e_aq^-1 -53.4875 8.09343 -785.25
e_aq^-1 -79.572 7.34074 -763.238
e_aq^-1 -34.6759 1.47943 -789.509
e_aq^-1 -50.8555 6.83048 -780.361
e_aq^-1 -44.0504 3.87457 -774.403
e_aq^-1 -58.7266 8.88237 -800.175
e_aq^-1 -71.4106 -7.28592 -777.985
e_aq^-1 -68.6159 14.6129 -792.932
e_aq^-1 -51.3254 23.4258 -789.859
e_aq^-1 -41.8131 3.40091 -784.343
e_aq^-1 -46.297 -0.406244 -792.919
e_aq^-1 -52.042 3.8218 -790.81
e_aq^-1 -67.3535 7.59362 -771.58
e_aq^-1 -41.5049 2.12654 -798.385
e_aq^-1 -40.9608 4.84014 -785.589
e_aq^-1 -39.7079 6.82214 -792.137
e_aq^-1 -62.6398 17.5505 -792.993
e_aq^-1 -43.534 -10.8196 -782.433
e_aq^-1 -56.6822 -3.59467 -801.598
e_aq^-1 -44.4337 -1.06025 -805.177
e_aq^-1 -32.7392 5.17537 -777.756
e_aq^-1 -51.8745 1.27083 -786.221
e_aq^-1 -64.0662 -11.6109 -808.765
e_aq^-1 -38.8309 29.8194 -771.617
e_aq^-1 -37.2936 -6.09811 -798.257
e_aq^-1 -55.3218 7.04024 -793.155
e_aq^-1 -37.1093 0.847138 -793.565
e_aq^-1 -29.6185 -8.56756 -801.712
e_aq^-1 -40.1621 -0.315148 -801.189
e_aq^-1 -59.8433 21.0069 -775.13
e_aq^-1 -52.2193 -0.937541 -796.762
e_aq^-1 -39.9539 0.585719 -799.276
e_aq^-1 -31.7798 -3.44597 -800.59
e_aq^-1 -31.0446 6.84082 -794.258
e_aq^-1 -31.951 -2.33876 -793.351
e_aq^-1 -33.1502 -10.0489 -817.497
e_aq^-1 -33.8425 8.89558 -792.84
e_aq^-1 -44.5982 8.32516 -805.514
e_aq^-1 -63.0753 -1.57693 -810.151
e_aq^-1 -28.537 16.2672 -808.268
e_aq^-1 -38.7448 1.36488 -801.662
e_aq^-1 -48.77 -6.14641 -773.322
e_aq^-1 -38.7015 1.94819 -799.425
e_aq^-1 -45.3274 8.75961 -804.528
e_aq^-1 -40.6618 15.8626 -813.228
e_aq^-1 -40.4427 7.73667 -801.003
e_aq^-1 -36.5072 -2.55898 -813.012
e_aq^-1 -52.0927 0.463081 -819.536
e_aq^-1 -27.6816 -7.77815 -808.805
e_aq^-1 -46.9307 3.62104 -804.711
e_aq^-1 -36.4618 10.5292 -804.202
e_aq^-1 -46.768 24.5319 -810.911
e_aq^-1 -44.8085 1.65382 -809.26
e_aq^-1 -27.0837 26.555 -811.579
e_aq^-1 -42.4075 2.07359 -803.364
e_aq^-1 -34.2406 -7.09095 -817.889
e_aq^-1 -30.5901 3.59853 -830.993
e_aq^-1 -44.9446 2.05662 -801.984
e_aq^-1 -42.9568 5.41069 -806.392
e_aq^-1 -36.5828 -5.10611 -813.415
e_aq^-1 -44.4456 10.6006 -807.036
e_aq^-1 -43.0621 -16.1176 -807.582
e_aq^-1 -26.8467 6.92337 -812.446
e_aq^-1 -36.2617 10.0196 -812.533
e_aq^-1 -40.934 0.697144 -804.541
e_aq^-1 -37.7333 -7.88071 -807.748
e_aq^-1 -66.1257 -5.85875 -808.422
e_aq^-1 -50.7568 14.4372 -816.127
e_aq^-1 -43.9622 0.86411 -813.081
e_aq^-1 -16.912 15.4461 -826.099
e_aq^-1 -40.5198 3.21129 -815.752
e_aq^-1 -39.2356 -0.846047 -815.09
e_aq^-1 -39.2214 -1.37482 -813.602
e_aq^-1 -42.9663 -12.7866 -825.496
e_aq^-1 -47.8715 2.19388 -798.752
e_aq^-1 -37.7899 -2.54946 -817.063
e_aq^-1 -48.0989 12.7527 -819.592
e_aq^-1 -47.6522 -7.01985 -838.859
e_aq^-1 -42.3067 2.55933 -818.437
e_aq^-1 -35.3212 16.3252 -820.722
e_aq^-1 -41.885 10.6852 -826.804
e_aq^-1 -44.8446 11.4968 -818.104
e_aq^-1 -37.6959 -1.19347 -804.284
e_aq^-1 -47.5906 10.1542 -820.294
e_aq^-1 -44.6398 -9.1403 -826.756
e_aq^-1 -38.3532 -1.40073 -813.635
e_aq^-1 -35.1293 1.84414 -831.29
e_aq^-1 -42.2388 -2.36645 -821.283
e_aq^-1 -55.7613 -25.1514 -818.639
e_aq^-1 -43.4641 -2.84042 -827.266
e_aq^-1 -43.6535 4.3719 -806.55
e_aq^-1 -31.4605 6.2883 -819.153
e_aq^-1 -28.5021 8.79961 -808.331
e_aq^-1 -33.247 7.5143 -815.3
e_aq^-1 -43.1191 -9.22594 -838.042
e_aq^-1 -24.0318 -5.06339 -794.626
e_aq^-1 -25.3997 14.3596 -828.363
e_aq^-1 -15.8517 2.57921 -830.13
e_aq^-1 -17.9256 -15.6901 -817.478
e_aq^-1 -26.0022 2.14714 -830.126
e_aq^-1 -33.3269 1.56169 -836.085
e_aq^-1 -25.2278 11.5958 -812.183
e_aq^-1 -37.6833 -7.44289 -822.016
e_aq^-1 -43.1022 -7.93634 -818.815
e_aq^-1 -29.2434 -4.20676 -815.891
e_aq^-1 -31.3286 -3.9025 -830.102
e_aq^-1 -41.1632 -8.406 -826.022
e_aq^-1 -22.0847 9.54611 -835.276
e_aq^-1 -4.66628 -10.8574 -841.372
e_aq^-1 -50.451 5.72011 -821.301
e_aq^-1 -34.2744 -14.6675 -814.842
e_aq^-1 -33.9027 12.113 -839.394
e_aq^-1 -46.1881 7.42133 -853.694
e_aq^-1 -38.282 -16.9173 -813.818
e_aq^-1 -15.9024 -11.6404 -825.084
e_aq^-1 -33.1109 10.1017 -834.124
e_aq^-1 -28.9035 4.93307 -832.988
e_aq^-1 -21.1014 16.329 -843.948
e_aq^-1 -5.23478 -4.6595 -821.314
e_aq^-1 -33.9565 -8.97797 -844.015
e_aq^-1 -33.3893 -5.58808 -807.925
e_aq^-1 -22.4581 0.255096 -841.072
e_aq^-1 -17.6617 -5.50201 -838.902
e_aq^-1 -29.5906 -21.7606 -863.272
e_aq^-1 -25.2872 16.0059 -829.12
e_aq^-1 -40.5433 3.86867 -819.981
e_aq^-1 -41.9023 -7.09314 -841.102
e_aq^-1 -32.5376 5.03346 -823.637
e_aq^-1 -43.3799 -10.009 -834.873
e_aq^-1 -24.144 -17.2127 -837.563
e_aq^-1 -23.9981 -2.7399 -833.475
e_aq^-1 -48.2961 16.3681 -839.789
e_aq^-1 -34.2164 18.0544 -845.29
e_aq^-1 -15.0469 -16.2228 -834.857
e_aq^-1 -39.9474 9.90384 -846.002
e_aq^-1 -14.2249 -18.9673 -852.304
e_aq^-1 -16.5569 -7.08141 -830.556
e_aq^-1 -30.4368 -7.27268 -857.328
e_aq^-1 -18.9275 -6.49446 -842.996
e_aq^-1 -21.9386 -9.08673 -845.082
e_aq^-1 -13.2366 4.49734 -842.717
e_aq^-1 -29.8979 6.15941 -837.054
e_aq^-1 -38.6595 -5.95212 -854.417
e_aq^-1 -15.479 -20.3943 -833.093
e_aq^-1 -5.76137 8.81694 -853.613
e_aq^-1 -15.801 8.07516 -852.201
e_aq^-1 -30.5138 0.512745 -874.095
e_aq^-1 -16.1514 -18.1582 -853.22
e_aq^-1 -14.8289 -24.2285 -856.926
e_aq^-1 -15.4121 -12.8777 -833.06
e_aq^-1 -18.8584 0.718221 -847.403
e_aq^-1 -17.1177 3.80139 -855.367
e_aq^-1 -18.7598 -25.311 -832.636
e_aq^-1 -15.747 -4.67151 -843.801
e_aq^-1 -17.9743 -1.76103 -827.413
e_aq^-1 -18.4474 -12.5908 -842.539
e_aq^-1 -16.3988 -36.5031 -863.883
e_aq^-1 -21.3513 -5.97735 -850.997
e_aq^-1 -0.390287 -9.03766 -853.049
e_aq^-1 -16.8994 7.06069 -848.678
e_aq^-1 -4.3863 1.7099 -843.296
e_aq^-1 1.22752 -5.33335 -866.368
e_aq^-1 -29.4473 -4.58334 -850.934
e_aq^-1 -24.8165 -2.46329 -851.327
e_aq^-1 -20.1866 -21.4063 -842.955
e_aq^-1 -17.4304 -8.94804 -862.269
e_aq^-1 -14.751 0.0802048 -855.857
e_aq^-1 -34.5497 -3.04354 -856.959
e_aq^-1 -14.7818 -28.0399 -835.949
e_aq^-1 -15.9278 -3.91289 -856.431
e_aq^-1 -26.7029 -21.3503 -838.03
e_aq^-1 -15.8069 -7.09348 -856.591
e_aq^-1 -20.5505 -11.9375 -851.33
e_aq^-1 -5.98296 -31.5056 -847.428
e_aq^-1 -24.1184 10.4389 -864.061
e_aq^-1 11.6859 -10.5261 -847.393
e_aq^-1 -10.7392 -4.39217 -865.638
e_aq^-1 -12.4957 -14.4588 -874.909
e_aq^-1 -21.46 -11.4177 -859.212
e_aq^-1 -38.8977 -2.37045 -855.511
e_aq^-1 -19.8265 -8.68743 -874.849
e_aq^-1 -9.13821 9.98128 -868.66
e_aq^-1 -9.20096 -1.1013 -858.844
e_aq^-1 1.82629 1.39341 -869.119
e_aq^-1 -28.2766 -13.2405 -845.753
e_aq^-1 -9.9415 9.78369 -878.558
e_aq^-1 -14.5392 -2.4378 -866.824
e_aq^-1 -8.34456 -5.75375 -860.453
e_aq^-1 -5.10415 -25.6277 -867.912
e_aq^-1 -13.4416 -3.9438 -870.368
e_aq^-1 -6.7962 -8.55584 -881.169
e_aq^-1 -13.3715 -4.51443 -872.998
e_aq^-1 -16.6177 -2.59597 -876.778
e_aq^-1 -18.8356 -3.14187 -874.2
e_aq^-1 -10.1682 -3.72547 -878.316
e_aq^-1 -18.7484 -1.65913 -868.468
e_aq^-1 -23.4431 -19.6273 -847.091
e_aq^-1 -27.5478 -33.699 -862.206
e_aq^-1 -1.17553 -24.2839 -863.145
e_aq^-1 -28.4237 -11.3137 -868.04
e_aq^-1 -22.2017 -11.7464 -856.176
e_aq^-1 -20.685 -13.6829 -881.493
e_aq^-1 -10.8141 -11.5523 -871.35
e_aq^-1 9.16456 -30.582 -878.371
e_aq^-1 -19.6885 -13.3203 -874.915
e_aq^-1 4.23598 -5.09565 -883.039
e_aq^-1 -12.8445 -2.68437 -873.599
e_aq^-1 -13.2036 -3.6052 -881.304
e_aq^-1 -16.9633 -12.102 -880.486
e_aq^-1 0.145933 -3.76221 -872.119
e_aq^-1 -6.66314 6.60103 -877.825
e_aq^-1 -18.9817 -16.7485 -866.01
e_aq^-1 -17.2915 -4.96211 -876.658
e_aq^-1 0.904635 -30.4193 -899.047
e_aq^-1 0.488705 -10.6598 -890.297
e_aq^-1 -14.5911 -17.3326 -874.124
e_aq^-1 -9.40477 -9.74497 -872.44
e_aq^-1 -10.6208 -1.30181 -886.929
e_aq^-1 0.189724 -9.77322 -887.072
e_aq^-1 -16.6802 -4.5934 -872.273
e_aq^-1 -4.07408 -6.61375 -882.595
e_aq^-1 -15.2669 -8.70764 -886.074
e_aq^-1 -25.1154 5.57187 -883.473
e_aq^-1 -7.22454 -8.14259 -890.617
e_aq^-1 -25.8424 -8.3099 -883.092
e_aq^-1 -31.0648 -32.7303 -903.268
e_aq^-1 -21.3683 -7.8166 -894.89
e_aq^-1 -21.8887 -22.118 -859.86
e_aq^-1 -19.1026 7.42634 -882.879
e_aq^-1 -12.3751 -4.5924 -889.642
e_aq^-1 -37.7196 3.29138 -876.429
e_aq^-1 -26.2577 -7.90655 -882.571
e_aq^-1 -30.6099 -9.54813 -892.108
e_aq^-1 -13.3301 3.31899 -889.05
e_aq^-1 -13.5744 -8.5114 -885.759
e_aq^-1 -14.9332 -9.52754 -896.053
e_aq^-1 -14.3225 0.275702 -892.083
e_aq^-1 3.17513 1.75088 -885.635
e_aq^-1 -12.5484 -9.61476 -892.689
e_aq^-1 -6.85164 -10.0583 -893.682
e_aq^-1 -30.1459 -3.66652 -886.046
e_aq^-1 -9.17413 -4.74996 -893.439
e_aq^-1 -5.43573 18.703 -896.764
e_aq^-1 -32.0829 18.1501 -892
e_aq^-1 -17.9026 -15.657 -888.941
e_aq^-1 -5.30628 2.06431 -894.747
e_aq^-1 -3.7582 -4.71892 -887.794
e_aq^-1 -17.3808 -19.9927 -876.054
e_aq^-1 -4.64953 -6.59295 -893.877
e_aq^-1 -34.9411 -2.15997 -905.356
e_aq^-1 -1.01153 -10.0788 -888.004
e_aq^-1 -12.3827 -5.51525 -888.362
e_aq^-1 -6.88515 9.50144 -892.912
e_aq^-1 -17.753 -1.27176 -901.237
e_aq^-1 -3.23481 -3.5176 -880.959
e_aq^-1 -19.3897 -5.58885 -893.77
e_aq^-1 -41.3284 -0.772741 -915.987
e_aq^-1 -19.3819 -22.5023 -885.917
e_aq^-1 -14.1441 -4.20936 -909.998
e_aq^-1 -14.7317 -9.89035 -905.319
e_aq^-1 -43.6305 5.127 -923.242
e_aq^-1 -30.3226 -5.68525 -918.618
e_aq^-1 -19.025 -13.3582 -903.053
e_aq^-1 -6.85085 -25.2538 -917.466
e_aq^-1 -12.829 -10.2791 -904.649
e_aq^-1 -21.1456 -2.90992 -902.695
e_aq^-1 -6.05639 -5.69619 -899.639
e_aq^-1 -27.4762 -20.8539 -899.978
e_aq^-1 -21.2206 -43.721 -922.687
e_aq^-1 -28.2356 3.52624 -888.726
e_aq^-1 -16.963 -4.5438 -905.623
e_aq^-1 -9.59769 -10.1204 -920.077
e_aq^-1 6.78182 -15.0745 -906.375
e_aq^-1 -28.1798 -5.86849 -892.232
e_aq^-1 -10.3278 -1.36545 -909.409
e_aq^-1 -16.8679 2.35025 -901.092
e_aq^-1 -13.9197 -8.64403 -911.198
e_aq^-1 -13.5552 -1.13912 -913.082
e_aq^-1 -10.239 2.80735 -909.968
e_aq^-1 -7.92666 -3.36704 -916.462
e_aq^-1 -17.6261 -6.53709 -908.453
e_aq^-1 -18.9363 9.24472 -894.047
e_aq^-1 -0.368353 3.51012 -930.727
e_aq^-1 -23.6606 8.10268 -931.822
e_aq^-1 -6.53271 -2.1867 -915.431
e_aq^-1 -10.7759 -2.53378 -914.196
e_aq^-1 -28.0908 -5.97564 -906.701
e_aq^-1 -10.7689 -6.31372 -913.889
e_aq^-1 -9.09852 -7.91704 -911.15
e_aq^-1 -11.0125 -17.8691 -917.518
e_aq^-1 -16.1994 -15.1474 -918.563
e_aq^-1 -39.2823 2.93664 -916.098
e_aq^-1 -26.8361 5.53422 -904.764
e_aq^-1 -22.2827 0.180179 -916.936
e_aq^-1 -17.0151 -5.72073 -928.398
e_aq^-1 -17.9335 3.48777 -898.646
e_aq^-1 -7.97491 -0.018838 -919.241
e_aq^-1 -6.8538 -4.43876 -936.624
e_aq^-1 -22.9407 -16.1745 -917.9
e_aq^-1 -27.3012 -31.256 -940.888
e_aq^-1 -13.1994 -3.17337 -923.407
e_aq^-1 -16.471 -17.9943 -930.902
e_aq^-1 -19.9679 7.56661 -925.853
e_aq^-1 -35.7192 -0.0649054 -919.245
e_aq^-1 -12.7545 -9.2205 -944.263
e_aq^-1 -22.2717 1.93873 -917.591
e_aq^-1 -21.873 -9.55999 -937.292
e_aq^-1 -34.1476 -3.18283 -925.873
e_aq^-1 -7.21011 -16.7349 -934.89
e_aq^-1 -12.2237 -2.08348 -924.143
e_aq^-1 -16.0654 -9.73514 -924.137
e_aq^-1 -16.5173 -10.0142 -927.696
e_aq^-1 -21.0145 -21.2757 -918.435
e_aq^-1 -14.4286 -15.0888 -955.377
e_aq^-1 -9.45628 -19.0644 -933.295
e_aq^-1 -8.89324 -34.1338 -940.27
e_aq^-1 -12.4905 -12.3424 -938.825
e_aq^-1 -13.1206 -10.1011 -934.568
e_aq^-1 -9.33843 -9.50563 -927.15
e_aq^-1 -7.61261 -8.56173 -921.387
e_aq^-1 -18.6135 -9.34782 -929.162
e_aq^-1 -14.8365 -13.7227 -936.455
e_aq^-1 -5.50165 -12.0116 -927.375
e_aq^-1 -11.3027 7.70903 -919.948
e_aq^-1 0.0556402 -11.322 -942.237
e_aq^-1 5.76362 10.9401 -954.37
e_aq^-1 8.05323 -25.9316 -938.631
e_aq^-1 -24.8004 -7.44598 -930.48
e_aq^-1 -7.97461 0.250634 -945.627
e_aq^-1 -9.86491 6.17926 -920.407
e_aq^-1 -17.7579 -9.45623 -937.274
e_aq^-1 -19.1822 -4.39443 -944.912
e_aq^-1 -0.194342 0.913836 -949.115
e_aq^-1 -16.6432 0.393562 -934.787
e_aq^-1 -3.79825 -11.0888 -932.165
e_aq^-1 -16.7365 -2.51535 -930.1
e_aq^-1 -27.7437 -12.2292 -937.644
e_aq^-1 -13.6857 -8.19626 -938.164
e_aq^-1 4.99755 -4.03777 -932.368
e_aq^-1 -18.0046 1.43545 -934.615
e_aq^-1 -19.3936 2.16719 -935.713
e_aq^-1 -16.5649 8.1063 -928.915
e_aq^-1 -21.6455 -6.0029 -935.767
e_aq^-1 -23.1871 -4.29464 -941.741
e_aq^-1 -19.1864 -11.4161 -916.843
e_aq^-1 -17.3303 -8.65779 -927.016
e_aq^-1 3.22153 -6.39527 -939.793
e_aq^-1 -1.67711 -5.79598 -947.593
e_aq^-1 -2.30058 -2.12005 -934.114
e_aq^-1 -24.6717 -2.60833 -948.348
e_aq^-1 11.9526 -15.986 -958.909
e_aq^-1 -9.56417 -26.8409 -938.224
e_aq^-1 -19.7333 -8.3837 -946.168
e_aq^-1 -12.0249 23.1007 -953.41
e_aq^-1 -20.3886 -5.79897 -959.135
e_aq^-1 -2.74755 -21.5257 -949.2
e_aq^-1 -15.0302 5.79886 -948.345
e_aq^-1 -9.40543 -3.60236 -944.889
e_aq^-1 -14.5642 9.00395 -942.004
e_aq^-1 0.362732 -27.675 -927.219
e_aq^-1 -23.7945 -17.8721 -960.277
e_aq^-1 -10.4631 -21.2777 -943.741
e_aq^-1 -15.349 11.142 -924.562
e_aq^-1 -28.8364 -8.55735 -942.72
e_aq^-1 -6.10623 -1.88274 -962.957
e_aq^-1 -1.46159 -14.1069 -964.057
e_aq^-1 -10.2227 -13.7916 -948.08
e_aq^-1 4.83418 10.7066 -946.061
e_aq^-1 -11.3367 -8.3702 -963.24
e_aq^-1 -8.75571 -1.65075 -950.316
e_aq^-1 -10.0466 -8.46856 -949.681
e_aq^-1 -11.8952 -8.58767 -955.718
e_aq^-1 -17.8176 -10.7773 -957.297
e_aq^-1 -2.72894 -6.56336 -956.183
e_aq^-1 -24.4029 -2.20965 -957.858
e_aq^-1 -8.05096 -11.7702 -955.556
e_aq^-1 8.31608 -28.2759 -976.86
e_aq^-1 -21.0726 -13.8346 -954.771
e_aq^-1 -30.0566 -7.7884 -966.346
e_aq^-1 -10.4645 -6.86572 -958.099
e_aq^-1 -11.3545 5.31503 -953.476
e_aq^-1 -19.2658 6.65619 -945.179
e_aq^-1 0.898789 -13.999 -958.15
e_aq^-1 -19.2864 -10.3999 -963.421
e_aq^-1 -26.5619 -5.85903 -977.221
e_aq^-1 -4.18946 -0.705573 -971.23
e_aq^-1 -6.38097 -21.8984 -965.431
e_aq^-1 -18.0647 -9.22051 -960.198
e_aq^-1 -34.2409 -3.43531 -957.485
e_aq^-1 -25.7736 -4.01306 -960.836
e_aq^-1 -11.1281 -8.53409 -961.799
e_aq^-1 -23.3674 8.6485 -970.995
e_aq^-1 -14.6443 11.2002 -965.507
e_aq^-1 -23.3056 11.1271 -969.819
e_aq^-1 -12.1077 -8.25063 -972.921
e_aq^-1 -16.9544 -0.343947 -960.305
e_aq^-1 17.9678 15.0336 -949.881
e_aq^-1 -15.8411 1.94029 -959.957
e_aq^-1 -31.7801 7.74761 -968.313
e_aq^-1 -18.4203 21.6756 -981.661
e_aq^-1 -3.03168 -29.1844 -939.808
e_aq^-1 -17.3717 -10.9286 -979.158
e_aq^-1 -11.383 -7.84241 -967.674
e_aq^-1 -20.9197 6.47537 -968.103
e_aq^-1 -16.8604 -16.1689 -977.352
e_aq^-1 -9.53324 -1.65163 -963.145
e_aq^-1 -22.6067 2.54754 -979.854
e_aq^-1 -17.4032 6.55949 -948.81
e_aq^-1 -22.2719 6.92351 -957.765
e_aq^-1 -18.5476 -9.0457 -975.922
e_aq^-1 -12.0488 9.24028 -961.697
e_aq^-1 -18.5837 -7.07378 -998.999
e_aq^-1 1.19252 1.12461 -975.663
e_aq^-1 -25.3426 -0.256936 -967.877
e_aq^-1 -5.54352 -16.0047 -964.622
e_aq^-1 -17.0944 -18.0331 -976.383
e_aq^-1 -30.4992 5.78578 -967.373
e_aq^-1 2.2293 -3.44532 -980.354
e_aq^-1 -26.1776 -13.808 -986.45
e_aq^-1 -14.0885 -9.84671 -984.215
e_aq^-1 -3.49053 5.01966 -987.247
e_aq^-1 -29.0601 -6.78942 -988.83
e_aq^-1 -22.1632 -10.5103 -970.708
e_aq^-1 -15.2206 6.66523 -992.785
e_aq^-1 -9.45835 4.58534 -980.638
e_aq^-1 -19.4213 -20.3481 -989.022
e_aq^-1 -11.6641 -6.76025 -982.484
e_aq^-1 8.69276 -8.46923 -992.546
e_aq^-1 -5.90741 -5.79209 -986.761
e_aq^-1 -11.3146 -1.73019 -985.312
e_aq^-1 -23.4882 -12.9874 -978.629
e_aq^-1 -12.8524 -11.7073 -1005.02
e_aq^-1 -12.4905 9.02341 -972.072
e_aq^-1 -13.5572 -6.28387 -990.666
e_aq^-1 0.282686 0.955056 -996.532
e_aq^-1 -15.4124 2.43097 -995.526
e_aq^-1 -16.2718 -6.78112 -989.388
e_aq^-1 -4.96437 -21.1865 -989.603
e_aq^-1 -12.9886 3.72649 -982.976
e_aq^-1 8.45655 -5.76961 -991.013
e_aq^-1 -26.146 1.41543 -979.967
e_aq^-1 -9.08909 3.15123 -1005.52
e_aq^-1 1.58422 11.146 -982.879
e_aq^-1 1.1478 12.6829 -981.28
e_aq^-1 -20.2177 2.15747 -1011.75
e_aq^-1 -7.58023 -28.2571 -1003.3
e_aq^-1 -23.4721 3.32326 -990.47
e_aq^-1 -10.4177 -4.51764 -985.822
e_aq^-1 -17.9871 26.9014 -979.177
e_aq^-1 0.318647 -8.05144 -1015.16
e_aq^-1 -19.7592 9.41466 -997.813
e_aq^-1 -18.2931 8.32785 -982.476
e_aq^-1 -3.7585 15.8026 -982.486
e_aq^-1 -18.7968 -4.29956 -995.01
e_aq^-1 -7.0579 1.73479 -994.332
e_aq^-1 -11.1708 -1.3347 -973.45
e_aq^-1 -15.8032 -8.03438 -999.222
e_aq^-1 -17.3621 3.67929 -1002.7
e_aq^-1 0.282087 -20.3531 -978.08
e_aq^-1 -19.8979 1.67657 -990.523
e_aq^-1 -3.35683 -15.9175 -1005.67
e_aq^-1 -41.1629 -13.8769 -999.185
e_aq^-1 -17.2094 6.48516 -998.445
e_aq^-1 0.191053 -8.58947 -1016.82
e_aq^-1 -24.5644 -8.41048 -1017.6
e_aq^-1 8.56873 8.44278 -998.705
e_aq^-1 -4.83406 0.953203 -1003.88
e_aq^-1 -5.36747 -8.82014 -1006.34
e_aq^-1 -13.4842 11.4545 -1021.24
e_aq^-1 -4.253 -13.1601 -987.159
e_aq^-1 -9.94892 3.30683 -997.902
e_aq^-1 -25.2983 -4.17789 -1020.18
e_aq^-1 -8.82161 -9.50747 -1003.87
e_aq^-1 3.84844 -14.9512 -1008.39
e_aq^-1 -9.83692 5.68029 -1009.14
e_aq^-1 -3.17917 -7.90464 -1017.54
e_aq^-1 -17.6231 -8.47768 -1012.51
e_aq^-1 -6.22653 15.2755 -1003.45
e_aq^-1 -18.8723 -0.442693 -1017.77
e_aq^-1 -4.1819 -20.5146 -1012.15
e_aq^-1 -19.7363 -4.48278 -1037.14
e_aq^-1 -14.3537 7.64393 -1036.5
e_aq^-1 -23.6161 -14.583 -1021.08
e_aq^-1 -14.8984 -6.75343 -1028.58
e_aq^-1 -12.2744 -33.0908 -1036.9
e_aq^-1 -14.6516 -12.0059 -1018.54
e_aq^-1 -32.3765 -7.73043 -1016.69
e_aq^-1 -18.3047 6.01246 -1026.85
e_aq^-1 -10.6845 -11.9186 -1023.54
e_aq^-1 -16.471 -16.4692 -1030.3
e_aq^-1 4.61343 -21.2625 -1035.03
e_aq^-1 -19.1301 13.2404 -1033.3
e_aq^-1 -20.5747 2.07652 -1016.68
e_aq^-1 5.61383 -10.8249 -1018.02
e_aq^-1 -19.4107 -4.26923 -1032.08
e_aq^-1 -3.92595 -4.27527 -1028.08
e_aq^-1 -5.54648 2.95725 -1041.39
e_aq^-1 -26.9562 -7.93179 -1037.53
e_aq^-1 -16.8179 4.6985 -1012.28
e_aq^-1 -26.6543 0.0438105 -1047.08
e_aq^-1 -16.8944 -11.5048 -1029.59
e_aq^-1 -6.9903 -4.50057 -1028.53
e_aq^-1 -2.82192 -10.6106 -1044.52
e_aq^-1 -6.41542 -20.399 -1046.83
e_aq^-1 -20.2804 5.33008 -1037.42
e_aq^-1 -10.2123 5.98329 -1037.09
e_aq^-1 -8.78906 8.03854 -1022.23
e_aq^-1 -17.3468 18.0845 -1052.87
e_aq^-1 -7.16464 -1.39756 -1039.28
e_aq^-1 -26.3511 12.0661 -1031.19
e_aq^-1 -21.4467 3.70927 -1033.77
e_aq^-1 -40.0984 -4.10018 -1046.12
e_aq^-1 -0.786634 4.62776 -1046.07
e_aq^-1 -19.0608 22.4008 -1040.89
e_aq^-1 -10.5456 3.7881 -1046.01
e_aq^-1 10.0136 -9.35667 -1043.93
e_aq^-1 -17.0214 -5.40858 -1036.43
e_aq^-1 -14.3379 -6.05404 -1046.81
e_aq^-1 -11.7737 -7.76114 -1059.53
e_aq^-1 -13.2333 -22.1621 -1026.53
e_aq^-1 -29.8155 7.68515 -1022.21
e_aq^-1 -33.1895 4.92381 -1061.24
e_aq^-1 -6.82088 -3.48579 -1042.48
e_aq^-1 -9.76433 -6.85122 -1062.54
e_aq^-1 -16.7693 -13.2659 -1071.27
e_aq^-1 -18.477 1.36377 -1065.03
e_aq^-1 -15.1842 4.24461 -1057.03
e_aq^-1 -7.25968 -6.19112 -1056.26
e_aq^-1 -20.3656 -9.11147 -1040.13
e_aq^-1 5.65154 -4.10087 -1048.84
e_aq^-1 -23.1529 7.66464 -1052.88
e_aq^-1 -10.5373 26.2874 -1064.99
e_aq^-1 -22.8075 2.27839 -1062.82
e_aq^-1 -4.1592 -6.57115 -1054.77
e_aq^-1 -26.0333 -3.50745 -1047.64
e_aq^-1 -10.0522 -5.97097 -1058.19
e_aq^-1 -4.46287 -1.32757 -1056.81
e_aq^-1 -12.0995 15.3459 -1060.81
e_aq^-1 -5.71991 7.07357 -1065.54
e_aq^-1 -20.3843 -16.124 -1072.22
e_aq^-1 -40.8766 -9.22868 -1048.88
e_aq^-1 -8.33211 -4.73284 -1058.76
e_aq^-1 -13.0537 -9.69014 -1074.29
e_aq^-1 -13.8977 -18.5819 -1065.49
e_aq^-1 -6.53785 -15.3624 -1059.76
e_aq^-1 5.54879 -21.6685 -1084.15
e_aq^-1 -9.1553 3.15846 -1059.63
e_aq^-1 -3.83134 -1.98446 -1071.12
e_aq^-1 -17.4773 3.00797 -1068.75
e_aq^-1 -17.2216 4.51923 -1070.12
e_aq^-1 -3.19978 7.62139 -1068.29
e_aq^-1 9.06448 20.7566 -1061.69
e_aq^-1 -6.00587 1.07704 -1048.05
e_aq^-1 -16.5257 -14.2693 -1073.19
e_aq^-1 -17.0623 13.1914 -1053.63
e_aq^-1 -37.049 -20.2251 -1057.85
e_aq^-1 4.34497 10.0642 -1043.33
e_aq^-1 -2.45242 -31.3868 -1076.06
e_aq^-1 -16.8261 -5.05498 -1065.31
e_aq^-1 -8.30231 7.64117 -1090.23
e_aq^-1 -24.1623 -2.24154 -1067.92
e_aq^-1 -6.98252 -17.8316 -1087.49
e_aq^-1 -1.92999 18.9458 -1066.65
e_aq^-1 -16.0613 4.70298 -1076.1
e_aq^-1 -2.58032 21.033 -1065.02
e_aq^-1 -10.8479 4.2021 -1067.39
e_aq^-1 -6.79905 2.83644 -1067.12
e_aq^-1 -7.4045 -1.67918 -1071.6
e_aq^-1 -14.4764 -5.63673 -1063.09
e_aq^-1 -4.61066 -2.45757 -1076.31
e_aq^-1 -8.39197 8.64605 -1082.45
e_aq^-1 2.51305 -4.37055 -1081.43
e_aq^-1 -16.908 6.13525 -1077.22
e_aq^-1 1.0537 0.77709 -1053.64
e_aq^-1 -12.8673 7.86067 -1075.23
e_aq^-1 -4.15625 -8.25075 -1049.64
e_aq^-1 -6.67564 -6.46416 -1083.07
e_aq^-1 -27.6745 10.6775 -1060.98
e_aq^-1 -0.538807 -9.89096 -1082.95
e_aq^-1 -9.51905 -5.50138 -1077.33
e_aq^-1 -15.7904 13.524 -1066.46
e_aq^-1 0.319774 -5.21421 -1071.05
e_aq^-1 -17.8656 6.77453 -1067.14
e_aq^-1 -15.2159 7.86243 -1080.55
e_aq^-1 -18.6483 2.60027 -1078.55
e_aq^-1 11.5958 4.66202 -1080.85
e_aq^-1 -18.547 -8.32527 -1087.05
e_aq^-1 -4.5887 -13.7905 -1072.54
e_aq^-1 -29.7041 -1.25661 -1105.64
e_aq^-1 0.0957919 -0.794125 -1093.5
e_aq^-1 -8.48007 0.455262 -1083.51
e_aq^-1 -8.55041 1.15404 -1083.45
e_aq^-1 15.9328 -2.56337 -1090.07
e_aq^-1 -38.9581 8.67898 -1079.49
e_aq^-1 -23.6023 -6.80192 -1085.57
e_aq^-1 1.44692 5.20317 -1094.24
e_aq^-1 -0.28224 -15.0943 -1092.41
e_aq^-1 -8.63329 -3.76239 -1085.78
e_aq^-1 -11.9458 8.63882 -1090.2
e_aq^-1 -4.23439 6.63957 -1096.94
e_aq^-1 17.943 5.76353 -1099.1
e_aq^-1 -19.3663 -12.7057 -1096.33
e_aq^-1 -37.8768 -7.58205 -1076.26
e_aq^-1 -14.2041 19.0744 -1097.72
e_aq^-1 0.404388 -6.34635 -1078.79
e_aq^-1 3.5359 -1.15239 -1106.44
e_aq^-1 22.1463 28.6085 -1092.1
e_aq^-1 -20.1675 1.13854 -1097.98
e_aq^-1 -14.2229 2.05784 -1093.89
e_aq^-1 -12.8488 0.568097 -1095.1
e_aq^-1 -1.17992 -3.06162 -1106.42
e_aq^-1 -17.5765 -20.652 -1095.97
e_aq^-1 -12.7355 5.06366 -1114.31
e_aq^-1 -6.10557 12.2014 -1103.91
e_aq^-1 -16.4494 -9.0165 -1100.27
e_aq^-1 -5.0318 5.37078 -1102.42
e_aq^-1 -14.453 8.73122 -1108.12
e_aq^-1 -9.69047 3.04582 -1104.26
e_aq^-1 -6.63484 -5.57387 -1118.22
e_aq^-1 -0.576045 10.6044 -1104.43
e_aq^-1 -14.9434 -1.58791 -1111.23
e_aq^-1 -2.21342 6.62493 -1114.96
e_aq^-1 -19.1386 18.0392 -1096.42
e_aq^-1 -13.1704 3.23578 -1118.62
e_aq^-1 -4.28732 -33.1767 -1110.77
e_aq^-1 -13.4622 -6.86474 -1103.91
e_aq^-1 -16.015 -12.4073 -1101.56
e_aq^-1 -8.64761 9.09735 -1105.6
e_aq^-1 -21.1748 -17.3393 -1115.82
e_aq^-1 -15.5704 -17.6188 -1123.48
e_aq^-1 -0.361763 -10.6377 -1111.04
e_aq^-1 -29.3853 2.92255 -1113.06
e_aq^-1 -15.4512 -2.6285 -1118.51
e_aq^-1 -13.7059 -7.03785 -1113.85
e_aq^-1 -19.5306 17.0614 -1096.54
e_aq^-1 -31.5184 4.2006 -1131.67
e_aq^-1 -6.95091 22.2415 -1128.98
e_aq^-1 -11.7573 12.9737 -1128.72
e_aq^-1 1.60507 -2.73114 -1112.02
e_aq^-1 7.30292 4.23265 -1145.95
e_aq^-1 -12.29 5.51842 -1122.48
e_aq^-1 2.85283 -9.90175 -1129.39
e_aq^-1 -8.753 6.6995 -1124.77
e_aq^-1 -4.9787 -3.69594 -1123.56
e_aq^-1 -13.652 -5.28752 -1123.43
e_aq^-1 -0.0666727 -4.44655 -1124.69
e_aq^-1 -21.4649 5.90071 -1129.22
e_aq^-1 -8.59644 -21.3092 -1110.09
e_aq^-1 -25.0409 12.2397 -1141.23
e_aq^-1 -22.3566 -6.60262 -1131.08
e_aq^-1 -37.5789 -9.81086 -1155.55
e_aq^-1 -5.74448 9.97585 -1127.52
e_aq^-1 -7.22334 -2.81504 -1127.01
e_aq^-1 -8.58132 -8.49833 -1124.79
e_aq^-1 -9.30771 -4.8808 -1133.26
e_aq^-1 4.47715 15.6598 -1111.7
e_aq^-1 9.4791 5.1981 -1146.48
e_aq^-1 -12.8696 4.10174 -1127.4
e_aq^-1 -13.5367 7.61489 -1135.09
e_aq^-1 7.83417 13.4629 -1128.96
e_aq^-1 -41.4297 6.09051 -1131.81
e_aq^-1 1.78407 -10.9229 -1126.31
e_aq^-1 -11.3154 -5.50395 -1132.07
e_aq^-1 -1.44219 3.56237 -1130.51
e_aq^-1 -15.1649 1.4536 -1125.41
e_aq^-1 7.95726 4.00342 -1125.83
e_aq^-1 -9.73938 -8.53754 -1147.01
e_aq^-1 -21.8235 13.4523 -1126.73
e_aq^-1 -8.02644 5.84775 -1133.86
e_aq^-1 -8.58827 -4.61137 -1134.83
e_aq^-1 -7.15072 -10.9057 -1131.42
e_aq^-1 -7.31819 3.28552 -1133.39
e_aq^-1 -14.5499 10.0367 -1134.35
e_aq^-1 10.9172 -12.7465 -1146.43
e_aq^-1 -6.49414 0.47479 -1135.21
e_aq^-1 5.83862 19.4673 -1139.44
e_aq^-1 -5.58008 17.4869 -1134.38
e_aq^-1 6.99422 -6.35259 -1165.79
e_aq^-1 -17.2829 5.57553 -1138.49
e_aq^-1 -5.81452 11.6868 -1135.97
e_aq^-1 -9.31643 -6.40236 -1121.89
e_aq^-1 8.4953 0.922581 -1137.89
e_aq^-1 -24.4132 2.04134 -1154.59
e_aq^-1 -31.4725 -5.01486 -1130.12
e_aq^-1 -25.0306 13.9858 -1135.81
e_aq^-1 -18.1486 0.182281 -1144.13
e_aq^-1 -5.01655 -7.23558 -1103.66
e_aq^-1 27.2701 11.2792 -1149.5
e_aq^-1 -1.24059 -4.3218 -1143.11
e_aq^-1 -13.5661 2.13848 -1135.62
e_aq^-1 -4.70982 -4.27989 -1132.12
e_aq^-1 -10.9936 -10.2496 -1144.01
e_aq^-1 -8.5714 7.7132 -1136.32
e_aq^-1 -4.75935 8.94314 -1150.23
e_aq^-1 -13.9462 6.04615 -1133.82
e_aq^-1 -28.7284 17.3427 -1148.82
e_aq^-1 -5.48546 -1.11215 -1140
e_aq^-1 -13.4767 -4.91203 -1139.4
e_aq^-1 -7.10035 18.6645 -1156.84
e_aq^-1 -9.70161 16.6206 -1139.74
e_aq^-1 2.48033 -12.4196 -1135.34
e_aq^-1 -19.9624 -1.93622 -1145.63
e_aq^-1 -11.2449 4.10088 -1143.07
e_aq^-1 -1.4244 4.3374 -1146.16
e_aq^-1 -12.1694 -0.245429 -1156.95
e_aq^-1 -16.5106 2.57517 -1170.72
e_aq^-1 -4.13452 18.7348 -1124.95
e_aq^-1 2.09527 20.4606 -1143.84
e_aq^-1 -7.98385 -10.9314 -1140.37
e_aq^-1 -7.40686 -13.6254 -1143.45
e_aq^-1 12.5946 2.75001 -1139.4
e_aq^-1 -24.9413 23.3254 -1160.28
e_aq^-1 -13.3558 -0.893964 -1153.13
e_aq^-1 -16.208 1.29252 -1145.04
e_aq^-1 -6.85231 12.1799 -1142.98
e_aq^-1 -11.77 -13.6534 -1173.65
e_aq^-1 -24.0776 -1.56351 -1153.7
e_aq^-1 -10.8643 -1.59356 -1154.25
e_aq^-1 -22.7121 -0.141223 -1160.51
e_aq^-1 -12.5025 3.2576 -1158.81
e_aq^-1 0.533036 18.1773 -1154.45
e_aq^-1 -11.2995 14.0275 -1148.98
e_aq^-1 22.1869 10.4361 -1157
e_aq^-1 5.98917 23.7079 -1146.73
e_aq^-1 -15.6298 10.9566 -1140.31
e_aq^-1 -26.1675 -17.0363 -1146.15
e_aq^-1 -9.83291 4.67245 -1157.75
e_aq^-1 -4.23383 -7.33734 -1154.19
e_aq^-1 -6.08831 -4.50499 -1153.81
e_aq^-1 27.4844 17.3524 -1157.4
e_aq^-1 -18.8989 -5.50978 -1158.37
e_aq^-1 -15.1431 3.22203 -1132.05
e_aq^-1 -14.5259 -2.20059 -1140.92
e_aq^-1 16.7201 -13.7082 -1156.37
e_aq^-1 -4.39372 -3.15906 -1144.13
e_aq^-1 -16.8764 -5.61994 -1172.27
e_aq^-1 -11.2407 6.81009 -1153.79
e_aq^-1 -3.49345 -1.04399 -1165.46
e_aq^-1 -3.21417 3.75369 -1145.52
e_aq^-1 -20.0553 -16.3504 -1173.56
e_aq^-1 -5.86327 4.39713 -1167.09
e_aq^-1 -5.22096 -7.56586 -1163.43
e_aq^-1 -3.36635 -3.65526 -1168.21
e_aq^-1 -40.1891 7.63005 -1170.63
e_aq^-1 -10.0999 -8.58933 -1172.84
e_aq^-1 -23.1974 9.78137 -1146.67
e_aq^-1 -11.3351 8.74015 -1169.59
e_aq^-1 -9.40129 14.0432 -1179.69
e_aq^-1 -24.4408 -9.54251 -1163.68
e_aq^-1 2.29522 -0.403274 -1177.88
e_aq^-1 -20.1532 -12.4221 -1178.4
e_aq^-1 25.7017 14.818 -1182.11
e_aq^-1 -2.7965 -0.253332 -1162.56
e_aq^-1 -8.46962 -6.03894 -1154.99
e_aq^-1 -13.6564 4.67652 -1166.31
e_aq^-1 -13.0886 -20.0831 -1163.99
e_aq^-1 -11.7638 5.35096 -1165.83
e_aq^-1 -3.86068 5.2241 -1177.52
e_aq^-1 13.5208 -9.26606 -1176.77
e_aq^-1 -31.1199 -23.4568 -1182.4
e_aq^-1 -3.53895 9.13379 -1160.63
e_aq^-1 -16.4339 3.53806 -1184.14
e_aq^-1 2.52126 -10.5618 -1161.61
e_aq^-1 -9.06823 -3.14627 -1166.14
e_aq^-1 -4.24513 19.1876 -1179.66
e_aq^-1 -13.8388 0.582819 -1175.94
e_aq^-1 0.929642 11.1514 -1178.76
e_aq^-1 -17.432 -6.41412 -1174.2
e_aq^-1 -24.2829 1.94188 -1161.71
e_aq^-1 7.02996 6.82008 -1185.74
e_aq^-1 -1.95834 4.73276 -1186.05
e_aq^-1 -26.1287 2.66336 -1192.37
e_aq^-1 -2.87187 -2.96163 -1178.87
e_aq^-1 2.04918 2.25431 -1180.59
e_aq^-1 -10.4735 7.35805 -1187.38
e_aq^-1 -8.17229 9.52377 -1181.13
e_aq^-1 -28.4968 -6.82338 -1179.73
e_aq^-1 -29.4515 4.30113 -1187.85
e_aq^-1 6.39789 -6.91296 -1188.44
e_aq^-1 -15.2937 11.9273 -1177.65
e_aq^-1 -5.21082 2.92425 -1186.82
e_aq^-1 10.4497 9.3403 -1178.26
e_aq^-1 -8.86373 5.36948 -1175.18
e_aq^-1 -17.2648 17.0758 -1196.93
e_aq^-1 -6.68879 -22.3718 -1188.65
e_aq^-1 -8.20925 -11.8958 -1174.03
e_aq^-1 -2.75507 1.4024 -1188.81
e_aq^-1 -8.47698 6.16873 -1174.35
e_aq^-1 -5.17102 -23.3977 -1185.24
e_aq^-1 -14.6108 -0.941978 -1180.27
e_aq^-1 -36.5963 18.2381 -1167.9
e_aq^-1 0.691492 -5.68912 -1186.54
e_aq^-1 -14.0502 -6.61971 -1188.79
e_aq^-1 -14.5434 -12.0499 -1185.95
e_aq^-1 -1.64115 16.8391 -1190.85
e_aq^-1 -10.6256 -4.7288 -1183.98
e_aq^-1 11.2633 2.70346 -1173.02
e_aq^-1 -2.45459 -0.61358 -1182.8
e_aq^-1 -11.492 -1.84644 -1183.07
e_aq^-1 -1.3292 -8.63421 -1191.83
e_aq^-1 -15.0052 -10.3629 -1188.02
e_aq^-1 -11.2996 18.2219 -1215.58
e_aq^-1 -29.8171 2.63455 -1199.31
e_aq^-1 -10.5563 7.76435 -1188.09
e_aq^-1 5.22779 -7.20264 -1191.55
e_aq^-1 -1.8527 1.50398 -1178.73
e_aq^-1 -14.2913 4.66972 -1198.62
e_aq^-1 -16.3411 0.778898 -1189.78
e_aq^-1 -20.0502 -7.22241 -1162.89
e_aq^-1 -2.08454 -18.0995 -1190.65
e_aq^-1 -21.3032 -7.31264 -1168.33
e_aq^-1 -7.34638 -6.26562 -1203.55
e_aq^-1 -5.29184 1.65339 -1194.09
e_aq^-1 0.251337 22.0904 -1188.95
e_aq^-1 -5.90385 13.1514 -1184.79
e_aq^-1 0.529021 -5.02061 -1179.8
e_aq^-1 -13.0677 6.79534 -1198.93
e_aq^-1 6.65348 -6.74063 -1222.47
e_aq^-1 -3.09159 -7.25921 -1190.21
e_aq^-1 9.98128 0.979087 -1193.89
e_aq^-1 -22.4608 -6.95862 -1181.22
e_aq^-1 -5.41532 7.0329 -1191.73
e_aq^-1 -1.48546 -8.50417 -1200.76
e_aq^-1 -9.61428 -3.76307 -1186.16
e_aq^-1 -15.1758 18.7954 -1183.65
e_aq^-1 -3.74681 -4.8453 -1196.75
e_aq^-1 -22.284 1.27121 -1197.72
e_aq^-1 -3.67586 -9.57124 -1199.12
e_aq^-1 -22.2025 8.20665 -1190.92
e_aq^-1 -0.613951 -13.5119 -1196.8
e_aq^-1 1.9368 19.3546 -1192.47
e_aq^-1 -0.870343 -16.8788 -1195.39
e_aq^-1 -24.9156 -0.519679 -1204.69
e_aq^-1 -4.78174 -4.33928 -1179.25
e_aq^-1 -7.98496 -4.6215 -1206.3
e_aq^-1 -1.1362 5.2648 -1205
e_aq^-1 -12.119 1.68735 -1201.45
e_aq^-1 -26.6943 4.00816 -1222.95
e_aq^-1 -17.8363 30.8629 -1208.4
e_aq^-1 2.91861 15.8078 -1208.54
e_aq^-1 2.04928 1.93839 -1200.25
e_aq^-1 -17.2574 7.61301 -1217.39
e_aq^-1 -9.23137 -5.35627 -1215.3
e_aq^-1 -5.70844 -5.72976 -1202.94
e_aq^-1 -13.1135 -3.17754 -1200.22
e_aq^-1 0.216199 -4.97434 -1217.98
e_aq^-1 -26.0352 -0.188678 -1199.38
e_aq^-1 -12.1843 -3.27502 -1212.18
e_aq^-1 -17.9283 -6.79005 -1201.53
e_aq^-1 -19.5299 14.8533 -1206.7
e_aq^-1 -7.7733 11.4211 -1212.5
e_aq^-1 -3.89837 -3.04496 -1213.46
e_aq^-1 2.11421 1.9536 -1220.47
e_aq^-1 -8.89027 -20.5043 -1194.53
e_aq^-1 4.50806 -0.0972702 -1227.08
e_aq^-1 -1.2115 5.84274 -1217.65
e_aq^-1 -5.59414 -4.38952 -1212.49
e_aq^-1 -13.3857 9.97249 -1219.72
e_aq^-1 -29.6927 1.95204 -1210.06
e_aq^-1 8.0603 20.1421 -1214.42
e_aq^-1 -14.0129 1.11456 -1220.85
e_aq^-1 5.3782 8.6504 -1218.03
e_aq^-1 -16.3676 3.23422 -1212.24
e_aq^-1 4.49503 -13.8341 -1205.3
e_aq^-1 -16.0026 -7.08573 -1222.77
e_aq^-1 -29.6864 -4.7271 -1217.83
e_aq^-1 11.9614 -23.3564 -1229.18
e_aq^-1 -17.9509 1.67834 -1228.55
e_aq^-1 1.85009 -10.034 -1247.27
e_aq^-1 -19.4548 -13.6297 -1238.99
e_aq^-1 -11.4468 -0.0692301 -1228.34
e_aq^-1 -19.7528 11.31 -1229.21
e_aq^-1 -17.185 4.76571 -1200.8
e_aq^-1 2.391 8.62442 -1209.11
e_aq^-1 -11.9564 12.3568 -1213.48
e_aq^-1 -15.5637 -5.04637 -1259.12
e_aq^-1 -20.0928 -2.03213 -1228.95
e_aq^-1 -17.4059 1.1701 -1221.24
e_aq^-1 -21.1083 -2.99134 -1226.97
e_aq^-1 -17.5452 6.91569 -1212.53
e_aq^-1 -14.3908 11.2649 -1250.22
e_aq^-1 5.57074 11.7479 -1200.41
e_aq^-1 10.4104 -1.35083 -1220.24
e_aq^-1 -11.5997 4.89687 -1217.13
e_aq^-1 -7.15723 -2.82356 -1222.58
e_aq^-1 25.2619 20.7782 -1240.96
e_aq^-1 15.6236 3.28464 -1218.32
e_aq^-1 -17.4511 12.5162 -1225.3
e_aq^-1 -12.0215 7.4147 -1232.57
e_aq^-1 -9.84838 -0.404587 -1227.39
e_aq^-1 -5.3217 -6.13793 -1215.28
e_aq^-1 -28.892 6.11457 -1204.31
e_aq^-1 -14.4215 19.8689 -1227.39
e_aq^-1 -13.1003 -1.63912 -1220.23
e_aq^-1 -20.4438 2.64473 -1224.44
e_aq^-1 -11.6596 6.17837 -1222.28
e_aq^-1 -13.6148 -2.88704 -1221.71
e_aq^-1 -11.6674 -3.52089 -1213.43
e_aq^-1 -6.35169 22.5617 -1211.66
e_aq^-1 15.084 8.09058 -1249.57
e_aq^-1 -21.4609 7.30245 -1213.78
e_aq^-1 -26.9003 -4.27301 -1217.65
e_aq^-1 -25.112 -13.8766 -1220.65
e_aq^-1 -4.86976 -2.68392 -1215.13
e_aq^-1 -15.1488 -0.0350042 -1222.02
e_aq^-1 -12.8863 -7.86626 -1204.02
e_aq^-1 -24.8684 -0.270612 -1229.43
e_aq^-1 -11.089 -9.10088 -1219.52
e_aq^-1 -2.04292 -0.125422 -1219.85
e_aq^-1 2.40123 10.5334 -1218.55
e_aq^-1 4.81125 4.00419 -1217.28
e_aq^-1 -15.3344 -8.03831 -1229.2
e_aq^-1 -10.3013 -2.00089 -1229.14
e_aq^-1 -2.10179 1.13793 -1225.81
e_aq^-1 -8.22571 -5.6534 -1234.25
e_aq^-1 -4.17635 -1.03243 -1230.33
e_aq^-1 -15.7524 13.6251 -1223.92
e_aq^-1 -14.5163 -2.16334 -1225.25
e_aq^-1 0.232942 19.6083 -1223.44
e_aq^-1 -12.4785 -0.709658 -1230.06
e_aq^-1 -13.524 -1.41259 -1229.09
e_aq^-1 -7.56045 11.1658 -1215.75
e_aq^-1 -16.6868 -3.76941 -1240.8
e_aq^-1 -4.41456 -2.22979 -1219.17
e_aq^-1 -16.025 3.67885 -1238.28
e_aq^-1 -6.04856 -7.30736 -1223.09
e_aq^-1 -19.8344 2.1278 -1223.45
e_aq^-1 11.2916 9.23748 -1250.22
e_aq^-1 -19.0354 -0.132879 -1232.45
e_aq^-1 1.03948 23.6564 -1223.97
e_aq^-1 -22.2317 2.70558 -1198.21
e_aq^-1 -11.7968 11.6117 -1229.6
e_aq^-1 -15.2482 -4.77636 -1242.37
e_aq^-1 -12.992 16.8025 -1245.86
e_aq^-1 -19.7847 -9.36717 -1245.36
e_aq^-1 -18.5814 -5.29864 -1235.39
e_aq^-1 -19.6104 -4.59202 -1221.17
e_aq^-1 -16.4824 -1.50542 -1240.9
e_aq^-1 -8.82042 16.7514 -1237
e_aq^-1 -8.03763 -14.2715 -1229.61
e_aq^-1 0.723861 -3.2552 -1237.58
e_aq^-1 -2.92445 -6.11695 -1225.37
e_aq^-1 -11.2025 -14.2783 -1240.87
e_aq^-1 -3.41867 -2.81472 -1219.72
e_aq^-1 -5.26353 -2.5624 -1248.97
e_aq^-1 -9.05228 5.37443 -1229.84
e_aq^-1 -11.4612 0.0671099 -1247.37
e_aq^-1 12.413 7.17307 -1245.1
e_aq^-1 4.1168 -8.56217 -1233.59
e_aq^-1 -7.24513 -1.03004 -1240.45
e_aq^-1 3.78848 1.8551 -1242.45
e_aq^-1 -4.46927 4.03654 -1251.86
e_aq^-1 -16.0945 -2.39985 -1243.48
e_aq^-1 -2.71633 12.8962 -1238.99
e_aq^-1 -9.1796 6.00668 -1253.19
e_aq^-1 -10.4848 12.7822 -1250.25
e_aq^-1 -0.649771 3.83493 -1245.34
e_aq^-1 -0.465885 -0.403925 -1241.23
e_aq^-1 -11.5258 -6.43206 -1260
e_aq^-1 -3.78295 6.90056 -1259.28
e_aq^-1 -7.13024 12.3332 -1247.66
e_aq^-1 -5.36162 6.26523 -1250.37
e_aq^-1 2.30158 8.93766 -1245.13
e_aq^-1 2.11369 6.01107 -1249.4
e_aq^-1 -5.48311 10.3746 -1266.63
e_aq^-1 6.00929 -4.04961 -1254.5
e_aq^-1 -2.89621 2.10616 -1254.07
e_aq^-1 -4.79096 10.4798 -1253.92
e_aq^-1 -3.80216 6.1056 -1255.67
e_aq^-1 -6.05699 -1.37147 -1257.46
e_aq^-1 -8.86108 -0.842422 -1255.66
e_aq^-1 -12.913 5.45021 -1256.21
e_aq^-1 14.7893 -4.89836 -1245
e_aq^-1 -7.74677 -7.32159 -1264.29
e_aq^-1 12.1061 8.71512 -1256.17
e_aq^-1 -13.9043 4.82485 -1257.36
e_aq^-1 -1.45179 7.61692 -1260.62
e_aq^-1 -17.2729 4.36398 -1257.96
e_aq^-1 -5.91678 -2.29383 -1262.18
e_aq^-1 -6.39041 7.42621 -1270.89
e_aq^-1 -17.3924 5.72748 -1245.58
e_aq^-1 1.31594 -2.30639 -1274.28
e_aq^-1 -4.2692 -17.7973 -1232.43
e_aq^-1 -10.7955 11.5285 -1256.51
e_aq^-1 -16.1983 -3.35866 -1275.38
e_aq^-1 2.57286 21.6959 -1265.23
e_aq^-1 -3.51557 2.64073 -1258.59
e_aq^-1 -20.9919 -4.2146 -1264.76
e_aq^-1 -12.8541 3.81708 -1259.54
e_aq^-1 10.3952 -4.92048 -1273
e_aq^-1 -2.3304 5.8393 -1272.92
e_aq^-1 12.7241 -8.61673 -1282.69
e_aq^-1 -15.7377 14.0636 -1268.67
e_aq^-1 -6.2785 -4.46168 -1253.23
e_aq^-1 -8.86522 4.15626 -1265.42
e_aq^-1 -13.4558 11.2104 -1285.26
e_aq^-1 -3.56957 21.4026 -1273.37
e_aq^-1 4.70901 1.69087 -1265.39
e_aq^-1 -9.19358 21.9377 -1277.13
e_aq^-1 -5.81228 11.7812 -1260.05
e_aq^-1 -8.15694 10.7689 -1252.75
e_aq^-1 -1.43133 1.84176 -1268.72
e_aq^-1 0.128 4.08341 -1267.76
e_aq^-1 -19.4125 -2.93732 -1273.08
e_aq^-1 -9.36337 7.8333 -1278.45
e_aq^-1 17.191 5.89091 -1284.43
e_aq^-1 12.4555 22.1073 -1308.14
e_aq^-1 -33.1845 -13.2338 -1270.92
e_aq^-1 -25.0839 8.65825 -1259.07
e_aq^-1 -7.09159 17.6269 -1272.89
e_aq^-1 -17.4676 4.17135 -1269.2
e_aq^-1 -10.2863 -4.76949 -1276.67
e_aq^-1 20.8714 -5.97408 -1287.13
e_aq^-1 -7.22753 8.11076 -1290.02
e_aq^-1 10.6266 -11.274 -1282.55
e_aq^-1 -34.3404 24.9292 -1282.21
e_aq^-1 -8.37072 7.38398 -1287.42
e_aq^-1 -4.40444 19.7365 -1271.1
e_aq^-1 -17.0833 33.3878 -1277.28
e_aq^-1 -7.24202 18.747 -1269.48
e_aq^-1 -9.06048 5.49809 -1286.06
e_aq^-1 -13.0411 12.7388 -1318.32
e_aq^-1 -3.82332 3.38032 -1285.47
e_aq^-1 -9.75801 -4.10443 -1271.92
e_aq^-1 -6.18554 17.3866 -1287.78
e_aq^-1 -20.2474 -2.58502 -1281.32
e_aq^-1 -18.3402 -2.95803 -1293.5
e_aq^-1 1.93548 12.703 -1298.88
e_aq^-1 -12.818 3.98732 -1293.1
e_aq^-1 -5.77788 -11.4544 -1270.72
e_aq^-1 -14.6806 19.3192 -1270.27
e_aq^-1 -11.3964 0.358323 -1266.76
e_aq^-1 -2.23212 6.88941 -1252.38
e_aq^-1 -7.16906 -6.91467 -1300.88
e_aq^-1 -18.5777 0.509204 -1289.04
e_aq^-1 -16.3848 1.42372 -1283.1
e_aq^-1 5.24351 -5.63168 -1300.1
e_aq^-1 -7.53485 11.3752 -1320.79
e_aq^-1 -8.11676 0.651741 -1260.42
e_aq^-1 25.0449 1.88857 -1280.42
e_aq^-1 0.982512 0.266162 -1288.76
e_aq^-1 7.36018 20.1194 -1276.3
e_aq^-1 -1.88812 8.71913 -1304.8
e_aq^-1 -17.3037 5.67765 -1292.78
e_aq^-1 -26.3173 -5.91631 -1307.39
e_aq^-1 -4.54033 3.93826 -1292.59
e_aq^-1 -4.67961 4.8832 -1293.95
e_aq^-1 -8.97842 3.03185 -1291.15
e_aq^-1 -7.72799 17.3521 -1286.47
e_aq^-1 -14.0437 5.33257 -1289.94
e_aq^-1 -12.296 -5.504 -1311.99
e_aq^-1 4.65786 -5.89857 -1299.34
e_aq^-1 9.09502 -12.1359 -1299.72
e_aq^-1 -9.57116 -4.72784 -1301.13
e_aq^-1 -23.0801 22.9603 -1306.48
e_aq^-1 -6.5331 15.6294 -1306.38
e_aq^-1 -16.2267 -4.23286 -1323.06
e_aq^-1 -12.9085 -0.204386 -1306.12
e_aq^-1 -6.14959 20.0349 -1289.33
e_aq^-1 18.0304 35.0922 -1311.16
e_aq^-1 -2.89985 -2.70568 -1305.46
e_aq^-1 4.87277 4.59227 -1298.18
e_aq^-1 4.97887 1.87261 -1296.17
e_aq^-1 -2.96965 7.67568 -1304.54
e_aq^-1 4.32507 -18.8138 -1298.99
e_aq^-1 2.31471 2.25646 -1288.01
e_aq^-1 -8.87605 3.39383 -1303.89
e_aq^-1 -22.5404 13.8776 -1300.82
e_aq^-1 -13.1208 -13.258 -1302.13
e_aq^-1 -6.56124 7.14873 -1314.82
e_aq^-1 -6.18924 -3.06194 -1315.78
e_aq^-1 -8.55523 -1.82289 -1299.59
e_aq^-1 -32.0736 12.7008 -1323.23
e_aq^-1 -3.76922 -13.3073 -1289.72
e_aq^-1 -1.62987 25.3561 -1300.49
e_aq^-1 -11.7078 0.22859 -1303
e_aq^-1 -2.59117 7.3807 -1293.16
e_aq^-1 -1.34859 3.58716 -1294.55
e_aq^-1 15.9345 -4.47334 -1299.37
e_aq^-1 -7.08272 -3.52193 -1306.56
e_aq^-1 0.92862 3.40369 -1322.58
e_aq^-1 -4.20631 11.5695 -1296.07
e_aq^-1 -7.57447 14.4479 -1316.02
e_aq^-1 -5.51426 -3.17166 -1304.57
e_aq^-1 -17.8407 9.71215 -1306.34
e_aq^-1 -10.0006 -11.3093 -1305.95
e_aq^-1 -2.43194 -1.26195 -1306.05
e_aq^-1 4.25528 -5.84823 -1318.86
e_aq^-1 -2.07671 -0.144683 -1308.93
e_aq^-1 -9.66562 0.464248 -1306.35
e_aq^-1 -16.7635 8.48026 -1309.5
e_aq^-1 -11.0187 4.27628 -1278.19
e_aq^-1 9.76523 -3.34044 -1330.92
e_aq^-1 -19.7758 3.22853 -1296.42
e_aq^-1 -6.67141 -7.36674 -1309.63
e_aq^-1 -15.4874 5.65188 -1315.57
e_aq^-1 -3.89045 6.14759 -1317.96
e_aq^-1 -12.4721 -0.808947 -1317.02
e_aq^-1 -2.60981 10.6474 -1323.94
e_aq^-1 -1.79561 -0.584824 -1317.23
e_aq^-1 -4.01652 7.06119 -1315.68
e_aq^-1 2.40571 3.4503 -1313.93
e_aq^-1 9.45679 6.79149 -1316.47
e_aq^-1 7.55948 6.53959 -1318.68
e_aq^-1 -0.820976 1.07174 -1313.03
e_aq^-1 -11.8675 9.40109 -1311.69
e_aq^-1 -20.2711 36.923 -1318.63
e_aq^-1 22.68 15.4957 -1322.12
e_aq^-1 -17.352 -9.01246 -1314.67
e_aq^-1 -8.39606 -5.49042 -1311.25
e_aq^-1 -10.0109 1.43055 -1314.82
e_aq^-1 8.0106 -6.02952 -1328
e_aq^-1 -15.0886 -16.7633 -1325.61
e_aq^-1 -1.58707 -2.89382 -1319.4
e_aq^-1 -4.12347 5.03194 -1316.96
e_aq^-1 -5.76466 11.0147 -1323.1
e_aq^-1 -22.8754 -11.6364 -1325.92
e_aq^-1 -10.9828 -5.21862 -1324.06
e_aq^-1 -8.83138 10.9747 -1337.21
e_aq^-1 1.49742 1.24514 -1320.82
e_aq^-1 -15.2132 -5.27325 -1323.82
e_aq^-1 -6.2206 4.63345 -1334.41
e_aq^-1 -14.8007 3.63901 -1331.64
e_aq^-1 -11.1407 -13.4403 -1341.61
e_aq^-1 -12.563 12.994 -1309.54
e_aq^-1 -3.60033 7.65364 -1331.69
e_aq^-1 -18.9912 -7.21539 -1325
e_aq^-1 -14.9544 -2.44722 -1324.58
e_aq^-1 -3.4973 -19.8123 -1324.77
e_aq^-1 -4.60286 -2.19217 -1335.83
e_aq^-1 -6.67551 -8.58823 -1329.76
e_aq^-1 -23.2188 14.5778 -1334.33
e_aq^-1 -15.436 -3.14547 -1335.21
e_aq^-1 -8.90904 8.01933 -1342.28
e_aq^-1 3.95681 1.31052 -1324.99
e_aq^-1 -10.0273 -5.01427 -1333.44
e_aq^-1 -13.2243 1.78596 -1344.41
e_aq^-1 0.742054 4.09404 -1338.52
e_aq^-1 17.3504 29.0138 -1328.14
e_aq^-1 -29.9981 -6.57033 -1334.3
e_aq^-1 -31.7409 11.1308 -1317.99
e_aq^-1 14.4398 -16.5481 -1330.81
e_aq^-1 -11.575 8.65717 -1328.87
e_aq^-1 12.2143 2.84218 -1323.94
e_aq^-1 -1.82416 22.0312 -1344.47
e_aq^-1 -9.75495 11.7809 -1343.77
e_aq^-1 10.6412 24.5186 -1368.27
e_aq^-1 2.82269 -1.18194 -1347.27
e_aq^-1 -4.43632 6.30902 -1341.3
e_aq^-1 -13.4778 -4.69304 -1348.6
e_aq^-1 12.706 11.0549 -1329.06
e_aq^-1 0.532918 -5.03726 -1351.38
e_aq^-1 -32.3584 -10.7677 -1342.63
e_aq^-1 -1.66928 10.1446 -1360.8
e_aq^-1 -5.98338 -3.28269 -1343.07
e_aq^-1 -0.0241795 2.84773 -1346.19
e_aq^-1 6.52881 4.57945 -1363.45
e_aq^-1 -18.0117 6.47424 -1342.39
e_aq^-1 -28.0132 8.16302 -1334.26
e_aq^-1 -10.061 15.2962 -1349.31
e_aq^-1 -3.42193 14.4552 -1358.02
e_aq^-1 9.87651 -16.2671 -1331.02
e_aq^-1 0.420164 2.5605 -1346.15
e_aq^-1 -13.0698 2.50529 -1345.99
e_aq^-1 -6.97061 29.2109 -1390.28
e_aq^-1 3.86418 2.14667 -1343.45
e_aq^-1 1.61258 -19.965 -1349.44
e_aq^-1 10.0087 5.0999 -1342.62
e_aq^-1 -0.0751346 5.89234 -1345.85
e_aq^-1 -14.1484 4.85802 -1338.19
e_aq^-1 -18.1314 -4.56061 -1331.23
e_aq^-1 -0.409498 8.86388 -1352.89
e_aq^-1 -13.3168 -4.67169 -1342.87
e_aq^-1 8.39244 -16.8701 -1329.76
e_aq^-1 -3.58915 -11.9542 -1344.18
e_aq^-1 -5.76981 -3.55903 -1356.04
e_aq^-1 14.3576 -9.78034 -1357.11
e_aq^-1 -5.56476 -1.91643 -1356.67
e_aq^-1 -11.6573 -16.4676 -1343.43
e_aq^-1 -2.61317 -1.96291 -1357.81
e_aq^-1 -0.186364 12.419 -1355.69
e_aq^-1 -6.35371 1.96197 -1357.99
e_aq^-1 -4.97219 12.5649 -1345.54
e_aq^-1 -0.289327 0.321106 -1358.06
e_aq^-1 -4.33221 18.7705 -1358.7
e_aq^-1 -0.138573 -8.76023 -1348.92
e_aq^-1 5.17783 -11.5686 -1365.45
e_aq^-1 0.0587068 -11.0591 -1342.19
e_aq^-1 0.0533321 -0.0559171 -1358.66
e_aq^-1 11.7888 -6.15408 -1363.51
e_aq^-1 2.51196 -6.48309 -1371.89
e_aq^-1 -22.5905 12.0605 -1358.9
e_aq^-1 1.34335 0.430924 -1373.71
e_aq^-1 -9.10574 2.17631 -1369.79
e_aq^-1 -25.3755 1.55592 -1379.69
e_aq^-1 -2.44389 -16.4641 -1367.93
e_aq^-1 -15.0898 9.27725 -1365.66
e_aq^-1 -6.90061 2.93202 -1374.43
e_aq^-1 -1.52104 16.3438 -1370.34
e_aq^-1 0.0645554 -5.98588 -1362.62
e_aq^-1 3.13319 10.9591 -1375.17
e_aq^-1 -17.1016 5.92788 -1352.68
e_aq^-1 -18.7549 -6.18862 -1361.96
e_aq^-1 5.12141 -10.7935 -1365.86
e_aq^-1 -29.4645 16.9116 -1360.88
e_aq^-1 5.39227 -6.11089 -1366.74
e_aq^-1 -10.8819 -2.69231 -1368
e_aq^-1 -25.307 7.12537 -1358.55
e_aq^-1 -3.77278 -8.91351 -1363.36
e_aq^-1 1.55446 11.2792 -1383.06
e_aq^-1 -22.1398 1.83786 -1367.22
e_aq^-1 -5.84452 -5.5136 -1383.78
e_aq^-1 -15.9372 -7.78313 -1375.23
e_aq^-1 -5.24989 29.194 -1372.1
e_aq^-1 15.3993 2.58343 -1359.5
e_aq^-1 -20.5646 -5.05472 -1369.12
e_aq^-1 -20.901 2.44039 -1381.59
e_aq^-1 -7.46042 6.06863 -1379.44
e_aq^-1 -8.49266 7.28096 -1380.36
e_aq^-1 -21.9105 8.59581 -1411.11
e_aq^-1 3.97022 15.8007 -1361.74
e_aq^-1 -11.2246 8.27337 -1398.29
e_aq^-1 -8.90891 -7.06032 -1365.57
e_aq^-1 -8.85467 -1.51449 -1361.55
e_aq^-1 -8.88545 -0.402429 -1362.44
e_aq^-1 1.24224 1.09349 -1381.89
e_aq^-1 2.19909 -0.148681 -1383.29
e_aq^-1 3.60541 8.73419 -1383.78
e_aq^-1 -7.08888 -1.97876 -1370.95
e_aq^-1 11.0343 24.8944 -1363.16
e_aq^-1 -2.63585 6.83829 -1383.67
e_aq^-1 0.799325 -3.37784 -1378.17
e_aq^-1 -4.42058 7.33395 -1389.16
e_aq^-1 -4.52265 14.1341 -1385.97
e_aq^-1 -8.8578 6.04748 -1387.38
e_aq^-1 -15.442 3.47103 -1380.73
e_aq^-1 15.4392 -3.55531 -1385.18
e_aq^-1 -3.0439 4.08422 -1385.99
e_aq^-1 15.5107 -0.125112 -1375.25
e_aq^-1 -7.57952 -0.517767 -1387.11
e_aq^-1 -2.97947 -18.3514 -1399.19
e_aq^-1 4.9382 -16.4346 -1389.98
e_aq^-1 -1.63706 6.33211 -1388.99
e_aq^-1 -5.59584 -13.5157 -1387.78
e_aq^-1 -9.71115 1.91761 -1386.05
e_aq^-1 -9.93439 1.3282 -1387.72
e_aq^-1 -22.4837 5.89949 -1391.96
e_aq^-1 2.57562 17.6241 -1376.77
e_aq^-1 -9.74596 7.1212 -1385.72
e_aq^-1 -10.9737 2.46484 -1388.21
e_aq^-1 -0.496923 9.31795 -1373.42
e_aq^-1 -14.3663 -3.4299 -1400.72
e_aq^-1 1.22925 -4.99517 -1387.11
e_aq^-1 -6.33883 -7.9116 -1390.36
e_aq^-1 -23.5635 -9.69268 -1363.91
e_aq^-1 0.438516 3.29699 -1386.28
e_aq^-1 0.519473 6.99313 -1396.97
e_aq^-1 -17.1515 -9.07912 -1381.79
e_aq^-1 2.06699 -39.0462 -1368.59
e_aq^-1 -9.20727 -17.7176 -1368.06
e_aq^-1 -15.9906 -22.8969 -1375.78
e_aq^-1 6.45151 -2.6788 -1385.4
e_aq^-1 -14.476 4.21906 -1383.92
e_aq^-1 6.54717 5.27496 -1369.54
e_aq^-1 -6.26277 11.7099 -1398.18
e_aq^-1 -6.95982 5.83201 -1390.77
e_aq^-1 6.43434 -15.4822 -1411.17
e_aq^-1 3.84363 8.6764 -1383.33
e_aq^-1 -0.848533 5.48496 -1402.33
e_aq^-1 -14.6001 -3.48111 -1389.39
e_aq^-1 1.21597 -7.91922 -1388.22
e_aq^-1 0.107255 0.746412 -1372.07
e_aq^-1 -5.68234 11.3809 -1393.93
e_aq^-1 -8.45759 4.13294 -1401.08
e_aq^-1 -2.33499 4.20577 -1398.32
e_aq^-1 -0.737557 13.0721 -1405.05
e_aq^-1 2.04874 -11.5397 -1383.65
e_aq^-1 0.363264 -1.08333 -1397.54
e_aq^-1 -0.739143 11.8485 -1400.45
e_aq^-1 -14.5939 -3.49298 -1414.82
e_aq^-1 -11.4759 12.4773 -1391.97
e_aq^-1 -15.193 7.26885 -1400.18
e_aq^-1 -6.28114 -17.3189 -1398.92
e_aq^-1 -32.0354 1.65423 -1420.57
e_aq^-1 3.31173 0.856975 -1409.49
e_aq^-1 -10.7011 -16.1495 -1405.83
e_aq^-1 1.09771 4.90634 -1395.9
e_aq^-1 3.08195 -3.90048 -1423.57
e_aq^-1 -5.16156 -12.1658 -1388.77
e_aq^-1 4.05718 -2.85631 -1407.81
e_aq^-1 1.05019 4.03754 -1407.98
e_aq^-1 5.50098 -1.75096 -1411.93
e_aq^-1 10.85 -19.5367 -1397.27
e_aq^-1 -7.48857 -21.3222 -1410.08
e_aq^-1 0.558625 1.7005 -1404.85
e_aq^-1 6.75286 12.3724 -1405.15
e_aq^-1 2.1662 11.0538 -1417.43
e_aq^-1 10.4387 -11.9655 -1408.33
e_aq^-1 -21.1707 15.0889 -1408.9
e_aq^-1 17.7068 2.49203 -1393.35
e_aq^-1 0.00353516 -5.05191 -1416.97
e_aq^-1 5.06123 -1.36668 -1411.47
e_aq^-1 0.354022 5.69396 -1413.03
e_aq^-1 1.52762 -6.54135 -1410.1
e_aq^-1 2.61708 -2.13517 -1408.33
e_aq^-1 -16.5832 -23.2787 -1422.04
e_aq^-1 -1.6764 -15.2557 -1436.32
e_aq^-1 2.58928 16.9589 -1406.99
e_aq^-1 -5.23088 -7.2567 -1428.64
e_aq^-1 12.0541 0.495053 -1394.64
e_aq^-1 4.57839 7.41343 -1412.36
e_aq^-1 10.4471 0.933373 -1395.29
e_aq^-1 -15.1811 -2.76937 -1431.94
e_aq^-1 -13.3753 -10.2292 -1423.35
e_aq^-1 -27.8658 -17.6433 -1424.24
e_aq^-1 14.6654 -4.4644 -1427.67
e_aq^-1 10.5225 -5.87173 -1411.34
e_aq^-1 1.51993 -2.92967 -1442.73
e_aq^-1 -6.56863 25.4863 -1427.64
e_aq^-1 17.1691 -14.23 -1423.28
e_aq^-1 5.09231 0.307309 -1435.71
e_aq^-1 -10.7495 -16.4414 -1436.3
e_aq^-1 -17.6641 -21.2961 -1437.41
e_aq^-1 -3.17505 7.84235 -1396.14
e_aq^-1 -5.88452 5.87384 -1421.67
e_aq^-1 1.40958 -1.82629 -1434.83
e_aq^-1 -0.867657 8.73515 -1416.91
e_aq^-1 -0.827118 6.93449 -1427.31
e_aq^-1 -6.76735 -1.80682 -1428.9
e_aq^-1 16.4041 1.88529 -1435.46
e_aq^-1 -21.371 -37.7217 -1445.41
e_aq^-1 -3.89705 -11.2752 -1447.47
e_aq^-1 -8.02353 13.2122 -1437.45
e_aq^-1 0.0025463 12.722 -1418.09
e_aq^-1 20.149 8.98222 -1423.88
e_aq^-1 24.2455 -7.0941 -1439.32
e_aq^-1 0.736934 -11.894 -1426.73
e_aq^-1 -20.6487 5.1851 -1437.84
e_aq^-1 2.834 0.655144 -1436.01
e_aq^-1 1.52341 -0.498173 -1434.42
e_aq^-1 -11.3182 -8.84005 -1427.57
e_aq^-1 -9.14222 -13.6917 -1448.93
e_aq^-1 0.139302 3.78655 -1438.61
e_aq^-1 8.86278 24.3039 -1449.32
e_aq^-1 -1.19015 -5.57996 -1441.98
e_aq^-1 -0.568198 -5.7011 -1440.81
e_aq^-1 3.57295 -6.53436 -1457.77
e_aq^-1 -1.13673 -19.9185 -1434.56
e_aq^-1 5.35533 -13.1591 -1433.72
e_aq^-1 9.25693 4.24705 -1435.41
e_aq^-1 1.53098 9.01408 -1448.3
e_aq^-1 -2.40359 -28.4718 -1441.59
e_aq^-1 -0.457337 -5.16721 -1445.22
e_aq^-1 3.28488 2.52057 -1459.79
e_aq^-1 -6.95446 -5.59447 -1460.41
e_aq^-1 -2.84079 -6.92781 -1448.37
e_aq^-1 6.31091 -1.3732 -1427.68
e_aq^-1 8.53332 -13.0875 -1455.59
e_aq^-1 3.98476 -1.38282 -1449.44
e_aq^-1 -3.93042 -3.26136 -1466.15
e_aq^-1 7.18834 -0.558191 -1432.17
e_aq^-1 -1.73246 -7.5336 -1426.47
e_aq^-1 29.259 6.111 -1441.31
e_aq^-1 0.00592752 26.5875 -1450.62
e_aq^-1 6.08705 12.3843 -1458.45
e_aq^-1 -10.7599 0.18799 -1458.26
e_aq^-1 2.57328 -12.1546 -1455.39
e_aq^-1 11.5038 -16.596 -1444.44
e_aq^-1 -0.280006 -9.14348 -1448.18
e_aq^-1 -0.539522 -19.5216 -1463.41
e_aq^-1 0.990165 8.33259 -1443.02
e_aq^-1 -11.9739 -0.807074 -1442.8
e_aq^-1 -15.0848 -13.139 -1462.67
e_aq^-1 -24.22 -0.199981 -1442.51
e_aq^-1 26.2569 -1.3901 -1458.73
e_aq^-1 8.02504 8.12687 -1464.82
e_aq^-1 1.31321 1.47076 -1449.18
e_aq^-1 10.1691 2.91215 -1460.63
e_aq^-1 15.4955 -21.1219 -1461.99
e_aq^-1 3.29421 4.8115 -1459.89
e_aq^-1 -3.3976 5.18788 -1446.45
e_aq^-1 8.54822 15.1058 -1446.22
e_aq^-1 -10.4616 -2.19447 -1457.08
e_aq^-1 3.95551 1.95726 -1477.96
e_aq^-1 -7.46489 -4.45737 -1458.17
e_aq^-1 -1.91844 -16.6414 -1428.55
e_aq^-1 -26.4518 24.9752 -1473.61
e_aq^-1 -12.4372 -13.1564 -1451.89
e_aq^-1 15.5348 -13.7123 -1461.85
e_aq^-1 -14.2409 3.11696 -1445.16
e_aq^-1 4.15327 8.49568 -1475.15
e_aq^-1 -13.1086 3.3854 -1466.13
e_aq^-1 4.78668 -1.05294 -1455.99
e_aq^-1 -12.7518 -1.48695 -1468.73
e_aq^-1 -12.1978 -1.63891 -1469.35
e_aq^-1 -4.10733 -6.12734 -1465.29
e_aq^-1 -19.2238 -8.95008 -1445.01
e_aq^-1 8.21623 -4.08474 -1463.65
e_aq^-1 -8.9901 -0.554596 -1456.74
e_aq^-1 0.257611 15.0227 -1444.52
e_aq^-1 7.3677 1.92932 -1475.91
e_aq^-1 -4.0728 -3.16422 -1469.86
e_aq^-1 3.28951 -16.2006 -1462.67
e_aq^-1 4.08703 -0.684261 -1455.75
e_aq^-1 -25.9822 6.04643 -1438.98
e_aq^-1 -4.88694 2.21257 -1441.82
e_aq^-1 -15.5859 21.6134 -1449.78
e_aq^-1 11.0041 -23.6243 -1463.15
e_aq^-1 -8.70432 1.78926 -1463.11
e_aq^-1 -6.55402 2.07964 -1460.32
e_aq^-1 4.02816 0.164494 -1466.58
e_aq^-1 6.64667 12.3559 -1463.41
e_aq^-1 -14.7127 -13.5822 -1446.94
e_aq^-1 -6.26849 0.483685 -1459.19
e_aq^-1 10.8527 -20.4719 -1455.12
e_aq^-1 -5.3557 1.65763 -1451.01
e_aq^-1 -16.762 5.21386 -1446.12
e_aq^-1 13.5395 -28.0179 -1483.25
e_aq^-1 12.4738 18.8023 -1449.32
e_aq^-1 -3.62145 5.83393 -1464.86
e_aq^-1 3.2023 1.32416 -1465.25
e_aq^-1 -6.78367 1.36747 -1454.89
e_aq^-1 4.5096 -6.4638 -1462.22
e_aq^-1 -1.18258 19.6783 -1466.76
e_aq^-1 -0.177703 6.17746 -1464.75
e_aq^-1 -10.8081 7.75887 -1478.2
e_aq^-1 -10.8986 15.3943 -1462.87
e_aq^-1 6.35709 -8.57324 -1462.57
e_aq^-1 5.89612 -3.19297 -1465.95
e_aq^-1 2.30716 -11.9252 -1457.45
e_aq^-1 4.36357 -3.52585 -1475.2
e_aq^-1 8.63281 -5.83629 -1453.5
e_aq^-1 -10.3814 2.97883 -1479.79
e_aq^-1 -4.46756 6.3061 -1471.07
e_aq^-1 -4.01453 3.63164 -1483.5
e_aq^-1 12.8892 -11.1205 -1459.61
e_aq^-1 9.5345 2.95106 -1478.58
e_aq^-1 5.09764 5.39341 -1464.85
e_aq^-1 -24.1428 -4.10744 -1485.12
e_aq^-1 4.22976 0.410218 -1472.75
e_aq^-1 -2.769 -5.72582 -1484.03
e_aq^-1 -9.85348 12.3894 -1476.27
e_aq^-1 -2.03397 -3.04746 -1475.65
e_aq^-1 7.90188 5.57227 -1470.25
e_aq^-1 -4.28641 22.6312 -1477.02
e_aq^-1 -2.70957 10.0043 -1485.07
e_aq^-1 -15.3727 -13.2638 -1455.95
e_aq^-1 4.70018 -3.56144 -1471.64
e_aq^-1 -8.33156 -9.75578 -1489.64
e_aq^-1 -9.39806 8.49163 -1482.26
e_aq^-1 -11.0828 -1.91698 -1461.28
e_aq^-1 -16.1922 -30.3078 -1467.24
e_aq^-1 0.932215 7.16892 -1443.98
e_aq^-1 3.27955 -4.74328 -1485.77
e_aq^-1 19.0982 -3.07503 -1474.53
e_aq^-1 15.5932 -7.84903 -1499.51
e_aq^-1 3.51808 -0.387529 -1478.53
e_aq^-1 -9.72579 3.79232 -1471.55
e_aq^-1 7.24282 19.6586 -1474.19
e_aq^-1 -11.9311 -12.6837 -1488.12
e_aq^-1 6.09376 10.3063 -1474.43
e_aq^-1 4.68139 -11.2823 -1470.28
e_aq^-1 -8.22008 -21.5809 -1480.27
e_aq^-1 -1.47141 -7.74167 -1490.49
e_aq^-1 -6.81524 -15.8063 -1476.34
e_aq^-1 4.38046 -5.68684 -1484.45
e_aq^-1 -2.90707 -5.52757 -1488.15
e_aq^-1 -4.33836 -5.62223 -1481.81
e_aq^-1 -4.3459 -2.62298 -1467.59
e_aq^-1 -5.22028 10.5346 -1482.95
e_aq^-1 5.99641 0.478822 -1480.63
e_aq^-1 6.3495 3.67281 -1486.98
e_aq^-1 0.69581 -17.4255 -1494.02
e_aq^-1 3.76998 -3.20684 -1496.42
e_aq^-1 -12.4931 -6.10904 -1472.73
e_aq^-1 6.5276 -0.590913 -1490.36
e_aq^-1 3.43228 6.17454 -1480.98
e_aq^-1 -7.60608 -10.5514 -1493.34
e_aq^-1 8.21592 -1.60845 -1504.26
e_aq^-1 -7.5907 11.7922 -1463.49
e_aq^-1 4.10977 -4.25288 -1480.71
e_aq^-1 -7.92234 -0.690508 -1487.49
e_aq^-1 0.217538 10.9982 -1484.27
e_aq^-1 -3.38338 8.60982 -1490.94
e_aq^-1 -3.37693 -0.337256 -1488.68
e_aq^-1 13.567 11.0349 -1485.3
e_aq^-1 -17.0695 -0.72797 -1491.3
e_aq^-1 -3.82334 -0.736004 -1489.35
e_aq^-1 -5.61961 0.0344435 -1507.32
e_aq^-1 -4.09981 14.3209 -1486.28
e_aq^-1 -5.50159 -3.0679 -1492.76
e_aq^-1 7.06757 13.1322 -1507.83
e_aq^-1 -12.3051 3.73324 -1477.04
e_aq^-1 -17.9475 15.5324 -1470.46
e_aq^-1 0.360818 -11.4671 -1488.23
e_aq^-1 -6.88941 -1.84136 -1494.49
e_aq^-1 1.46984 -2.09251 -1501
e_aq^-1 -0.179596 -5.62673 -1502.3
e_aq^-1 4.90182 -14.8897 -1492.77
e_aq^-1 12.5975 -0.179939 -1488.32
e_aq^-1 1.96369 -8.87922 -1486.96
e_aq^-1 17.1167 15.0399 -1527.49
e_aq^-1 -10.4854 4.52351 -1480.51
e_aq^-1 2.12238 -8.22673 -1489.41
e_aq^-1 5.70448 -5.17594 -1487
e_aq^-1 12.3906 11.8942 -1474.95
e_aq^-1 -2.75497 -4.30842 -1498.6
e_aq^-1 -4.5316 11.9966 -1505.94
e_aq^-1 -5.68192 3.04344 -1330.5
e_aq^-1 -11.1579 -0.223425 -1141.97
e_aq^-1 -102.963 44.3968 -674.964
e_aq^-1 -334.265 189.812 -357.52
e_aq^-1 -515.885 267.357 -482.507
e_aq^-1 -510.837 265.226 -481.364
e_aq^-1 -368.064 201.69 -353.011
e_aq^-1 -336.893 194.089 -356.933
e_aq^-1 -326.256 183.857 -367.957
e_aq^-1 -320.689 182.509 -377.019
e_aq^-1 -314.487 182.269 -378.579
e_aq^-1 -262.74 142.188 -451.065
e_aq^-1 -240.856 123.588 -481.342
e_aq^-1 -230.026 113.012 -500.828
e_aq^-1 -149.198 69.6567 -600.917
e_aq^-1 -135.404 62.8751 -625.683
e_aq^-1 -125.382 55.9647 -642.823
e_aq^-1 -117.97 54.0082 -642.807
e_aq^-1 -105.142 44.5292 -672.903
e_aq^-1 -104.763 47.1735 -684.938
e_aq^-1 -95.1167 38.5077 -699.208
e_aq^-1 -81.2919 35.2386 -717.581
e_aq^-1 -33.7662 -0.0804136 -810.664
e_aq^-1 -17.8879 -8.55768 -852.011
e_aq^-1 -11.4897 -0.813625 -1099.37
e_aq^-1 -8.80108 -0.997858 -1100.84
e_aq^-1 -6.59857 2.77593 -1213.29
e_aq^-1 -10.9545 6.0446 -1240.71
e_aq^-1 -8.12207 -1.45444 -1282.73
e_aq^-1 -8.98695 1.73383 -1312.89
e_aq^-1 -3.55482 -1.16208 -1395.85
e_aq^-1 1.64677 0.29864 -1404.54
e_aq^-1 0.508281 0.854847 -1455.94
e_aq^-1 2.1898 2.61966 -1488.47
e_aq^-1 -0.0112085 4.92357 -1404.09
e_aq^-1 -4.80063 2.84535 -1295.52
e_aq^-1 -6.89868 8.83564 -1272.61
e_aq^-1 -16.1502 -3.23315 -1053.17
e_aq^-1 -13.2607 -2.32777 -898.845
e_aq^-1 -49.0362 6.62109 -784.78
e_aq^-1 -438.014 239.195 -386.832
e_aq^-1 -406.213 221.802 -357.07
e_aq^-1 -324.494 188.655 -369.825
e_aq^-1 -308.486 169.11 -387.594
e_aq^-1 -276.513 150.231 -435.079
e_aq^-1 -225.423 112.971 -510.391
e_aq^-1 -192.863 96.9193 -551.572
e_aq^-1 -170.696 86.8546 -584.43
e_aq^-1 -151.211 77.0648 -606.494
e_aq^-1 -36.8591 3.16421 -807.086
e_aq^-1 -40.89 3.64702 -810.621
e_aq^-1 -27.2141 0.76152 -832.629
e_aq^-1 -15.5208 -7.46956 -865.901
e_aq^-1 -17.6939 -7.93847 -888.226
e_aq^-1 -14.5752 -9.27999 -902.721
e_aq^-1 -16.3012 -5.94008 -949.328
e_aq^-1 -13.7346 -6.79882 -958.546
e_aq^-1 -12.4405 -5.23021 -974.416
e_aq^-1 -18.8345 3.1156 -1002.71
e_aq^-1 -15.9952 -0.0354489 -1010.25
e_aq^-1 -10.2808 3.38557 -1163.04
e_aq^-1 -4.99049 -0.273113 -1294.64
e_aq^-1 -5.01649 -1.64869 -1347.81
e_aq^-1 -0.905643 0.282239 -1356.09
e_aq^-1 -2.25437 -0.440024 -1359.53
e_aq^-1 -3.54942 -2.35327 -1376.56
e_aq^-1 0.167216 -3.11045 -1418.74
e_aq^-1 0.472966 -2.73864 -1479.52
e_aq^-1 -1.47894 -3.80781 -1479.67
e_aq^-1 -8.80033 -0.0684525 -1464.78
e_aq^-1 -5.48187 1.06682 -1432.39
e_aq^-1 -5.04942 2.73123 -1376.62
e_aq^-1 5.72525 4.72326 -1368.73
e_aq^-1 -8.67083 2.00375 -1360.32
e_aq^-1 -6.60827 -0.0918442 -1298.54
e_aq^-1 -9.48924 2.35457 -1295.99
e_aq^-1 -5.60426 6.2999 -1289.24
e_aq^-1 -9.20236 2.21812 -1284.49
e_aq^-1 -4.80059 -0.159926 -1276.68
e_aq^-1 -10.4383 3.3895 -1266.19
e_aq^-1 -12.2099 3.53748 -1261.22
e_aq^-1 -2.89766 -3.51646 -1259.39
e_aq^-1 -4.71937 0.556106 -1255.06
e_aq^-1 -4.51262 7.91403 -1253.6
e_aq^-1 -13.7358 4.24485 -1170.76
e_aq^-1 -11.4637 -2.33701 -1142.15
e_aq^-1 -15.6088 0.0464516 -1113.4
e_aq^-1 -14.4286 -2.9825 -1052.82
e_aq^-1 -11.3594 -5.06172 -1014.88
e_aq^-1 -11.4521 -4.07739 -891.413
e_aq^-1 -12.5657 -11.8785 -877.111
e_aq^-1 -16.3131 -9.66353 -861.759
e_aq^-1 -20.8125 -6.02748 -851.471
e_aq^-1 -57.3339 15.4656 -756.654
e_aq^-1 -63.8309 18.5998 -742.297
e_aq^-1 -69.6266 26.1448 -746.976
e_aq^-1 -83.1112 28.4046 -711.319
e_aq^-1 -123.018 58.1468 -643.337
e_aq^-1 -219.221 115.339 -506.569
e_aq^-1 -299.893 166.962 -401.385
e_aq^-1 -505.427 266.097 -477.45
e_aq^-1 -455.351 248.326 -412.375
e_aq^-1 -354.302 197.264 -352.022
e_aq^-1 -306.549 171.282 -397.068
e_aq^-1 -302.26 171.461 -398.418
e_aq^-1 -302.243 162.395 -401.606
e_aq^-1 -268.621 149.264 -434.153
e_aq^-1 -259.026 140.534 -456.592
e_aq^-1 -223.283 120.028 -507.839
e_aq^-1 -224.288 113.28 -514.08
e_aq^-1 -204.872 102.061 -535.873
e_aq^-1 -192.375 99.4297 -545.507
e_aq^-1 -194.942 91.0697 -555.975
e_aq^-1 -185.822 95.3183 -559.068
e_aq^-1 -184.658 90.3888 -563.801
e_aq^-1 -180.846 86.6444 -566.635
e_aq^-1 -177.676 86.4008 -577.931
e_aq^-1 -168.762 85.994 -582.216
e_aq^-1 -167.448 79.569 -582.833
e_aq^-1 -170.063 80.5392 -588.842
e_aq^-1 -158.571 80.0857 -593.994
e_aq^-1 -155.22 73.2946 -598.882
e_aq^-1 -147.004 70.7037 -611.494
e_aq^-1 -133.786 61.1088 -632.46
e_aq^-1 -133.092 61.1696 -632.003
e_aq^-1 -130.58 62.6656 -630.273
e_aq^-1 -125.357 57.2566 -641.847
e_aq^-1 -123.653 53.3608 -652.035
e_aq^-1 -116.674 54.1321 -664.001
e_aq^-1 -112.786 47.7612 -662.815
e_aq^-1 -80.5792 32.3266 -716.539
e_aq^-1 -71.9377 26.8455 -736.156
e_aq^-1 -67.4738 20.0139 -747.162
e_aq^-1 -63.9331 15.604 -752.904
e_aq^-1 -53.4909 11.3413 -777.766
e_aq^-1 -48.7163 4.23457 -793.172
e_aq^-1 -38.5704 6.41208 -804.405
e_aq^-1 -40.5001 4.86831 -810.523
e_aq^-1 -30.0772 -1.88105 -834.57
e_aq^-1 -21.3057 -8.69326 -848.296
e_aq^-1 -21.6444 -7.75449 -853.979
e_aq^-1 -12.0274 -7.99601 -856.472
e_aq^-1 -15.0029 -5.60339 -866.445
e_aq^-1 -16.5547 -11.6715 -871.038
e_aq^-1 -16.5912 -11.7641 -903.597
e_aq^-1 -13.3202 -3.83513 -909.082
e_aq^-1 -16.9245 -8.44235 -967.343
e_aq^-1 -13.6756 -4.60242 -966.204
e_aq^-1 -15.3126 -3.39261 -965.385
e_aq^-1 -15.8306 3.80111 -1007.68
e_aq^-1 -9.85491 -3.30586 -1002.34
e_aq^-1 -15.9448 -1.52874 -1054.63
e_aq^-1 -13.6329 2.48198 -1060.81
e_aq^-1 -10.2246 0.199034 -1112.67
e_aq^-1 -5.81186 0.1504 -1119.53
e_aq^-1 -6.80263 -1.80472 -1136.58
e_aq^-1 -10.5099 -1.41203 -1135.01
e_aq^-1 -10.5798 -3.25834 -1139.94
e_aq^-1 -8.44846 2.60209 -1153.73
e_aq^-1 -9.98881 0.30023 -1159.15
e_aq^-1 -10.0436 3.72557 -1167.21
e_aq^-1 -9.08265 -0.842361 -1178.49
e_aq^-1 -8.65884 5.22598 -1182.36
e_aq^-1 -10.0056 2.55861 -1239.53
e_aq^-1 -6.48373 6.00532 -1263.57
e_aq^-1 -6.58176 2.74987 -1332.65
e_aq^-1 -1.19181 -3.32537 -1415.28
e_aq^-1 -3.39935 -2.74694 -1462.51
e_aq^-1 4.19755 4.73548 -1472.92
e_aq^-1 2.48681 0.943667 -1483.02
e_aq^-1 -8.64999 -0.268013 -1495.39
e_aq^-1 -2.68215 -3.22235 -1463.08
e_aq^-1 1.80919 -2.09529 -1457.34
e_aq^-1 1.36541 3.53278 -1441.57
e_aq^-1 -3.57481 0.917102 -1393.55
e_aq^-1 -0.360661 0.598392 -1391.77
e_aq^-1 -2.63827 -1.20271 -1389.79
e_aq^-1 -6.2263 3.60066 -1386.84
e_aq^-1 -1.1781 -0.291297 -1367.77
e_aq^-1 -1.17475 -3.49901 -1344.11
e_aq^-1 -6.94638 -0.39742 -1269.08
e_aq^-1 -5.82085 8.54588 -1254.02
e_aq^-1 -10.5073 7.18024 -1245
e_aq^-1 -7.93285 0.690387 -1215.81
e_aq^-1 -12.6208 6.77043 -1210.65
e_aq^-1 -8.05345 -4.53942 -1194.92
e_aq^-1 -11.0102 1.42873 -1190.49
e_aq^-1 -11.9067 4.90772 -1189.9
e_aq^-1 -13.0219 7.68542 -1168.9
e_aq^-1 -10.0334 5.81773 -1164.64
e_aq^-1 -11.719 -2.51479 -1140.98
e_aq^-1 -12.1372 11.9216 -1136.47
e_aq^-1 -10.2437 2.84959 -1107.52
e_aq^-1 -13.3134 2.11932 -1106.16
e_aq^-1 -10.5753 -4.48879 -1085.15
e_aq^-1 -12.1498 -2.84301 -1084.99
e_aq^-1 -1.65122 -6.1764 -1028.81
e_aq^-1 -17.2451 -8.5612 -933.124
e_aq^-1 -11.5923 -7.67185 -911.59
e_aq^-1 -14.3153 -4.87143 -892.993
e_aq^-1 -11.344 -9.19286 -894.531
e_aq^-1 -17.0464 -4.51814 -889.398
e_aq^-1 -18.5674 -6.77621 -890.166
e_aq^-1 -20.0651 -2.30545 -846.411
e_aq^-1 -28.6615 -6.07186 -832.599
e_aq^-1 -39.2896 3.51621 -808.58
e_aq^-1 -50.8719 8.97145 -788.696
e_aq^-1 -48.7397 14.1095 -780.338
e_aq^-1 -54.1265 12.7638 -774.229
e_aq^-1 -93.709 43.5085 -698.445
e_aq^-1 -102.351 42.4801 -674.953
e_aq^-1 -113.36 46.8962 -669.939
e_aq^-1 -164.095 83.2653 -591.66
e_aq^-1 -172.406 81.5678 -578
e_aq^-1 -185.697 91.513 -562.135
e_aq^-1 -189.092 95.5671 -558.664
e_aq^-1 -256.202 138.166 -469.77
e_aq^-1 -271.827 153.994 -437.791
e_aq^-1 -450.097 244.822 -408.506
e_aq^-1 -440.18 247.962 -400.418
e_aq^-1 -439.693 237.254 -385.54
e_aq^-1 -408.515 213.814 -356.427
e_aq^-1 -382.474 208.28 -347.056
e_aq^-1 -334.409 191.989 -357.989
e_aq^-1 -298.876 165.609 -409.249
e_aq^-1 -292.53 165.817 -411.495
e_aq^-1 -288.739 160.669 -413.416
e_aq^-1 -269.291 150.992 -437.147
e_aq^-1 -244.037 131.113 -469.99
e_aq^-1 -205.016 107.276 -531.481
e_aq^-1 -205.965 103.381 -535.221
e_aq^-1 -206.426 104.578 -536.598
e_aq^-1 -195.599 96.7267 -548.32
e_aq^-1 -170.979 80.5566 -583.271
e_aq^-1 -143.223 75.8134 -609.534
e_aq^-1 -148.897 72.2475 -612.62
e_aq^-1 -140.531 64.9326 -625.43
e_aq^-1 -129.369 59.0334 -633.323
e_aq^-1 -123.293 56.5232 -642.124
e_aq^-1 -110.402 51.2354 -668.867
e_aq^-1 -101.138 41.1373 -681.754
e_aq^-1 -71.5881 24.3162 -729.587
e_aq^-1 -72.3104 26.4691 -732.666
e_aq^-1 -69.0741 17.8161 -746.209
e_aq^-1 -67.2122 17.9359 -747.002
e_aq^-1 -64.4054 20.6223 -748.604
e_aq^-1 -63.8631 14.1342 -757.57
e_aq^-1 -55.2648 12.2002 -768.921
e_aq^-1 -51.0554 11.8485 -774.37
e_aq^-1 -44.1901 8.02034 -783.397
e_aq^-1 -43.5839 9.63202 -794.812
e_aq^-1 -21.8252 -7.67185 -840.289
e_aq^-1 -20.7165 -4.39133 -848.15
e_aq^-1 -15.6801 -9.63499 -885.647
e_aq^-1 -17.5122 -8.28425 -886.981
e_aq^-1 -14.8207 -6.03785 -886.516
e_aq^-1 -17.2274 -9.74993 -892.859
e_aq^-1 -14.5306 -3.20724 -903.666
e_aq^-1 -12.0197 -5.07961 -923.549
e_aq^-1 -21.9475 -4.90012 -974.604
e_aq^-1 -16.4556 -2.3656 -983.604
e_aq^-1 -9.79695 2.58948 -986.687
e_aq^-1 -10.2825 -0.842284 -995.868
e_aq^-1 -15.2862 1.94003 -1007.37
e_aq^-1 -11.2953 -5.14033 -1018.38
e_aq^-1 -7.70861 0.924322 -1073.92
e_aq^-1 -4.98039 2.60295 -1089.82
e_aq^-1 -9.22727 -3.52267 -1106.66
e_aq^-1 -7.98399 -0.532918 -1109.31
e_aq^-1 -10.9364 -2.23067 -1120.02
e_aq^-1 -8.3541 2.91977 -1158.33
e_aq^-1 -10.7812 5.96925 -1157.19
e_aq^-1 -4.55405 -1.61809 -1181.95
e_aq^-1 -7.82054 7.32409 -1212.04
e_aq^-1 -6.47434 1.4737 -1216.21
e_aq^-1 -9.82646 -0.266232 -1228.23
e_aq^-1 -7.93505 1.22131 -1237.03
e_aq^-1 -1.37174 0.05955 -1349.97
e_aq^-1 -3.33064 1.97035 -1359.72
e_aq^-1 2.54411 -0.53274 -1398.99
e_aq^-1 -4.1442 3.32351 -1402.14
H_2^0 3.07045 0.720676 -1493.39
H_2^0 -2.40076 4.1642 -1486.9
H_2^0 0.761289 1.47128 -1464.18
H_2^0 -2.36864 0.241301 -1419.75
H_2^0 -6.42397 0.457872 -1394.69
H_2^0 -3.46998 -0.447534 -1393.43
H_2^0 -6.84818 -0.0580133 -1368.3
H_2^0 -4.88722 2.30864 -1364.4
H_2^0 -8.20899 1.41379 -1312.66
H_2^0 -11.0914 -1.54559 -1306.38
H_2^0 -6.31666 0.441313 -1303.54
H_2^0 -4.70016 3.02457 -1298.49
H_2^0 -11.7058 -3.75401 -1249.83
H_2^0 -9.89499 0.0618588 -1230.98
H_2^0 -8.26692 4.45731 -1220.71
H_2^0 -9.52128 5.40224 -1171.96
H_2^0 -6.91546 0.911144 -1168.18
H_2^0 -10.4707 4.98651 -1151.8
H_2^0 -10.5971 -4.10563 -1072.85
H_2^0 -17.0478 2.25048 -1059.45
H_2^0 -20.2993 -5.69698 -1039.44
H_2^0 -18.8095 -1.49211 -1032.38
H_2^0 -12.4927 -2.9386 -1001.54
H_2^0 -14.4563 -1.49631 -995.553
H_2^0 -17.9293 0.211373 -971.507
H_2^0 -15.3188 -0.448785 -959.914
H_2^0 -18.9691 0.438988 -959.677
H_2^0 -10.7529 -9.28555 -908.532
H_2^0 -14.4292 -10.3933 -892.553
H_2^0 -17.422 -6.74557 -880.431
H_2^0 -16.6906 -7.76478 -876.17
H_2^0 -32.1562 -1.76933 -828.659
H_2^0 -58.4085 16.2534 -767.894
H_2^0 -60.9968 17.5543 -753.51
H_2^0 -63.1174 18.6152 -740.787
H_2^0 -82.1499 29.2451 -726.176
H_2^0 -85.2064 30.5621 -713.742
H_2^0 -86.4549 33.4518 -715.92
H_2^0 -100.578 40.7968 -691.548
H_2^0 -107.348 49.7514 -672.591
H_2^0 -137.983 66.274 -624.252
H_2^0 -137.396 64.6955 -621.849
H_2^0 -157.394 78.205 -587.103
H_2^0 -172.794 91.9006 -578.629
H_2^0 -198.363 95.2006 -534.659
H_2^0 -223.452 114.635 -511.989
H_2^0 -240.695 124.284 -489.197
H_2^0 -243.218 130.76 -480.455
H_2^0 -269.009 149.535 -442.687
H_2^0 -291.843 162.745 -397.676
H_2^0 -304.501 173.818 -391.913
H_2^0 -357.065 193.565 -352.467
H_2^0 -451.077 246.568 -411.165
H_2^0 -273.367 150.983 -439.641
H_2^0 -255.49 138.446 -462.5
H_2^0 -247.499 131.644 -471.16
H_2^0 -228.833 117.908 -498.934
H_2^0 -228.519 117.736 -504.88
H_2^0 -217.593 109.912 -513.629
H_2^0 -218.586 110.009 -518.211
H_2^0 -214.077 112.243 -521.002
H_2^0 -196.57 100.773 -541.474
H_2^0 -198.59 102.915 -540.065
H_2^0 -87.9885 32.3451 -708.969
H_2^0 -58.734 16.5346 -758.657
H_2^0 -41.0295 -1.02224 -815.51
H_2^0 -29.3407 -2.45709 -825.404
H_2^0 -9.60685 -9.69585 -863.69
H_2^0 -14.4807 -11.7391 -886.534
H_2^0 -13.4098 -8.55264 -917.005
H_2^0 -16.2462 -5.65194 -952.038
H_2^0 -12.9809 -0.585408 -961.193
H_2^0 -14.2027 -1.34927 -1021.09
H_2^0 -12.1053 -2.88942 -1033.05
H_2^0 -11.1866 -0.231722 -1067.19
H_2^0 -12.4526 0.160632 -1085.97
H_2^0 -7.94417 1.61392 -1149.18
H_2^0 -8.54344 2.03726 -1166.53
H_2^0 -2.68418 -0.545671 -1210.99
H_2^0 -13.2668 -0.763639 -1227.43
H_2^0 -9.54907 0.115051 -1310.12
H_2^0 0.262778 4.96803 -1318.9
H_2^0 0.908868 8.9292 -1384.79
H_2^0 4.04645 -1.1136 -1469.82
H_2^0 1.90131 4.54913 -1494.1
H_2^0 -1.64435 1.08672 -1486.75
H_2^0 -362.274 203.221 -352.988
H_2^0 -209.328 107.199 -527.393
H_2^0 -119.87 54.7204 -650.207
H_2^0 -82.4799 28.9976 -719.467
H_2^0 -12.8402 -0.897703 -1047.46
H_2^0 -10.1408 -0.833715 -1121.64
H_2^0 -8.93225 -1.39535 -1152.46
H_2^0 -9.54369 2.48994 -1257.49
H_2^0 -208.044 106.202 -530.234
H_2^0 -116.719 51.2971 -658.882
H_2^0 -39.0982 3.94968 -809.911
H_2^0 -14.5702 -5.95297 -919.058
H_2^0 -8.29473 1.57927 -1190.22
H_2^0 -1.67307 0.285069 -1406.8
H_2^0 -4.74896 1.94578 -1347.21
H_2^0 -3.80576 0.678731 -1346.24
H_2^0 -14.1998 -1.90657 -1010.27
H_2^0 -52.4016 11.632 -777.017
H_2^0 -99.9109 40.073 -690.976
H_2^0 -507.458 266.722 -473.27
H_2^0 -412.216 217.75 -361.588
H_2^0 -364.377 202.29 -352.509
H_2^0 -316.762 177.898 -377.592
H_2^0 -293.952 163.554 -409.888
H_2^0 -279.944 156.136 -429.054
H_2^0 -254.841 139.088 -463.791
H_2^0 -250.905 136.282 -469.717
H_2^0 -215.671 109.914 -519.422
H_2^0 -185.08 92.4833 -557.691
H_2^0 -164.414 81.3135 -587.26
H_2^0 -127.31 59.1447 -640.735
H_2^0 -122 54.6848 -647.93
H_2^0 -60.391 16.5076 -759.734
H_2^0 -22.7533 -4.10957 -843.915
H_2^0 -15.1956 -7.20505 -897.33
H_2^0 -12.5945 -1.24796 -1061.44
H_2^0 -12.0337 -0.5148 -1065.72
H_2^0 -12.0974 -0.334001 -1083.55
H_2^0 -8.98667 1.98426 -1196.87
H_2^0 -6.60451 2.41932 -1243.65
H_2^0 -5.68517 2.13117 -1312.53
H_2^0 -0.488281 -0.275445 -1450.57
H_2^0 -4.07194 -8.50577 -1495.95
H_2^0 -1.43116 -0.176622 -1463.18
H_2^0 -1.86157 -0.269966 -1406.06
H_2^0 -3.3234 5.15374 -1362.07
H_2^0 -3.4454 1.15531 -1368.43
H_2^0 -6.99073 -0.108198 -1185.78
H_2^0 -9.25671 1.44988 -1172.44
H_2^0 -11.2229 1.95282 -1137.58
H_2^0 -9.69744 0.290106 -1104.98
H_2^0 -15.1088 -7.46445 -906.492
H_2^0 -15.6992 -6.90022 -892.075
H_2^0 -17.2336 -7.26006 -890.12
H_2^0 -45.4078 6.96387 -790.834
H_2^0 -54.8522 11.7739 -773.352
H_2^0 -81.9839 30.96 -717.995
H_2^0 -112.476 50.2973 -661.487
H_2^0 -160.602 76.1261 -591.909
H_2^0 -298.502 165.945 -403.969
H_2^0 -545.733 291.984 -519.516
H_2^0 -544.541 291.135 -519.875
H_2^0 -533.253 265.769 -504.185
H_2^0 -528.436 265.961 -496.375
H_2^0 -475.09 256.633 -440.749
H_2^0 -466.225 252.598 -430.781
H_2^0 -455.437 249.719 -417.14
H_2^0 -447.858 246.258 -408.76
H_2^0 -437.702 237.578 -387.186
H_2^0 -435.474 236.675 -383.919
H_2^0 -428.448 229.852 -375.132
H_2^0 -421.302 223.345 -368.327
H_2^0 -384.713 207.239 -351.671
H_2^0 -355.53 199.207 -353.636
H_2^0 -349.21 196.907 -355.457
H_2^0 -346.711 197.26 -356.943
H_2^0 -320.178 180.941 -374.74
H_2^0 -320.264 181.236 -375.001
H_2^0 -309.922 173.829 -388.66
H_2^0 -226.056 115.894 -506.461
H_2^0 -220.485 113.99 -512.591
H_2^0 -215.748 110.461 -518.075
H_2^0 -200.811 102.318 -538.999
H_2^0 -197.872 100.061 -541.626
H_2^0 -167.009 81.6795 -582.687
H_2^0 -149.57 72.0951 -607.622
H_2^0 -141.003 66.2689 -619.653
H_2^0 -139.104 65.3745 -623.239
H_2^0 -138.832 64.9019 -623.142
H_2^0 -131.254 60.4194 -634.551
H_2^0 -127.548 58.7036 -640.924
H_2^0 -103.589 44.9241 -681.118
H_2^0 -103.013 43.2761 -681.582
H_2^0 -99.714 42.1697 -686.675
H_2^0 -94.2253 39.1946 -697.072
H_2^0 -64.9243 19.8271 -748.147
H_2^0 -56.4903 13.3366 -771.363
H_2^0 -49.308 9.20408 -787.202
H_2^0 -34.0523 1.1576 -818.955
H_2^0 -28.6995 -2.08144 -832.337
H_2^0 -14.6257 -6.92287 -900.867
H_2^0 -14.5666 -6.0238 -936.527
H_2^0 -14.257 -4.25785 -958.977
H_2^0 -14.1954 -3.17434 -974.232
H_2^0 -13.936 -2.15182 -1018.07
H_2^0 -12.6201 0.491306 -1062.31
H_2^0 -11.8439 -0.00560819 -1109.03
H_2^0 -10.9968 1.08038 -1140.72
H_2^0 -10.0546 0.540865 -1148.15
H_2^0 -9.27161 1.03071 -1154.33
H_2^0 -6.72678 1.27729 -1153.21
H_2^0 -9.29106 1.84569 -1176.15
H_2^0 -9.03533 2.40379 -1190.51
H_2^0 -7.724 1.99653 -1212.53
H_2^0 -7.4633 2.80209 -1237.44
H_2^0 -6.46626 2.88558 -1286.11
H_2^0 -3.93483 1.75998 -1354.81
H_2^0 -3.46681 0.638083 -1374.14
H_2^0 -3.51937 1.53997 -1391.02
H_2^0 -2.46904 -0.318289 -1396.28
H_2^0 0.729816 -1.23998 -1415.57
H_2^0 -1.32527 -0.609098 -1437.08
H_2^0 -0.779383 -0.189723 -1444.82
H_2^0 -0.293927 -2.32346 -1492.98
H_2^0 1.05894 2.07934 -1461.11
H_2^0 -0.267945 0.414193 -1461.82
H_2^0 -0.692113 0.0556731 -1436.02
H_2^0 2.50934 -5.11597 -1436.54
H_2^0 -2.76554 1.09531 -1376.35
H_2^0 -4.80723 2.32878 -1363.53
H_2^0 -3.08672 0.964277 -1346.02
H_2^0 2.13723 4.04685 -1337.97
H_2^0 -7.25948 3.10113 -1331.42
H_2^0 -7.76811 4.695 -1331.37
H_2^0 -7.98463 2.3911 -1300.84
H_2^0 -6.11443 2.12377 -1290.21
H_2^0 -7.16832 1.99215 -1280.13
H_2^0 -7.85861 3.11377 -1228.91
H_2^0 -8.85961 2.21984 -1225.11
H_2^0 -11.5108 0.456117 -1199.43
H_2^0 -8.74579 1.22315 -1198.05
H_2^0 -9.32325 2.7588 -1181.7
H_2^0 -9.58106 1.57644 -1170.6
H_2^0 -10.3932 4.14841 -1142.92
H_2^0 -8.5171 -0.548637 -1135.97
H_2^0 -10.3016 0.203817 -1105.92
H_2^0 -10.717 -1.03534 -1091.53
H_2^0 -13.923 1.30151 -1075.34
H_2^0 -11.3326 -1.61406 -1077.77
H_2^0 -13.4998 -0.435808 -1075.55
H_2^0 -13.3968 -5.79488 -1063.87
H_2^0 -12.5323 -0.0290372 -1057.04
H_2^0 -13.4773 -2.84713 -1001.34
H_2^0 -12.9352 -4.68771 -996.781
H_2^0 -13.7652 -8.42137 -874.451
H_2^0 -21.6551 -5.82553 -844.846
H_2^0 -21.8266 -5.57517 -846.578
H_2^0 -56.0798 15.5086 -763.538
H_2^0 -64.9729 20.0708 -749.544
H_2^0 -70.0881 24.0727 -739.106
H_2^0 -94.6118 38.152 -698.07
H_2^0 -99.1989 40.0948 -690.624
H_2^0 -106.384 45.8278 -677.058
H_2^0 -110.142 47.2615 -670.199
H_2^0 -183.456 92.7976 -553.173
H_2^0 -205.59 104.735 -528.879
H_2^0 -273.144 152.486 -437.563
H_2^0 -281.528 155.969 -424.666
H_2^0 -312.11 176.691 -387.588
H_2^0 -561.94 315.198 -490.535
H_2^0 -519.552 265.43 -483.987
H_2^0 -502.247 266.714 -468.455
H_2^0 -481.944 260.202 -450.308
H_2^0 -479.731 258.129 -444.011
H_2^0 -439.245 239.836 -391.915
H_2^0 -263.188 144.732 -451.484
H_2^0 -208.783 107.24 -526.952
H_2^0 -181.549 90.5548 -563.687
H_2^0 -148.924 71.5558 -608.369
H_2^0 -140.931 66.2902 -620.679
H_2^0 -119.315 53.1813 -654.499
H_2^0 -118.933 53.3283 -653.885
H_2^0 -106.675 45.3756 -676.944
H_2^0 -105.077 45.884 -676.431
H_2^0 -68.0158 21.8987 -742.213
H_2^0 -14.5489 -6.99478 -863.809
H_2^0 -15.1952 -7.50122 -882.167
H_2^0 -15.1903 -7.22833 -898.434
H_2^0 -14.0696 -5.505 -926.307
H_2^0 -14.2884 -5.45857 -938.318
H_2^0 -12.7351 -0.551348 -1048
H_2^0 -12.95 -0.231916 -1054.39
H_2^0 -11.6692 1.28448 -1087.75
H_2^0 -10.8969 1.40627 -1098.63
H_2^0 -5.37768 3.12269 -1203.04
H_2^0 -7.91136 1.98902 -1229.2
H_2^0 -7.82177 2.27304 -1244.09
H_2^0 -6.59264 1.2078 -1252.41
H_2^0 -6.28514 1.42301 -1306.03
H_2^0 -5.81963 2.65696 -1307.15
H_2^0 -5.4658 2.53028 -1305.87
H_2^0 -5.4685 2.45381 -1326.99
H_2^0 -5.53984 0.0504345 -1360.26
H_2^0 -3.93206 -0.410759 -1390.68
H_2^0 -0.689236 -0.0637481 -1499.34
H_2^0 -83.113 30.9066 -719.792
H_2^0 -109.572 47.4555 -670.52
H_2^0 -96.0795 38.6572 -693.629
H_2^0 -56.8513 15.3767 -766.729
H_2^0 -40.7001 4.33109 -805.957
H_2^0 -29.9143 -0.862434 -829.747
H_2^0 -26.2999 -2.83231 -836.236
H_2^0 -14.6082 -4.18532 -957.057
H_2^0 -12.0153 -0.247784 -1065.67
H_2^0 1.24489 -3.05677 -1468.04
H_2^0 -6.73366 2.61083 -1279.45
H_2^0 -12.1791 -3.9931 -953.264
H_2^0 -14.3262 -5.26207 -932.736
H_2^0 -14.2407 -7.48475 -871.331
H_2^0 -75.8851 25.9076 -729.256
H_2^0 -308.169 172.696 -388.565
H_2^0 -400.275 213.436 -354.294
H_2^0 -269.173 148.48 -444.411
H_2^0 -238.428 125.219 -489.805
H_2^0 -98.5301 40.6108 -688.932
H_2^0 -12.4876 -1.15766 -1049.62
H_2^0 -6.9052 2.37827 -1288.69
H_2^0 -4.08327 0.852054 -1356.22
H_2^0 -1.26057 -0.142808 -1439.08
OH^-1 2.87893 0.385181 -1493.38
OH^-1 -2.17397 4.17774 -1487.22
OH^-1 -0.0286372 0.731744 -1464.81
OH^-1 -3.15754 0.0834969 -1419.26
OH^-1 -6.38959 0.563482 -1395.55
OH^-1 -3.13002 0.0553099 -1392.85
OH^-1 -6.83509 -0.848888 -1369.3
OH^-1 -4.91313 1.94926 -1364.61
OH^-1 -8.25935 1.25898 -1312.64
OH^-1 -10.4351 -1.13477 -1305.96
OH^-1 -6.65724 -0.0858909 -1304.22
OH^-1 -4.28064 3.3735 -1298.19
OH^-1 -11.4178 -3.90661 -1249.93
OH^-1 -9.89891 -0.103129 -1230.92
OH^-1 -8.15483 3.92712 -1220.57
OH^-1 -9.68387 6.27001 -1171.67
OH^-1 -6.80093 0.43061 -1168.05
OH^-1 -10.1369 4.48536 -1151.03
OH^-1 -10.9632 -4.43801 -1073.53
OH^-1 -17.1139 2.55656 -1060.3
OH^-1 -19.8207 -5.90519 -1039.4
OH^-1 -18.5811 -0.921701 -1032.67
OH^-1 -12.7211 -2.92603 -1001.66
OH^-1 -14.6751 -1.8035 -995.382
OH^-1 -17.5911 0.390188 -971.278
OH^-1 -15.1092 -0.33122 -960.069
OH^-1 -19.2414 -0.144629 -959.179
OH^-1 -10.8849 -8.90996 -908.396
OH^-1 -14.652 -9.46134 -892.758
OH^-1 -16.9852 -7.23761 -880.096
OH^-1 -16.0101 -7.41698 -876.411
OH^-1 -32.4355 -1.43861 -828.639
OH^-1 -58.406 15.7862 -768.261
OH^-1 -60.8069 18.0819 -753.32
OH^-1 -63.8382 18.7434 -740.869
OH^-1 -82.7809 28.8181 -726.496
OH^-1 -85.2334 30.783 -712.973
OH^-1 -85.5155 32.9704 -715.98
OH^-1 -99.9293 40.9687 -691.614
OH^-1 -108.075 50.1001 -672.376
OH^-1 -138.614 66.4052 -623.571
OH^-1 -137.341 64.8792 -621.781
OH^-1 -157.293 78.1269 -588.099
OH^-1 -172.033 91.9784 -578.852
OH^-1 -198.327 95.5202 -534.701
OH^-1 -223.214 114.308 -511.949
OH^-1 -241.096 124.682 -488.546
OH^-1 -243.441 131.044 -480.259
OH^-1 -269.473 148.658 -442.997
OH^-1 -291.885 162.825 -398.043
OH^-1 -304.882 173.951 -391.323
OH^-1 -357.018 193.653 -352.065
OH^-1 -450.936 247.335 -411.999
OH^-1 -272.753 151.162 -439.17
OH^-1 -255.067 138.522 -462.815
OH^-1 -248.145 131.057 -471.315
OH^-1 -229.279 118.177 -498.634
OH^-1 -228.821 118.277 -504.666
OH^-1 -216.946 110.045 -513.512
OH^-1 -218.282 109.311 -518.58
OH^-1 -214.149 111.849 -520.975
OH^-1 -197.047 101.201 -540.717
OH^-1 -198.287 102.4 -538.728
OH^-1 -87.5744 32.3602 -709.581
OH^-1 -58.7536 16.7897 -757.889
OH^-1 -41.0542 -0.933187 -815.648
OH^-1 -28.6044 -2.72934 -825.039
OH^-1 -8.78105 -9.3333 -863.663
OH^-1 -14.409 -11.6251 -886.412
OH^-1 -12.9449 -8.67922 -916.346
OH^-1 -16.0611 -6.18633 -952.572
OH^-1 -12.9854 -1.11695 -961.073
OH^-1 -14.3878 -0.844517 -1021.71
OH^-1 -11.9817 -3.50418 -1032.73
OH^-1 -11.6541 0.167363 -1067.33
OH^-1 -11.7457 0.631741 -1086.07
OH^-1 -7.9561 0.99618 -1149.45
OH^-1 -8.84183 1.30301 -1166.17
OH^-1 -2.9273 0.426569 -1211.16
OH^-1 -13.0718 -1.08823 -1227.92
OH^-1 -9.57889 -0.0200373 -1310.31
OH^-1 0.374593 5.42411 -1319.23
OH^-1 1.05418 9.20416 -1384.31
OH^-1 3.52629 -0.477633 -1469.31
OH^-1 1.96207 4.51542 -1494.22
°OH^0 2.4359 -0.310496 -1493.01
°OH^0 -1.276 4.33071 -1487.49
°OH^0 -0.0206614 0.244954 -1464.92
°OH^0 -2.90454 -0.207857 -1419.12
°OH^0 -6.0402 0.282926 -1396.1
°OH^0 -2.54396 0.536103 -1392.56
°OH^0 -7.21629 -1.01375 -1369.56
°OH^0 -4.52331 2.30576 -1364.51
°OH^0 -8.46927 1.71795 -1312.83
°OH^0 -10.341 -0.725744 -1305.87
°OH^0 -6.32482 0.362663 -1303.95
°OH^0 -4.63124 3.38025 -1297.83
°OH^0 -11.6539 -3.7431 -1249.95
°OH^0 -10.1509 -0.170144 -1231.28
°OH^0 -7.93339 4.04896 -1221.13
°OH^0 -10.0319 6.00326 -1171.54
°OH^0 -6.83098 -0.29303 -1168.27
°OH^0 -10.0105 4.8995 -1150.77
°OH^0 -11.2362 -4.54173 -1073.34
°OH^0 -16.8783 2.60151 -1059.97
°OH^0 -19.7882 -5.47623 -1039.24
°OH^0 -18.3573 -1.04338 -1032.87
°OH^0 -13.1747 -3.02035 -1001.45
°OH^0 -14.2463 -2.09582 -995.262
°OH^0 -17.2055 0.521232 -971.103
°OH^0 -15.2939 -0.37676 -959.931
°OH^0 -19.1218 0.0073636 -959.422
°OH^0 -10.974 -8.92453 -908.322
°OH^0 -14.7347 -9.46507 -892.73
°OH^0 -16.8578 -7.51064 -880.416
°OH^0 -15.351 -6.77457 -876.289
°OH^0 -32.1281 -1.85871 -829.034
°OH^0 -58.1111 16.0466 -768.48
°OH^0 -60.973 18.5961 -753.583
°OH^0 -63.7633 18.6075 -741.491
°OH^0 -82.7757 28.7733 -727.042
°OH^0 -84.9027 30.9581 -712.674
°OH^0 -85.6903 32.4028 -715.976
°OH^0 -99.5474 41.6649 -691.742
°OH^0 -108.432 50.6656 -672.688
°OH^0 -138.322 66.6077 -624.1
°OH^0 -137.087 64.9127 -621.888
°OH^0 -156.752 77.9749 -587.932
°OH^0 -172.138 92.0018 -578.849
°OH^0 -198.324 95.4145 -534.571
°OH^0 -223.322 114.218 -512.215
°OH^0 -241.146 124.725 -488.594
°OH^0 -243.681 131.208 -480.522
°OH^0 -269.366 148.249 -443.031
°OH^0 -291.493 162.772 -398.242
°OH^0 -305.017 174.248 -390.871
°OH^0 -357.164 193.233 -351.622
°OH^0 -450.732 247.642 -412.124
°OH^0 -272.338 151.209 -438.591
°OH^0 -255.212 138.708 -462.299
°OH^0 -247.455 132.001 -471.23
°OH^0 -229.331 117.786 -498.866
°OH^0 -228.683 117.973 -504.7
°OH^0 -216.723 109.454 -513.828
°OH^0 -217.935 109.244 -518.371
°OH^0 -213.344 112.033 -520.84
°OH^0 -197.041 101.709 -540.562
°OH^0 -198.533 102.171 -538.802
°OH^0 -86.871 32.9372 -709.592
°OH^0 -59.2958 17.4803 -757.774
°OH^0 -41.0197 -0.732096 -815.526
°OH^0 -28.6325 -3.21182 -825.186
°OH^0 -8.28816 -9.38977 -864.025
°OH^0 -14.1666 -12.1175 -886.413
°OH^0 -13.3394 -9.07704 -916.163
°OH^0 -15.6754 -6.00405 -952.495
°OH^0 -12.8916 -1.16944 -960.865
°OH^0 -13.8659 -0.877452 -1021.82
°OH^0 -12.0564 -3.465 -1033.2
°OH^0 -11.4223 0.387038 -1066.87
°OH^0 -11.3841 0.753389 -1086.1
°OH^0 -8.12092 0.540586 -1149.24
°OH^0 -7.91513 1.38494 -1165.58
°OH^0 -2.92546 0.355046 -1211.14
°OH^0 -13.4581 -1.15912 -1227.99
°OH^0 -9.18282 0.140466 -1310.04
°OH^0 0.768866 6.17458 -1319.24
°OH^0 1.59968 8.51066 -1384.69
°OH^0 3.64159 0.102158 -1469.28
°OH^0 2.04589 4.24017 -1494.11
°OH^0 5.01244 0.45986 -1486.63
°OH^0 2.07914 -2.30151 -1468.22
°OH^0 0.447679 1.83872 -1407.15
°OH^0 -2.65064 3.392 -1348.42
°OH^0 -14.8971 -4.87875 -971.437
°OH^0 -21.2519 -6.55072 -853.335
°OH^0 -518.971 264.48 -482.788
°OH^0 -507.466 264.972 -472.956
°OH^0 -474.338 256.544 -442.14
°OH^0 -377.011 205.714 -350.34
°OH^0 -369.99 202.663 -350.384
°OH^0 -362.218 202.175 -353.071
°OH^0 -333.036 192.623 -363.907
°OH^0 -272.226 150.092 -444.038
°OH^0 -224.34 114.346 -508.879
°OH^0 -188.935 93.7261 -552.107
°OH^0 -163.885 79.8683 -587.882
°OH^0 -91.8529 38.3798 -695.97
°OH^0 -89.4981 33.447 -703.429
°OH^0 -64.9803 17.9712 -750.312
°OH^0 -40.6012 7.03832 -805.431
°OH^0 -13.9838 -3.89723 -988.184
°OH^0 -14.357 -3.84612 -987.868
°OH^0 -11.6859 -0.222925 -1072.78
°OH^0 -11.6165 1.21853 -1157.62
°OH^0 -10.2271 -0.0591535 -1172.97
°OH^0 -7.77242 1.60427 -1184.81
°OH^0 -9.39409 -0.452627 -1216.48
°OH^0 -7.68746 2.42662 -1245.56
°OH^0 -8.89221 2.88389 -1249.75
°OH^0 -4.81394 0.75147 -1337.55
°OH^0 -3.01467 -0.451494 -1375.77
°OH^0 -3.34953 -0.816712 -1430.71
°OH^0 -1.35186 0.748013 -1472.83
°OH^0 0.822762 0.327592 -1482.69
°OH^0 -0.388786 1.34793 -1496.21
°OH^0 -2.94209 1.41067 -1455.89
°OH^0 -5.40121 -1.76268 -1452.04
°OH^0 -2.92907 -0.108126 -1449.11
°OH^0 -4.22224 -1.17929 -1443.12
°OH^0 -1.42832 -0.743726 -1444.97
°OH^0 -3.55919 1.17323 -1389.71
°OH^0 -7.25461 0.405114 -1386.53
°OH^0 -2.69777 -0.00690984 -1382.95
°OH^0 -3.53824 1.16961 -1374.07
°OH^0 -5.38222 1.55051 -1376.33
°OH^0 -4.71888 2.53779 -1326.04
°OH^0 -4.96325 2.00439 -1306.22
°OH^0 -2.84639 3.33248 -1300.55
°OH^0 -4.80317 0.642834 -1293.9
°OH^0 -0.771369 3.12292 -1256.59
°OH^0 -6.13421 6.92767 -1253.32
°OH^0 -10.3174 1.90687 -1247.77
°OH^0 -6.62359 2.73947 -1231.4
°OH^0 -8.85249 -0.347876 -1225.34
°OH^0 -9.85451 0.410991 -1221.06
°OH^0 -6.78294 1.72162 -1220.65
°OH^0 -8.33293 -0.40416 -1155.24
°OH^0 -9.42844 -0.956198 -1074.94
°OH^0 -12.5749 -3.35692 -1068.94
°OH^0 -15.3888 -4.53014 -939.692
°OH^0 -14.1361 -6.03215 -932.624
°OH^0 -13.2602 -5.3221 -888.156
°OH^0 -15.0127 -7.44381 -877.945
°OH^0 -13.6168 -8.07258 -877.358
°OH^0 -19.1497 -6.38041 -854.203
°OH^0 -36.4917 2.55256 -818.455
°OH^0 -48.1835 5.36469 -792.187
°OH^0 -89.5318 32.3895 -708.364
°OH^0 -105.324 44.9822 -678.448
°OH^0 -123.695 55.5411 -647.319
°OH^0 -141.446 63.6877 -618.022
°OH^0 -142.096 67.9832 -617.033
°OH^0 -560.654 313.058 -514.083
°OH^0 -553.924 304.62 -521.685
°OH^0 -549.187 296.343 -517.543
°OH^0 -534.779 273.859 -520.061
°OH^0 -517.265 267.952 -484.051
°OH^0 -502.304 265.971 -468.418
°OH^0 -503.328 263.461 -468.316
°OH^0 -479.715 258.498 -449.537
°OH^0 -474.77 259.072 -440.689
°OH^0 -473.804 254.409 -440.063
°OH^0 -462.763 251.484 -425.298
°OH^0 -441.611 243.137 -396.87
°OH^0 -440.782 242.848 -393.51
°OH^0 -416.837 220.531 -366.19
°OH^0 -413.518 220.079 -362.901
°OH^0 -406.907 214.254 -358.878
°OH^0 -407.881 216.108 -357.728
°OH^0 -405.304 213.714 -358.252
°OH^0 -396.726 212.445 -354.643
°OH^0 -393.589 212.918 -354.346
°OH^0 -392.866 209.309 -355.198
°OH^0 -392.762 207.983 -354.219
°OH^0 -384.007 207.779 -351.352
°OH^0 -379.197 205.79 -350.437
°OH^0 -378.395 205.126 -348.524
°OH^0 -379.38 206.401 -350.96
°OH^0 -343.906 198.582 -356.817
°OH^0 -338.411 193.125 -360.267
°OH^0 -331.818 192.545 -361.427
°OH^0 -334.56 190.258 -364.197
°OH^0 -327.657 186.024 -365.485
°OH^0 -329.06 190.657 -367.604
°OH^0 -327.453 189.829 -366.178
°OH^0 -328.012 188.582 -366.075
°OH^0 -321.022 181.622 -373.571
°OH^0 -312.604 173.934 -383.198
°OH^0 -304.938 170.838 -396.289
°OH^0 -303.732 170.283 -396.649
°OH^0 -301.653 167.995 -398.951
°OH^0 -293.78 164.266 -409.478
°OH^0 -287.609 160.422 -418.632
°OH^0 -282.533 157.673 -423.343
°OH^0 -282.308 158.742 -425.06
°OH^0 -282.06 156.56 -427.641
°OH^0 -277.322 156.083 -432.087
°OH^0 -274.642 152.333 -437.282
°OH^0 -261.963 143.486 -456.532
°OH^0 -259.678 142.209 -455.331
°OH^0 -248.3 133.563 -476.994
°OH^0 -245.44 131.265 -478.591
°OH^0 -241.371 125.999 -485.107
°OH^0 -237.365 126.128 -486.6
°OH^0 -225.448 117.399 -505.352
°OH^0 -225.498 118.941 -504.017
°OH^0 -223.717 115.025 -509.557
°OH^0 -219.952 113.014 -513.669
°OH^0 -218.894 111.247 -517.13
°OH^0 -212.415 110.804 -521.714
°OH^0 -213.221 107.467 -525.206
°OH^0 -209.661 106.656 -526.375
°OH^0 -206.334 101.61 -530.572
°OH^0 -203.601 102.166 -533.571
°OH^0 -202.867 101.577 -534.383
°OH^0 -195.951 98.6523 -544.041
°OH^0 -194.01 98.0908 -547.904
°OH^0 -190.572 95.9409 -552.803
°OH^0 -189.098 96.1941 -553.421
°OH^0 -186.571 96.033 -559.193
°OH^0 -184.789 91.674 -558.925
°OH^0 -179.918 91.8112 -564.583
°OH^0 -174.069 87.5535 -570.693
°OH^0 -164.821 80.26 -587.891
°OH^0 -162.405 79.3975 -589.03
°OH^0 -155.726 77.2576 -597.141
°OH^0 -153.031 71.5452 -603.187
°OH^0 -148.603 69.3525 -608.744
°OH^0 -145.34 70.6572 -615.82
°OH^0 -139.793 65.1244 -621.834
°OH^0 -137.758 67.3103 -624.989
°OH^0 -126.092 56.6626 -641.74
°OH^0 -119.676 52.888 -655.391
°OH^0 -115.374 52.8011 -657.119
°OH^0 -110.631 46.8544 -670.574
°OH^0 -111.347 48.8017 -670.263
°OH^0 -106.996 47.3188 -673.714
°OH^0 -106.216 46.3406 -677.415
°OH^0 -103.837 44.6237 -681.24
°OH^0 -102.979 44.7193 -681.382
°OH^0 -96.8982 41.8474 -686.39
°OH^0 -98.9041 41.4573 -690.052
°OH^0 -98.4186 40.9077 -691.706
°OH^0 -97.3861 40.5822 -694.928
°OH^0 -94.1822 35.949 -695.726
°OH^0 -92.1075 37.6658 -700.747
°OH^0 -92.3557 38.0447 -700.305
°OH^0 -90.4393 34.6221 -703.998
°OH^0 -90.2893 35.3177 -705.547
°OH^0 -81.4551 30.8816 -721.311
°OH^0 -77.8409 26.9297 -726.488
°OH^0 -71.6464 24.665 -737.359
°OH^0 -72.1933 24.0622 -736.13
°OH^0 -67.882 22.3357 -744.923
°OH^0 -68.1347 20.7092 -746.013
°OH^0 -63.0508 17.262 -746.446
°OH^0 -63.6074 21.1991 -752.483
°OH^0 -62.3712 18.1311 -755.754
°OH^0 -61.1942 17.2589 -762.185
°OH^0 -58.4936 14.8246 -767.192
°OH^0 -54.8616 13.7576 -770.08
°OH^0 -53.3691 13.6368 -772.912
°OH^0 -51.9549 12.0042 -777.534
°OH^0 -54.0772 12.2813 -774.674
°OH^0 -52.8206 9.8707 -778.18
°OH^0 -52.6028 11.3211 -779.754
°OH^0 -47.8239 9.95145 -785.706
°OH^0 -48.0434 5.58136 -792.055
°OH^0 -45.8095 9.99718 -795.517
°OH^0 -46.4253 5.28293 -793.749
°OH^0 -42.5413 3.9742 -802.391
°OH^0 -41.3569 3.54381 -803.769
°OH^0 -40.1444 5.77273 -803.467
°OH^0 -41.1721 3.29366 -802.059
°OH^0 -39.0131 3.72557 -809.027
°OH^0 -37.5878 2.12391 -813.064
°OH^0 -33.7668 1.89226 -814.731
°OH^0 -34.9476 1.63808 -818.422
°OH^0 -30.3741 3.1554 -821.214
°OH^0 -29.2252 -4.19464 -829.562
°OH^0 -25.8168 -3.15294 -834.158
°OH^0 -25.1003 -4.04556 -841.312
°OH^0 -19.0138 -5.30365 -851.317
°OH^0 -20.8126 -4.44003 -849.105
°OH^0 -21.1644 -6.51915 -852.158
°OH^0 -17.1965 -6.6952 -853.269
°OH^0 -19.1774 -3.9063 -855.233
°OH^0 -16.8488 -7.3927 -858.631
°OH^0 -15.7956 -6.59092 -865.326
°OH^0 -14.9575 -7.47823 -869.893
°OH^0 -16.5846 -9.37307 -891.988
°OH^0 -14.8433 -3.79502 -896.918
°OH^0 -13.1092 -8.66531 -900.083
°OH^0 -15.7057 -8.41292 -901.495
°OH^0 -14.9117 -5.22031 -903.435
°OH^0 -15.4708 -5.94679 -907.313
°OH^0 -14.2226 -8.26215 -912.505
°OH^0 -14.0777 -7.24826 -916.196
°OH^0 -13.9418 -2.42859 -918.05
°OH^0 -13.0944 -6.34358 -933.945
°OH^0 -13.2465 -6.80953 -934.29
°OH^0 -13.836 -3.69153 -948.117
°OH^0 -13.588 -4.20078 -964.517
°OH^0 -15.5729 -2.56366 -968.761
°OH^0 -14.5908 -1.66034 -980.351
°OH^0 -14.1276 -1.83065 -981.665
°OH^0 -12.6653 -1.77821 -980.95
°OH^0 -14.0055 -4.20477 -986.73
°OH^0 -12.9865 -3.2571 -986.891
°OH^0 -13.6496 -4.50161 -987.403
°OH^0 -12.3953 -3.28124 -991.168
°OH^0 -14.6412 -3.20927 -992.722
°OH^0 -13.419 -5.18967 -991.896
°OH^0 -12.3738 -1.62169 -996.051
°OH^0 -13.55 -3.60692 -996.582
°OH^0 -13.8787 -4.76329 -997.818
°OH^0 -13.3143 -2.3709 -996.12
°OH^0 -15.4218 0.695053 -1001.35
°OH^0 -14.6153 -2.387 -1017.2
°OH^0 -10.9274 -0.278405 -1020.8
°OH^0 -11.6754 -2.0972 -1027.96
°OH^0 -10.7353 -0.164113 -1034.42
°OH^0 -13.2992 -1.93973 -1036.96
°OH^0 -14.0448 -1.89004 -1044.02
°OH^0 -11.5475 -0.814278 -1052.74
°OH^0 -12.481 -2.52834 -1057.44
°OH^0 -13.9017 -1.35395 -1056.38
°OH^0 -12.5549 1.19309 -1060.36
°OH^0 -12.3086 0.449623 -1067.92
°OH^0 -13.2626 1.58998 -1073.13
°OH^0 -11.1219 -0.869724 -1086.16
°OH^0 -12.065 2.51845 -1087.23
°OH^0 -12.2211 0.43167 -1094.04
°OH^0 -12.8101 0.962835 -1093.5
°OH^0 -12.8121 2.25029 -1096.03
°OH^0 -9.71416 -1.01426 -1098.43
°OH^0 -11.5566 -1.08675 -1103.87
°OH^0 -12.7389 0.00590482 -1109.72
°OH^0 -9.82943 0.418719 -1125.25
°OH^0 -10.0271 -0.699727 -1135.71
°OH^0 -11.0235 0.658501 -1136.79
°OH^0 -8.09656 -0.720745 -1139.43
°OH^0 -8.74493 2.28272 -1145.93
°OH^0 -10.4051 1.57827 -1146.87
°OH^0 -8.57756 -1.80003 -1145.76
°OH^0 -11.007 0.781134 -1151.71
°OH^0 -8.06122 -2.03304 -1154.92
°OH^0 -11.6465 1.53345 -1158.39
°OH^0 -8.67899 0.814951 -1160.24
°OH^0 -8.00996 0.991171 -1176.14
°OH^0 -9.64526 1.90068 -1176.66
°OH^0 -8.25693 1.96479 -1176.7
°OH^0 -7.49214 1.93885 -1181.81
°OH^0 -6.41994 0.996363 -1187.17
°OH^0 -9.77243 2.18978 -1196.84
°OH^0 -8.42859 0.192894 -1199.01
°OH^0 -10.6432 2.46832 -1213.22
°OH^0 -9.15851 0.955708 -1224.62
°OH^0 -9.04613 3.55998 -1229.84
°OH^0 -8.96772 3.0318 -1230.63
°OH^0 -8.07224 1.74203 -1234.85
°OH^0 -7.44666 1.34373 -1234.55
°OH^0 -7.40809 3.55316 -1250.87
°OH^0 -9.42411 3.16867 -1249.37
°OH^0 -7.88562 3.05249 -1253.14
°OH^0 -8.66447 3.16042 -1259.01
°OH^0 -8.94115 3.23579 -1264.39
°OH^0 -6.31619 2.32367 -1265.75
°OH^0 -6.54982 4.79193 -1266.72
°OH^0 -9.86597 3.94389 -1267.71
°OH^0 -6.3577 2.26918 -1272.55
°OH^0 -7.44792 3.72333 -1278.11
°OH^0 -6.06153 2.67285 -1281.7
°OH^0 -6.75834 1.73807 -1286.4
°OH^0 -5.65536 1.89884 -1300.27
°OH^0 -5.99646 1.76745 -1298.46
°OH^0 -6.0316 2.44679 -1312.78
°OH^0 -4.63556 3.23302 -1313.88
°OH^0 -6.80274 1.41097 -1315.88
°OH^0 -4.84356 2.5969 -1316.78
°OH^0 -7.06242 2.19859 -1320.09
°OH^0 -6.13651 1.19077 -1326.6
°OH^0 -4.71526 1.80226 -1331.18
°OH^0 -4.95781 0.379541 -1338.61
°OH^0 -3.96858 0.328776 -1342.55
°OH^0 -3.66112 0.715998 -1348.89
°OH^0 -2.65958 0.318122 -1362.12
°OH^0 -3.61951 2.09154 -1365.93
°OH^0 -2.67717 2.88006 -1366.73
°OH^0 -4.84739 0.666391 -1374.6
°OH^0 -4.08045 1.2915 -1385.06
°OH^0 -3.41791 -0.115033 -1387.02
°OH^0 -2.79528 1.67499 -1392.2
°OH^0 -1.08773 -1.5191 -1396.84
°OH^0 -3.29591 2.23832 -1399.02
°OH^0 -2.07028 -0.0933567 -1403.78
°OH^0 -2.27951 -0.873448 -1406.94
°OH^0 -1.91035 -2.98865 -1412.86
°OH^0 -3.15189 -1.16046 -1419.42
°OH^0 -1.27053 -1.07894 -1420.14
°OH^0 -5.19755 0.0521589 -1421.5
°OH^0 -1.2561 0.904185 -1424.21
°OH^0 -0.594594 -0.254129 -1426.56
°OH^0 -2.00527 0.259222 -1430.91
°OH^0 -0.779557 0.831706 -1436.09
°OH^0 -1.03873 -0.371998 -1436.56
°OH^0 -0.0855371 -1.79719 -1435.87
°OH^0 -1.37747 1.10977 -1439.41
°OH^0 -0.582441 -0.20158 -1456.03
°OH^0 0.00195398 -0.839541 -1456.51
°OH^0 -0.614286 0.907229 -1457.01
°OH^0 -0.68127 0.317928 -1455.46
°OH^0 -1.37404 -0.506619 -1458.82
°OH^0 -1.66103 -1.0125 -1468.88
°OH^0 0.131021 2.22142 -1471.75
°OH^0 1.45729 1.69631 -1486.15
°OH^0 1.07614 -1.86051 -1487.81
°OH^0 1.03575 -2.60325 -1494.41
°OH^0 -0.559377 -0.126343 -1499.64
°OH^0 -1.42903 1.60264 -1499.1
°OH^0 -1.06744 -2.99875 -1491.49
°OH^0 1.94358 -1.55576 -1492.77
°OH^0 1.24612 3.62606 -1478.68
°OH^0 -0.650836 -0.783481 -1478.45
°OH^0 0.770916 0.368376 -1478.48
°OH^0 0.179794 -1.71939 -1472.16
°OH^0 3.43242 1.01645 -1472.1
°OH^0 0.900312 -2.99583 -1468.47
°OH^0 0.236187 0.800966 -1460.3
°OH^0 -0.273775 0.992518 -1460.15
°OH^0 -2.27048 -4.74034 -1458.66
°OH^0 3.49032 0.411415 -1452.99
°OH^0 -2.47452 -2.995 -1449.52
°OH^0 1.2244 0.0595857 -1444.42
°OH^0 0.540462 0.609414 -1441.56
°OH^0 -1.51383 0.594815 -1438.11
°OH^0 -0.749958 0.125163 -1435.84
°OH^0 -0.661029 -2.64205 -1431.71
°OH^0 -1.37376 2.53313 -1424.54
°OH^0 -3.24709 -0.801333 -1418.59
°OH^0 -0.796465 0.64253 -1415.44
°OH^0 -4.05956 -0.368242 -1409.05
°OH^0 -1.59435 -2.56955 -1405.23
°OH^0 -1.65 -0.569549 -1392.61
°OH^0 -3.66818 -0.667966 -1388.21
°OH^0 -8.99127 1.24135 -1389.31
°OH^0 -5.11473 -0.211155 -1383.55
°OH^0 -2.46351 0.587294 -1383.25
°OH^0 -3.26529 3.12766 -1381.79
°OH^0 -2.68386 0.48261 -1381.95
°OH^0 -2.78018 -0.876612 -1378.07
°OH^0 -6.14555 -0.202792 -1375.73
°OH^0 -1.66038 2.68163 -1368.22
°OH^0 0.397135 3.09287 -1367.2
°OH^0 -4.71207 3.35579 -1368.1
°OH^0 -3.50195 1.64842 -1356.66
°OH^0 -2.00581 0.847896 -1342.84
°OH^0 -3.33532 -1.82023 -1345.04
°OH^0 -6.03385 1.66742 -1335.6
°OH^0 -5.5565 1.8859 -1330.93
°OH^0 -6.31332 0.235577 -1313.28
°OH^0 -4.54451 0.819584 -1313.68
°OH^0 -2.85899 -0.928483 -1316.25
°OH^0 -6.21546 2.67041 -1315.47
°OH^0 -6.56935 1.25474 -1307.34
°OH^0 -5.12498 1.97088 -1306.28
°OH^0 -5.29169 1.18663 -1304.63
°OH^0 -4.77639 2.49274 -1302.63
°OH^0 -6.26453 1.24165 -1300.79
°OH^0 -7.71678 1.99901 -1301.59
°OH^0 -5.6043 -0.0769455 -1300.48
°OH^0 -7.4973 2.34573 -1295.96
°OH^0 -7.7523 1.5808 -1294.82
°OH^0 -6.78449 3.23011 -1281.23
°OH^0 -6.15267 1.96731 -1279.1
°OH^0 -7.40815 1.76421 -1276.04
°OH^0 -7.28708 1.29018 -1267.21
°OH^0 -8.50752 0.986182 -1258.26
°OH^0 -7.0599 1.42546 -1255.58
°OH^0 -10.8413 1.8078 -1256.59
°OH^0 -7.02133 0.356703 -1248.55
°OH^0 -10.0968 1.71653 -1234.79
°OH^0 -6.07703 0.588882 -1233.95
°OH^0 -7.91308 1.96067 -1230.33
°OH^0 -6.98329 -0.543695 -1226
°OH^0 -10.2339 6.96822 -1222.38
°OH^0 -11.0658 8.20666 -1219.91
°OH^0 -9.11142 2.89936 -1228.85
°OH^0 -9.4436 1.96548 -1225.87
°OH^0 -9.45343 2.19569 -1226.06
°OH^0 -7.94035 3.79894 -1218.92
°OH^0 -7.42966 0.0684039 -1203.49
°OH^0 -8.83174 2.93279 -1198.45
°OH^0 -4.15415 3.27083 -1195.3
°OH^0 -9.54859 -1.26843 -1177.4
°OH^0 -6.70282 0.223905 -1181.48
°OH^0 -8.31653 -0.642868 -1180.44
°OH^0 -12.664 3.57299 -1166.94
°OH^0 -10.4925 0.393449 -1168.31
°OH^0 -9.60876 3.96513 -1152.33
°OH^0 -8.78467 1.2889 -1154.33
°OH^0 -9.50142 -1.05295 -1151.96
°OH^0 -6.98762 1.32115 -1139.86
°OH^0 -11.4202 2.45869 -1140.88
°OH^0 -11.6863 3.06714 -1137.15
°OH^0 -9.40293 -0.264847 -1135.61
°OH^0 -8.87743 1.31167 -1136.23
°OH^0 -10.5745 0.256572 -1128.38
°OH^0 -9.3419 -0.264769 -1123.1
°OH^0 -11.0771 0.0190351 -1120.66
°OH^0 -8.21431 -2.14223 -1104.24
°OH^0 -12.3494 1.8959 -1105.03
°OH^0 -11.2468 0.0638926 -1090.95
°OH^0 -12.9061 -0.795915 -1084.47
°OH^0 -11.942 -1.80036 -1084.44
°OH^0 -13.3901 7.26933 -1061.83
°OH^0 -11.9868 -0.0324876 -1068.39
°OH^0 -9.95663 -2.57138 -1065.14
°OH^0 -12.5104 -1.34096 -1038.49
°OH^0 -12.146 -0.299879 -1034.03
°OH^0 -15.6483 0.476809 -1031.86
°OH^0 -14.2174 -0.926311 -1033.89
°OH^0 -13.7134 -3.18148 -1031.36
°OH^0 -12.9061 -0.57214 -1025.08
°OH^0 -12.4302 -0.399192 -1025.91
°OH^0 -15.2506 -2.07684 -1000.91
°OH^0 -11.7276 -4.84337 -993.905
°OH^0 -12.8133 -3.21468 -994.828
°OH^0 -12.8377 -3.6323 -993.939
°OH^0 -10.4757 -3.11657 -997.907
°OH^0 -13.7178 -2.31187 -993.813
°OH^0 -12.7129 -1.20317 -994.922
°OH^0 -15.2484 -3.333 -972.477
°OH^0 -13.7773 -1.01041 -970.52
°OH^0 -14.4315 -3.58946 -967.214
°OH^0 -14.1926 -4.80326 -962.219
°OH^0 -17.6632 -8.04647 -963.504
°OH^0 -11.8847 -2.47229 -951.844
°OH^0 -13.7495 -2.69361 -937.978
°OH^0 -14.9305 -8.09503 -923.432
°OH^0 -13.3831 -6.2405 -898.117
°OH^0 -16.4756 -7.72455 -894.848
°OH^0 -13.9237 -5.67688 -892.583
°OH^0 -14.971 -6.83143 -888.001
°OH^0 -15.6071 -6.37747 -886.645
°OH^0 -15.8538 -7.97144 -871.269
°OH^0 -22.4671 -2.68227 -845.892
°OH^0 -22.6828 0.317646 -842.659
°OH^0 -23.8822 -1.4892 -841.207
°OH^0 -29.2753 -1.56224 -829.189
°OH^0 -32.9073 1.17354 -821.539
°OH^0 -36.2823 1.95071 -813.393
°OH^0 -38.9693 1.77001 -815.215
°OH^0 -37.3354 5.57913 -810.645
°OH^0 -42.8295 4.63429 -805.11
°OH^0 -41.0805 4.36866 -803.989
°OH^0 -41.2245 4.80691 -803.55
°OH^0 -41.7615 5.58435 -801.923
°OH^0 -46.2793 7.89585 -794.264
°OH^0 -48.7786 5.70006 -790.249
°OH^0 -44.8494 4.3237 -793.817
°OH^0 -48.5676 5.62123 -788.191
°OH^0 -58.6034 9.55182 -777.514
°OH^0 -54.8395 15.8721 -772.041
°OH^0 -60.774 18.2181 -761.839
°OH^0 -58.6116 16.8282 -755.261
°OH^0 -61.0826 15.7283 -758.39
°OH^0 -68.613 22.9355 -743.288
°OH^0 -69.2807 23.5723 -741.854
°OH^0 -71.7254 24.489 -734.657
°OH^0 -83.7677 30.1501 -716.23
°OH^0 -85.8324 31.9075 -715.245
°OH^0 -92.2336 37.5728 -700.606
°OH^0 -96.7808 40.7653 -693.131
°OH^0 -99.6679 42.7567 -687.21
°OH^0 -103.288 43.5825 -682.099
°OH^0 -102.146 52.3389 -676.481
°OH^0 -111.76 48.1655 -668.766
°OH^0 -108.931 49.3965 -668.571
°OH^0 -129.541 58.6504 -636.614
°OH^0 -128.574 54.151 -637.559
°OH^0 -133.644 61.4757 -632.705
°OH^0 -133.074 63.5339 -629.31
°OH^0 -173.193 85.8267 -578.513
°OH^0 -172.317 82.0286 -573.575
°OH^0 -184.497 92.9704 -560.119
°OH^0 -184.802 95.8101 -559.498
°OH^0 -213.257 112.68 -518.947
°OH^0 -219.617 110.842 -518.188
°OH^0 -232.736 118.8 -499.21
°OH^0 -247.684 132.817 -474.554
°OH^0 -276.433 152.054 -433.804
°OH^0 -559.69 314.426 -485.192
°OH^0 -562.379 312.472 -510.835
°OH^0 -560.695 312.692 -512.889
°OH^0 -558.896 312.658 -514.672
°OH^0 -548.101 293.178 -517.523
°OH^0 -545.876 294.4 -518.322
°OH^0 -540.795 283.99 -518.932
°OH^0 -537.159 283.761 -520.725
°OH^0 -536.908 274.951 -519.542
°OH^0 -532.878 271.719 -518.087
°OH^0 -535.244 264.116 -527.943
°OH^0 -538.876 261.638 -525.834
°OH^0 -537.648 262.242 -516.128
°OH^0 -534.401 263.462 -510.728
°OH^0 -535.159 265.17 -506.034
°OH^0 -531.797 264.536 -504.96
°OH^0 -529.138 265.281 -497.319
°OH^0 -530.846 267.233 -495.485
°OH^0 -523.523 266.648 -489.425
°OH^0 -521.615 265.748 -487.814
°OH^0 -522.739 265.741 -485.764
°OH^0 -514.391 265.279 -478.541
°OH^0 -513.743 265.908 -480.118
°OH^0 -512.32 266.334 -475.894
°OH^0 -512.131 264.591 -475.696
°OH^0 -509.355 265.982 -473.665
°OH^0 -509.291 267.605 -473.236
°OH^0 -506.732 264.781 -470.861
°OH^0 -505.325 265.313 -469.629
°OH^0 -498.735 265.922 -467.434
°OH^0 -497.122 268.138 -465.922
°OH^0 -495.505 266.674 -462.71
°OH^0 -496.853 266.835 -463.141
°OH^0 -497.505 264.491 -461.41
°OH^0 -494.649 264.767 -462.545
°OH^0 -489.809 263.477 -458.447
°OH^0 -485.074 262.368 -454.422
°OH^0 -484.137 259.555 -451.148
°OH^0 -481.749 260.152 -449.622
°OH^0 -479.816 259.148 -444.681
°OH^0 -479.228 260.218 -444.491
°OH^0 -476.074 256.163 -442.795
°OH^0 -474.501 257.89 -439.874
°OH^0 -471.842 254.162 -437.439
°OH^0 -473.307 254.933 -436.305
°OH^0 -472.164 256.779 -438.134
°OH^0 -468.183 253.651 -436.368
°OH^0 -467.722 253.767 -434.388
°OH^0 -467.052 253.475 -430.69
°OH^0 -469.98 252.487 -432.998
°OH^0 -464.489 255.695 -430.113
°OH^0 -460.889 250.965 -423.394
°OH^0 -458.995 251.662 -419.023
°OH^0 -457.683 249.195 -421.927
°OH^0 -458.037 250.128 -422.337
°OH^0 -455.88 251.126 -418.004
°OH^0 -455.412 248.912 -419.479
°OH^0 -452.072 247.4 -410.496
°OH^0 -447.984 247.223 -412.903
°OH^0 -447.017 246.863 -408.842
°OH^0 -441.545 244.389 -403.4
°OH^0 -442.483 243.418 -401.745
°OH^0 -441.954 243.59 -399.832
°OH^0 -442.679 243.949 -398.622
°OH^0 -442.145 244.856 -397.409
°OH^0 -441.137 246.845 -398.386
°OH^0 -440.745 244.071 -396.233
°OH^0 -442.339 242.528 -398.471
°OH^0 -440.751 240.464 -393.998
°OH^0 -437.294 241.034 -394.206
°OH^0 -438.836 239.32 -393.993
°OH^0 -437.654 237.852 -385.847
°OH^0 -436.232 235.475 -385.449
°OH^0 -434.948 235.148 -381.059
°OH^0 -433.09 232.788 -379.548
°OH^0 -432.67 233.046 -378.243
°OH^0 -433.031 232.253 -380.095
°OH^0 -431.339 230.983 -378.146
°OH^0 -430.823 232.127 -378.961
°OH^0 -429.453 233.77 -376.478
°OH^0 -428.348 229.644 -376.734
°OH^0 -426.066 226.355 -372.24
°OH^0 -424.013 225.648 -370.183
°OH^0 -421.524 223.227 -369.226
°OH^0 -421.767 223.105 -367.873
°OH^0 -419.979 224.131 -368.052
°OH^0 -419.472 219.234 -367.72
°OH^0 -420.107 221.966 -368.198
°OH^0 -416.9 221.464 -365.392
°OH^0 -417.86 221.585 -364.086
°OH^0 -415.042 219.2 -367.234
°OH^0 -413.422 218.263 -365.306
°OH^0 -414.364 219.833 -361.967
°OH^0 -412.295 216.204 -360.914
°OH^0 -410.844 216.553 -361.268
°OH^0 -409.213 217.321 -360.926
°OH^0 -410.586 214.437 -360.419
°OH^0 -409.035 217.044 -358.534
°OH^0 -405.65 214.962 -358.95
°OH^0 -406.241 213.141 -357.753
°OH^0 -406.029 213.154 -356.027
°OH^0 -405.396 213.459 -357.578
°OH^0 -404.227 215.05 -357.445
°OH^0 -402.95 212.296 -356.951
°OH^0 -401.032 214.359 -358.107
°OH^0 -396.092 211.895 -354.091
°OH^0 -391.8 208.625 -352.722
°OH^0 -377.396 206.399 -351.873
°OH^0 -378.93 206.358 -348.633
°OH^0 -375.694 206.007 -351.781
°OH^0 -372.989 203.571 -350.354
°OH^0 -373.29 204.295 -349.432
°OH^0 -373.074 204.109 -351.205
°OH^0 -371.946 203.527 -352.904
°OH^0 -364.87 202.507 -353.09
°OH^0 -362.038 202.24 -352.799
°OH^0 -361.509 199.594 -352.003
°OH^0 -360.228 200.047 -353.711
°OH^0 -360.863 200.053 -353.882
°OH^0 -356.807 200.326 -354.299
°OH^0 -357.905 200.707 -355.813
°OH^0 -357.771 199.175 -354.637
°OH^0 -355.968 199.526 -354.202
°OH^0 -356.547 198.648 -354.645
°OH^0 -357.015 200.615 -352.568
°OH^0 -354.138 195.731 -353.56
°OH^0 -352.462 199.196 -357.442
°OH^0 -350.585 198.677 -356.424
°OH^0 -350.325 197.459 -355.476
°OH^0 -352.496 196.405 -354.76
°OH^0 -349.11 196.974 -355.56
°OH^0 -344.389 196.067 -358.591
°OH^0 -343.976 196.004 -357.027
°OH^0 -340.974 194.981 -357.56
°OH^0 -337.911 193.279 -358.679
°OH^0 -335.197 195.642 -359.954
°OH^0 -337.27 192.277 -360.65
°OH^0 -336.416 195.319 -361.354
°OH^0 -336.916 193.778 -359.213
°OH^0 -338.659 193.662 -362.57
°OH^0 -336.053 192.386 -362.185
°OH^0 -331.144 191.761 -364.13
°OH^0 -331.903 190.462 -363.871
°OH^0 -332.895 190.966 -364.501
°OH^0 -329.72 189.825 -362.739
°OH^0 -329.02 189.724 -365.05
°OH^0 -327.147 188.469 -365.966
°OH^0 -328.55 189.194 -365.567
°OH^0 -328.43 187.615 -368.395
°OH^0 -327.795 188.484 -367.758
°OH^0 -323.97 187.249 -368.045
°OH^0 -325.47 186.311 -371.126
°OH^0 -324.46 185.473 -367.94
°OH^0 -327.629 183.367 -371.868
°OH^0 -325.582 185.705 -369.399
°OH^0 -324.508 184.481 -371.457
°OH^0 -323.494 185.589 -370.716
°OH^0 -321.373 181.859 -367.772
°OH^0 -324.228 182.235 -372.461
°OH^0 -321.621 183.122 -373.43
°OH^0 -319.3 180.938 -373.367
°OH^0 -319.214 180.993 -373.909
°OH^0 -319.048 177.04 -375.212
°OH^0 -317.186 179.753 -377.558
°OH^0 -319.52 180.436 -377.862
°OH^0 -318.331 178.278 -374.892
°OH^0 -319.191 179.587 -376.437
°OH^0 -316.303 179.582 -377.576
°OH^0 -315.876 177.192 -377.843
°OH^0 -314.635 176.571 -381.621
°OH^0 -313.874 175.845 -381.135
°OH^0 -315.137 176.303 -383.337
°OH^0 -312.662 174.635 -381.886
°OH^0 -313.672 177.397 -382.753
°OH^0 -312.761 175.083 -384.305
°OH^0 -311.208 174.819 -385.041
°OH^0 -312.136 173.102 -386.303
°OH^0 -310.543 172.97 -386.064
°OH^0 -308.919 174.874 -385.963
°OH^0 -308.829 172.891 -388.958
°OH^0 -308.16 172.984 -390.37
°OH^0 -306.725 171.471 -391.96
°OH^0 -306.419 170.272 -390.909
°OH^0 -308.539 173.17 -392.368
°OH^0 -308.555 169.189 -391.092
°OH^0 -306.18 169.726 -391.781
°OH^0 -305.496 171.167 -394.423
°OH^0 -304.72 171.125 -394.347
°OH^0 -305.268 171.089 -391.793
°OH^0 -304.782 169.456 -394.188
°OH^0 -303.284 170.365 -393.716
°OH^0 -304.478 168.176 -397.452
°OH^0 -304.738 168.302 -399.702
°OH^0 -302.371 168.597 -400.559
°OH^0 -303.356 169.499 -398.621
°OH^0 -301.555 170.212 -401.517
°OH^0 -300.994 167.371 -399.28
°OH^0 -302.694 166.235 -400.16
°OH^0 -302.558 167.54 -402.241
°OH^0 -303.233 166.032 -401.695
°OH^0 -302.981 168.683 -402.304
°OH^0 -298.789 169.226 -402.902
°OH^0 -296.719 167.646 -403.314
°OH^0 -297.235 166.829 -406.649
°OH^0 -297.137 164.81 -406.474
°OH^0 -295.199 165.02 -408.528
°OH^0 -294.408 164.507 -406.356
°OH^0 -297.047 165.912 -408.235
°OH^0 -294.009 163.133 -409.109
°OH^0 -293.557 161.361 -412.49
°OH^0 -291.928 163.319 -411.654
°OH^0 -292.432 161.822 -412.69
°OH^0 -290.555 162.373 -411.736
°OH^0 -291.688 160.038 -412.66
°OH^0 -288.053 159.782 -417.273
°OH^0 -287.276 160.277 -418.126
°OH^0 -286.279 158.24 -417.206
°OH^0 -286.488 160.076 -419.199
°OH^0 -286.201 159.981 -424.288
°OH^0 -285.229 159.388 -421.545
°OH^0 -283.442 159.311 -422.871
°OH^0 -284.73 159.021 -424.994
°OH^0 -282.056 160.273 -423.062
°OH^0 -282.141 157.864 -427.351
°OH^0 -278.9 156.831 -428.228
°OH^0 -283.195 156.579 -425.25
°OH^0 -279.521 156.215 -427.464
°OH^0 -280.817 155.023 -428.07
°OH^0 -280.558 154.61 -428.942
°OH^0 -278.67 158.258 -430.33
°OH^0 -279.383 155.879 -430.233
°OH^0 -278.526 153.689 -433.279
°OH^0 -278.027 154.831 -433.148
°OH^0 -278.465 154.294 -431.029
°OH^0 -277.986 154.737 -434.24
°OH^0 -278.085 153.22 -434.734
°OH^0 -277.182 151.889 -434.955
°OH^0 -276.409 151.102 -434.807
°OH^0 -273.952 153.434 -436.401
°OH^0 -273.606 152.849 -437.889
°OH^0 -271.652 150.839 -441.899
°OH^0 -271.429 150.901 -441.05
°OH^0 -272.968 149.998 -440.667
°OH^0 -270.398 148.728 -442.621
°OH^0 -268.504 149.215 -443.581
°OH^0 -267.912 146.144 -444.088
°OH^0 -267.311 146.195 -446.807
°OH^0 -264.234 146.491 -445.362
°OH^0 -265.652 148.264 -447.156
°OH^0 -267.181 145.948 -447.24
°OH^0 -263.362 146.189 -449.918
°OH^0 -263.52 144.357 -448.143
°OH^0 -261.57 147.772 -452.804
°OH^0 -262.466 144.185 -451.108
°OH^0 -263.174 144.617 -453.834
°OH^0 -260.045 141.855 -455.747
°OH^0 -258.546 141.971 -457.757
°OH^0 -258.395 140.862 -456.648
°OH^0 -259.585 141.844 -454.464
°OH^0 -259.448 139.783 -459.951
°OH^0 -257.914 141.882 -458.127
°OH^0 -256.078 140.668 -459.3
°OH^0 -257.653 139.215 -462.946
°OH^0 -256.186 138.983 -462.067
°OH^0 -257.07 140.271 -461.822
°OH^0 -252.406 137.704 -464.627
°OH^0 -252.372 137.171 -463.63
°OH^0 -252.657 135.385 -468.56
°OH^0 -251.089 136.297 -468.927
°OH^0 -252.883 135.962 -467.461
°OH^0 -250.33 136.809 -467.71
°OH^0 -251.067 137.578 -468.285
°OH^0 -250.238 134.694 -469.353
°OH^0 -247.811 133.912 -473.226
°OH^0 -244.067 132.812 -476.296
°OH^0 -245.767 132.232 -479.36
°OH^0 -242.922 131.214 -478.367
°OH^0 -246.169 128.83 -480.661
°OH^0 -244.817 129.876 -477.279
°OH^0 -243.834 131.114 -478.184
°OH^0 -243.182 126.984 -482.551
°OH^0 -242.542 130.719 -482.346
°OH^0 -240.285 129.925 -483.066
°OH^0 -242.869 126.69 -483.505
°OH^0 -241.221 127.535 -486.608
°OH^0 -238.886 128.076 -484.077
°OH^0 -239.288 127.733 -489.8
°OH^0 -238.166 126.537 -487.058
°OH^0 -236.345 128.271 -489.201
°OH^0 -238.572 125.53 -487.668
°OH^0 -238.581 125.207 -487.621
°OH^0 -238.228 125.34 -489.685
°OH^0 -237.693 124.087 -489.679
°OH^0 -236.535 125.284 -490.64
°OH^0 -234.331 123.389 -492.936
°OH^0 -234.429 124.231 -490.719
°OH^0 -236.403 123.937 -491.17
°OH^0 -238.369 122.232 -494.384
°OH^0 -236.087 124.035 -492.585
°OH^0 -235.817 122.053 -493.923
°OH^0 -233.892 121.789 -492.404
°OH^0 -231.882 121.255 -497.874
°OH^0 -232.006 120.66 -501.262
°OH^0 -231.721 118.373 -498.459
°OH^0 -230.854 118.024 -498.435
°OH^0 -229.862 117.058 -502.513
°OH^0 -227.771 119.958 -503.212
°OH^0 -230.093 118.093 -502.136
°OH^0 -227.56 119.004 -501.763
°OH^0 -228.927 119.122 -502.627
°OH^0 -227.95 118.16 -503.567
°OH^0 -227.591 115.567 -506.935
°OH^0 -224.478 115.967 -507.945
°OH^0 -225.271 115.851 -507.247
°OH^0 -221.138 115.042 -509.795
°OH^0 -222.52 113.828 -512.453
°OH^0 -223.475 114.03 -510.359
°OH^0 -219.823 113.639 -509.927
°OH^0 -221.212 111.571 -513.002
°OH^0 -221.052 110.783 -516.133
°OH^0 -219.768 113.924 -514.705
°OH^0 -218.654 113.02 -513.21
°OH^0 -217.613 111.459 -518.083
°OH^0 -218.083 113.942 -514.586
°OH^0 -218.298 112.097 -516.471
°OH^0 -216.678 111.406 -517.226
°OH^0 -216.243 110.642 -516.346
°OH^0 -214.365 111.363 -517.611
°OH^0 -215.008 112.149 -518.189
°OH^0 -217.265 111.688 -518.09
°OH^0 -216.21 110.841 -517.128
°OH^0 -217.342 111.067 -519.769
°OH^0 -211.883 108.027 -525.102
°OH^0 -212.269 108.144 -524.739
°OH^0 -210.488 108.187 -526.884
°OH^0 -209.551 107.011 -527.68
°OH^0 -211.063 107.281 -528.64
°OH^0 -209.372 105.408 -526.885
°OH^0 -208.038 106.167 -529.201
°OH^0 -206.867 104.895 -530.418
°OH^0 -205.028 106.853 -529.651
°OH^0 -206.644 105.572 -532.48
°OH^0 -202.851 105.147 -532.193
°OH^0 -205.82 103.835 -533.357
°OH^0 -203.276 104.621 -534.872
°OH^0 -200.561 103.806 -534.806
°OH^0 -201.733 103.087 -534.788
°OH^0 -201.835 103.287 -537.248
°OH^0 -197.436 101.162 -539.562
°OH^0 -199.626 103.867 -540.607
°OH^0 -198.662 102.566 -539.189
°OH^0 -199.837 102.616 -542.194
°OH^0 -197.891 101.962 -540.304
°OH^0 -197.809 100.663 -542.175
°OH^0 -199.239 100.612 -542.224
°OH^0 -194.828 99.2544 -545.919
°OH^0 -195.936 100.206 -544.196
°OH^0 -195.02 97.701 -544.618
°OH^0 -193.396 99.9274 -548.866
°OH^0 -191.737 97.6099 -548.254
°OH^0 -188.542 93.6111 -550.525
°OH^0 -189.532 94.9455 -555.762
°OH^0 -190.77 96.3014 -552.097
°OH^0 -188.888 95.9324 -551.472
°OH^0 -187.625 95.3444 -553.468
°OH^0 -187.479 95.3272 -556.851
°OH^0 -187.834 95.3917 -556.639
°OH^0 -185.268 91.4478 -556.363
°OH^0 -187.343 93.6563 -558.789
°OH^0 -185.267 91.6698 -559.157
°OH^0 -184.361 91.9164 -560.426
°OH^0 -184.73 92.0432 -559.324
°OH^0 -181.819 89.5426 -566.16
°OH^0 -180.522 92.3262 -565.272
°OH^0 -178.568 91.6084 -567.014
°OH^0 -177.841 90.6666 -567.526
°OH^0 -175.73 87.3696 -570.054
°OH^0 -173.218 88.7814 -570.631
°OH^0 -176.285 87.6024 -570.053
°OH^0 -178.049 88.273 -571.619
°OH^0 -175.706 86.6437 -574.093
°OH^0 -174.897 86.5067 -572.291
°OH^0 -175.195 85.5888 -572.633
°OH^0 -174.213 85.8212 -574.323
°OH^0 -172.149 86.416 -577.485
°OH^0 -171.444 81.8057 -579.587
°OH^0 -169.676 83.8004 -583.127
°OH^0 -168.015 84.4065 -581.142
°OH^0 -167.282 82.0591 -579.391
°OH^0 -167.931 80.2681 -582.315
°OH^0 -164.59 83.2274 -585.064
°OH^0 -161.801 79.1802 -588.833
°OH^0 -162.861 79.2072 -589.172
°OH^0 -157.829 77.0781 -595.058
°OH^0 -157.744 76.7458 -596.514
°OH^0 -157.583 74.5972 -593.464
°OH^0 -156.629 78.3308 -596.652
°OH^0 -156.873 77.7302 -597.601
°OH^0 -156.036 77.9464 -597.2
°OH^0 -156.38 75.855 -597.998
°OH^0 -155.472 75.2693 -596.937
°OH^0 -153.831 73.8304 -597.267
°OH^0 -156.774 75.1671 -599.331
°OH^0 -153.348 73.5003 -600.069
°OH^0 -154.525 74.0705 -600.994
°OH^0 -156.103 73.9154 -599.777
°OH^0 -154.422 74.7428 -602.617
°OH^0 -154.303 75.0955 -602.021
°OH^0 -150.235 72.8387 -604.348
°OH^0 -150.234 73.6868 -603.248
°OH^0 -147.115 71.5933 -606.364
°OH^0 -149.8 70.9888 -606.806
°OH^0 -148.512 72.1782 -608.906
°OH^0 -149.7 72.1381 -610.775
°OH^0 -146.974 68.334 -609.856
°OH^0 -148.693 70.0878 -610.106
°OH^0 -147.182 70.3949 -613.75
°OH^0 -147.237 71.977 -611.383
°OH^0 -147.344 70.7631 -611.367
°OH^0 -144.394 69.487 -615.962
°OH^0 -145.691 66.5516 -613.484
°OH^0 -145.147 68.7654 -613.374
°OH^0 -144.194 70.1013 -611.243
°OH^0 -143.642 68.1144 -615.208
°OH^0 -142.859 69.7626 -618.012
°OH^0 -142.764 68.3239 -617.79
°OH^0 -143.093 69.3583 -621.043
°OH^0 -141.39 66.492 -621.562
°OH^0 -138.922 64.8946 -623.792
°OH^0 -138.565 67.0257 -622.373
°OH^0 -139.947 66.3687 -624.099
°OH^0 -141.038 65.4971 -623.925
°OH^0 -137.79 63.4531 -624.165
°OH^0 -138.235 64.5238 -625.283
°OH^0 -136.821 63.4716 -626.353
°OH^0 -135.187 62.9286 -627.483
°OH^0 -135.889 63.7001 -628.268
°OH^0 -135.3 63.542 -628.626
°OH^0 -132.983 63.0715 -630.552
°OH^0 -133.632 60.9966 -630.877
°OH^0 -133.654 62.7375 -632.745
°OH^0 -132.996 63.3227 -631.146
°OH^0 -134.188 58.7105 -629.891
°OH^0 -132.437 61.9413 -634.129
°OH^0 -131.683 63.7091 -632.005
°OH^0 -130.938 59.1226 -636.373
°OH^0 -128.562 60.9798 -635.743
°OH^0 -127.246 58.2163 -638.651
°OH^0 -127.236 58.8297 -639.516
°OH^0 -126.948 55.8453 -639.545
°OH^0 -125.532 58.0476 -644.011
°OH^0 -126.603 59.01 -641.957
°OH^0 -124.451 58.0516 -641.209
°OH^0 -125.33 59.2387 -644.266
°OH^0 -123.798 59.0598 -641.992
°OH^0 -124.05 57.0373 -644.021
°OH^0 -121.954 54.7422 -646.9
°OH^0 -121.924 56.8754 -647.918
°OH^0 -121.524 55.3218 -650.128
°OH^0 -119.027 55.6916 -652.628
°OH^0 -118.865 54.8908 -651.886
°OH^0 -121.033 53.9698 -656.974
°OH^0 -119.31 51.2227 -656.772
°OH^0 -119.077 51.3426 -656.276
°OH^0 -115.635 52.7642 -658.325
°OH^0 -115.825 50.2735 -656.985
°OH^0 -113.614 50.3452 -661.511
°OH^0 -111.294 50.6617 -663.853
°OH^0 -113.276 49.4909 -664.775
°OH^0 -112.565 50.6918 -661.168
°OH^0 -112.076 50.7261 -664.517
°OH^0 -109.534 46.4203 -668.245
°OH^0 -108.849 45.925 -669.969
°OH^0 -108.702 45.7928 -671.478
°OH^0 -106.441 45.1325 -673.927
°OH^0 -106.099 44.7971 -676.904
°OH^0 -106.885 45.4214 -675.311
°OH^0 -107.535 45.8618 -678.278
°OH^0 -101.927 44.8423 -675.618
°OH^0 -103.595 44.5713 -676.67
°OH^0 -104.016 46.9826 -679.161
°OH^0 -105.75 44.211 -680.438
°OH^0 -104.57 41.5501 -678.349
°OH^0 -102.615 44.0159 -683.282
°OH^0 -99.7928 43.134 -685.566
°OH^0 -98.1919 41.4516 -686.998
°OH^0 -95.2673 38.5283 -692.344
°OH^0 -94.7269 35.6912 -694.724
°OH^0 -93.9271 36.433 -696.486
°OH^0 -96.0819 37.5558 -697.453
°OH^0 -92.3562 35.5032 -699.103
°OH^0 -93.0375 37.7715 -699.693
°OH^0 -93.74 35.2477 -697.339
°OH^0 -89.3114 33.7162 -699.817
°OH^0 -88.3806 37.4262 -705.735
°OH^0 -90.6499 34.7436 -703.469
°OH^0 -91.3693 34.5059 -704.325
°OH^0 -89.5477 36.3341 -705.188
°OH^0 -87.9899 35.4421 -705.788
°OH^0 -90 35.9636 -708.424
°OH^0 -88.0608 32.8106 -707.053
°OH^0 -86.3554 34.9347 -706.853
°OH^0 -87.5303 33.0084 -710.242
°OH^0 -85.927 33.5718 -710.421
°OH^0 -86.5291 33.3688 -709.386
°OH^0 -86.5702 34.2095 -710.708
°OH^0 -84.1397 32.2371 -711.596
°OH^0 -84.865 31.2557 -712.74
°OH^0 -84.4639 31.3105 -715.619
°OH^0 -83.4402 32.5172 -714.985
°OH^0 -83.5822 30.4155 -715.053
°OH^0 -85.8158 31.9718 -715.526
°OH^0 -83.1063 31.5774 -716.41
°OH^0 -81.3435 29.055 -720.236
°OH^0 -82.0559 31.5953 -720.731
°OH^0 -79.7968 27.6786 -723.77
°OH^0 -79.1725 28.2931 -721.262
°OH^0 -79.3884 27.1645 -722.893
°OH^0 -78.9489 25.7828 -723.386
°OH^0 -80.5249 27.9961 -724.862
°OH^0 -78.7264 30.1034 -726.18
°OH^0 -76.7305 25.9993 -726
°OH^0 -76.0268 26.5927 -727.376
°OH^0 -76.9079 26.4241 -727.891
°OH^0 -75.5263 26.2621 -730.436
°OH^0 -75.4753 26.7 -731.922
°OH^0 -73.0204 26.0659 -729.012
°OH^0 -73.6634 28.5217 -732.609
°OH^0 -75.0751 24.9898 -732.643
°OH^0 -75.0071 24.0899 -736.144
°OH^0 -72.9075 26.1377 -736.503
°OH^0 -70.1641 24.1655 -738.044
°OH^0 -72.0178 22.0327 -737.225
°OH^0 -69.7721 22.7566 -738.908
°OH^0 -67.6896 22.876 -741.292
°OH^0 -68.0401 22.4513 -742.312
°OH^0 -67.9241 22.3743 -740.126
°OH^0 -70.4789 21.9316 -742.396
°OH^0 -68.8957 23.5375 -741.705
°OH^0 -67.9867 21.7618 -741.721
°OH^0 -67.5876 24.0455 -742.484
°OH^0 -66.2129 21.2144 -743.005
°OH^0 -66.6319 23.9612 -744.456
°OH^0 -60.4326 20.6095 -746.176
°OH^0 -66.2926 20.6763 -745.221
°OH^0 -64.5163 19.6729 -750.709
°OH^0 -64.8153 20.1899 -748.579
°OH^0 -65.2082 19.2775 -751.476
°OH^0 -63.5692 20.3366 -750.767
°OH^0 -63.4714 19.0356 -750.381
°OH^0 -64.2089 17.8401 -753.423
°OH^0 -64.5233 19.2003 -755.915
°OH^0 -61.7679 18.0008 -755.968
°OH^0 -61.8197 16.6075 -757.027
°OH^0 -62.7367 14.8776 -757.579
°OH^0 -61.3604 16.9786 -760.984
°OH^0 -58.8641 15.8021 -763.377
°OH^0 -57.7746 15.4793 -764.158
°OH^0 -57.659 15.2139 -766.842
°OH^0 -57.6576 14.238 -763.897
°OH^0 -54.0018 13.8543 -766.674
°OH^0 -54.4223 13.7764 -768.161
°OH^0 -54.4917 14.1822 -769.358
°OH^0 -55.7021 13.8919 -770.557
°OH^0 -53.5959 14.0452 -771.441
°OH^0 -54.3904 12.3688 -778.307
°OH^0 -53.7198 11.3698 -778.646
°OH^0 -53.3174 12.2155 -776.374
°OH^0 -52.1956 10.4734 -780.281
°OH^0 -48.779 9.32458 -784.119
°OH^0 -50.269 9.0833 -785.07
°OH^0 -48.5806 10.3317 -786.62
°OH^0 -49.6042 9.41162 -785.771
°OH^0 -46.6588 10.0393 -787.186
°OH^0 -46.6496 7.97542 -786.776
°OH^0 -45.0058 10.1359 -794.77
°OH^0 -44.5138 8.53867 -793.332
°OH^0 -45.9694 8.53873 -794.848
°OH^0 -43.445 6.42678 -796.031
°OH^0 -43.7021 6.63546 -799.151
°OH^0 -43.7589 6.88601 -793.699
°OH^0 -44.017 7.66472 -795.823
°OH^0 -43.3222 8.04494 -798.584
°OH^0 -43.4735 6.51869 -800.26
°OH^0 -43.8225 4.91359 -800.739
°OH^0 -43.4225 4.80951 -801.084
°OH^0 -43.5508 1.98067 -805.625
°OH^0 -41.4051 3.45651 -804.456
°OH^0 -41.4211 4.58677 -804.635
°OH^0 -36.8377 1.22656 -811.55
°OH^0 -39.4105 1.19289 -812.069
°OH^0 -38.7505 1.00762 -811.486
°OH^0 -36.4169 1.99369 -812.724
°OH^0 -38.3511 1.15913 -812.004
°OH^0 -40.2789 0.318796 -816.514
°OH^0 -36.8421 1.39416 -814.19
°OH^0 -37.2053 2.05159 -814.67
°OH^0 -37.6735 2.81341 -815.304
°OH^0 -37.8805 3.61904 -816.055
°OH^0 -36.518 1.11229 -815.802
°OH^0 -34.0623 2.59999 -822.839
°OH^0 -33.3979 1.17558 -820.859
°OH^0 -30.2813 2.04155 -823.81
°OH^0 -34.196 0.0637379 -825.333
°OH^0 -32.5389 -0.0426068 -827.104
°OH^0 -25.3896 -1.88612 -832.126
°OH^0 -27.681 -2.35364 -833.85
°OH^0 -27.7308 -1.57257 -839.205
°OH^0 -26.1924 -4.84965 -836.956
°OH^0 -24.842 -3.29604 -839.006
°OH^0 -25.8322 -3.18067 -840.183
°OH^0 -22.9504 -3.11485 -843.411
°OH^0 -22.8241 -2.80912 -845.051
°OH^0 -22.365 -4.74369 -846.064
°OH^0 -20.0012 -6.58816 -844.497
°OH^0 -19.4124 -5.11764 -845.256
°OH^0 -21.477 -4.74152 -849.997
°OH^0 -19.057 -5.05959 -849.191
°OH^0 -19.4282 -6.3938 -849.397
°OH^0 -19.1596 -5.11095 -849.409
°OH^0 -18.2773 -6.44795 -850.891
°OH^0 -14.768 -6.47862 -857.519
°OH^0 -13.5615 -9.60304 -859.039
°OH^0 -14.2422 -7.74987 -860.854
°OH^0 -14.3015 -9.20084 -861.122
°OH^0 -14.0251 -8.14973 -865.499
°OH^0 -17.5634 -7.46765 -863.265
°OH^0 -12.7538 -6.69629 -866.622
°OH^0 -16.5002 -7.66054 -867.17
°OH^0 -12.3364 -7.13408 -868.142
°OH^0 -15.9144 -7.65921 -871.915
°OH^0 -15.8567 -7.53376 -873.336
°OH^0 -14.0652 -7.7412 -877.227
°OH^0 -15.0283 -7.96753 -877.961
°OH^0 -15.6574 -7.45741 -876.176
°OH^0 -15.2696 -7.8506 -876.049
°OH^0 -17.0091 -5.48399 -878.7
°OH^0 -17.0181 -7.00287 -880.86
°OH^0 -14.7327 -6.68789 -881.086
°OH^0 -13.888 -7.43632 -881.259
°OH^0 -14.8822 -6.55143 -885.027
°OH^0 -16.0822 -9.64569 -882.38
°OH^0 -16.2601 -8.52454 -882.996
°OH^0 -15.734 -7.43667 -885.342
°OH^0 -16.1352 -10.0263 -886.348
°OH^0 -14.4919 -7.28192 -886.504
°OH^0 -14.7393 -7.50237 -887.971
°OH^0 -13.3562 -6.20783 -890.117
°OH^0 -14.1918 -6.81819 -892.237
°OH^0 -15.3866 -6.96381 -889.997
°OH^0 -13.4035 -6.82067 -894.478
°OH^0 -15.1288 -5.94871 -897
°OH^0 -14.9036 -7.61925 -898.945
°OH^0 -10.7822 -6.47193 -899.285
°OH^0 -16.8143 -7.20621 -903.166
°OH^0 -15.9356 -7.65281 -902.184
°OH^0 -16.141 -8.28567 -902.759
°OH^0 -14.4756 -8.04123 -900.628
°OH^0 -15.1672 -6.06714 -903.45
°OH^0 -15.0445 -5.9853 -904.253
°OH^0 -15.66 -7.3309 -904.988
°OH^0 -14.315 -5.48147 -904.295
°OH^0 -14.9627 -8.2314 -907.564
°OH^0 -14.8637 -5.60091 -914.28
°OH^0 -15.3955 -7.04913 -914.401
°OH^0 -14.5643 -5.94968 -918.533
°OH^0 -13.4852 -6.64362 -915.577
°OH^0 -16.2913 -6.87974 -917.983
°OH^0 -14.2366 -6.08503 -921.836
°OH^0 -13.2652 -5.71911 -922.301
°OH^0 -12.8279 -8.07315 -921.552
°OH^0 -15.0344 -5.75675 -924.195
°OH^0 -15.0698 -5.24952 -925.012
°OH^0 -12.6754 -4.65359 -927.311
°OH^0 -16.976 -8.86774 -928.002
°OH^0 -14.1426 -5.34905 -927.242
°OH^0 -15.6944 -5.31188 -932.337
°OH^0 -14.6176 -5.41941 -933.766
°OH^0 -15.6816 -7.38222 -934.353
°OH^0 -13.8896 -5.30336 -934.129
°OH^0 -13.2251 -6.27666 -935.37
°OH^0 -13.3179 -6.27829 -939.018
°OH^0 -14.773 -7.82965 -940.31
°OH^0 -14.9411 -5.22695 -943.017
°OH^0 -14.0825 -4.07393 -942.392
°OH^0 -13.7577 -5.90577 -943.062
°OH^0 -14.7633 -4.97438 -946.547
°OH^0 -13.4186 -4.52897 -947.531
°OH^0 -13.7258 -6.07636 -953.467
°OH^0 -15.1528 -4.64327 -950.945
°OH^0 -14.1007 -2.21466 -952.977
°OH^0 -13.8275 -3.80734 -953.903
°OH^0 -11.3846 -3.17083 -953.74
°OH^0 -15.1091 -4.76144 -953.518
°OH^0 -14.6793 -4.82882 -955.597
°OH^0 -14.6774 -2.28268 -952.475
°OH^0 -14.4608 -4.39094 -957.693
°OH^0 -15.2741 -5.23541 -958.006
°OH^0 -14.8899 -4.4502 -958.184
°OH^0 -16.0258 -2.62193 -958.124
°OH^0 -14.1667 -5.13514 -958.695
°OH^0 -14.6468 -2.7145 -960.376
°OH^0 -16.1824 -3.6202 -961.625
°OH^0 -16.2972 -4.15808 -961.217
°OH^0 -13.9805 -4.44217 -964.877
°OH^0 -13.8541 -4.06638 -969.049
°OH^0 -15.6228 -2.95109 -968.296
°OH^0 -15.3007 -1.98796 -966.111
°OH^0 -13.4538 -2.98843 -965.836
°OH^0 -14.1139 -1.94916 -971.864
°OH^0 -13.3903 -1.95167 -970.248
°OH^0 -11.8182 -3.77118 -975.162
°OH^0 -16.0619 -1.55232 -974.002
°OH^0 -11.5678 -3.4799 -977.472
°OH^0 -12.5134 -3.49461 -980.517
°OH^0 -15.4762 -1.64235 -982.279
°OH^0 -14.1729 -2.48663 -983.742
°OH^0 -13.4187 -0.984788 -984.466
°OH^0 -14.5427 -4.39765 -986.54
°OH^0 -12.9442 -3.25758 -992.786
°OH^0 -15.6652 -1.3644 -990.883
°OH^0 -12.9082 -3.61076 -993.464
°OH^0 -13.2236 -3.45332 -996.067
°OH^0 -14.2182 -1.07504 -997.055
°OH^0 -15.3713 0.0250816 -999.897
°OH^0 -15.0827 -2.77803 -998.032
°OH^0 -13.4029 -2.942 -998.339
°OH^0 -14.5494 -2.44484 -1000.03
°OH^0 -11.8416 -0.449538 -1002.66
°OH^0 -14.2259 -3.48442 -1005.32
°OH^0 -15.9519 -2.49497 -1003.16
°OH^0 -13.3893 -2.48192 -1005.38
°OH^0 -12.7195 -3.59782 -1006.66
°OH^0 -11.7727 -0.846391 -1010.49
°OH^0 -13.5034 -2.20048 -1009.27
°OH^0 -12.4596 -0.699747 -1012.12
°OH^0 -13.3544 -2.01886 -1014.5
°OH^0 -12.9744 -2.11567 -1016.88
°OH^0 -13.4453 -1.25044 -1014.54
°OH^0 -12.7207 -1.03439 -1016.61
°OH^0 -14.1319 -0.153529 -1019.86
°OH^0 -14.2779 -1.45548 -1024.61
°OH^0 -13.3074 -2.49709 -1024.79
°OH^0 -13.9454 -3.73111 -1024.77
°OH^0 -13.1088 0.756758 -1027.05
°OH^0 -13.4944 -2.44316 -1029.11
°OH^0 -13.3435 -1.05602 -1033.45
°OH^0 -13.0502 -0.752849 -1034.68
°OH^0 -11.0678 -0.874152 -1036.45
°OH^0 -14.1655 -2.15391 -1042.56
°OH^0 -12.572 -1.65778 -1044.42
°OH^0 -11.6562 0.573576 -1047.39
°OH^0 -12.0989 -2.22332 -1047.28
°OH^0 -13.4309 -1.83704 -1047.28
°OH^0 -12.9402 -1.83723 -1054.46
°OH^0 -12.7322 -2.54922 -1049.86
°OH^0 -12.6165 0.678504 -1051.9
°OH^0 -14.2382 -2.63095 -1054.59
°OH^0 -13.2249 -2.08169 -1056.02
°OH^0 -14.2193 -0.967924 -1056.96
°OH^0 -14.3022 -0.690405 -1057.83
°OH^0 -14.0697 -1.10524 -1057.88
°OH^0 -13.8832 -1.00231 -1061.01
°OH^0 -12.6255 -1.69081 -1063.13
°OH^0 -14.4818 -2.84488 -1062.85
°OH^0 -10.971 -2.96136 -1067.38
°OH^0 -12.7944 -1.08311 -1066.42
°OH^0 -10.6353 0.311157 -1070.79
°OH^0 -12.8414 -0.355965 -1070.84
°OH^0 -11.2861 -0.574147 -1072.15
°OH^0 -11.8556 -2.39715 -1079.01
°OH^0 -12.1827 -2.27136 -1077.57
°OH^0 -12.3708 -3.75095 -1078.7
°OH^0 -12.8758 -0.0488754 -1079.37
°OH^0 -10.9675 -0.849134 -1077.67
°OH^0 -9.62208 -1.18283 -1081.97
°OH^0 -9.8073 -2.74227 -1081.81
°OH^0 -11.8863 -2.14424 -1080.96
°OH^0 -11.0936 0.542646 -1086.52
°OH^0 -10.9998 -0.00743708 -1085.94
°OH^0 -9.89355 0.841454 -1085.7
°OH^0 -12.2508 -1.33215 -1086.6
°OH^0 -12.46 -2.21125 -1086.27
°OH^0 -12.4866 0.532379 -1088.47
°OH^0 -10.0842 -0.0484828 -1092.14
°OH^0 -11.4516 0.823426 -1096.7
°OH^0 -10.4291 1.10043 -1102.21
°OH^0 -11.3015 -0.914185 -1103.51
°OH^0 -12.2832 2.05657 -1104.19
°OH^0 -12.0007 1.19749 -1104.02
°OH^0 -11.2706 0.916827 -1103.62
°OH^0 -10.9017 0.618423 -1107.24
°OH^0 -9.85419 0.539061 -1105.05
°OH^0 -12.4597 0.107896 -1109.75
°OH^0 -9.90544 -0.899775 -1112.54
°OH^0 -8.52724 -0.225659 -1117.26
°OH^0 -9.98482 2.08406 -1118.29
°OH^0 -9.06697 0.84654 -1121.64
°OH^0 -11.4512 0.013074 -1123.26
°OH^0 -8.9269 0.484579 -1127.55
°OH^0 -11.8299 0.821626 -1132.97
°OH^0 -10.0607 0.600873 -1132.29
°OH^0 -12.4183 2.38951 -1133.88
°OH^0 -9.88612 1.91689 -1134.05
°OH^0 -8.61049 1.01177 -1137.78
°OH^0 -8.4372 1.60711 -1136.35
°OH^0 -10.1162 -0.678361 -1136.72
°OH^0 -10.1352 1.47563 -1138.07
°OH^0 -11.1487 1.40652 -1137.95
°OH^0 -10.1741 0.0631854 -1143.66
°OH^0 -8.4396 0.78832 -1148.45
°OH^0 -8.47696 -0.467999 -1156.55
°OH^0 -7.26688 0.212011 -1158.64
°OH^0 -9.53093 1.6043 -1161.11
°OH^0 -9.19626 -0.141247 -1161.22
°OH^0 -10.4075 1.60429 -1160.54
°OH^0 -10.0183 -0.389403 -1164.83
°OH^0 -8.18203 2.30069 -1164.28
°OH^0 -8.71335 1.37662 -1166.61
°OH^0 -8.50483 1.34133 -1165.11
°OH^0 -7.35464 0.904603 -1169.65
°OH^0 -8.75891 1.96457 -1169.67
°OH^0 -9.53215 3.02404 -1173.59
°OH^0 -7.70997 2.16288 -1171.14
°OH^0 -8.33389 -1.57505 -1179.55
°OH^0 -7.22261 -0.213176 -1178.02
°OH^0 -8.1714 0.0801799 -1176.88
°OH^0 -8.74352 1.60214 -1179.78
°OH^0 -9.4269 1.53336 -1177.98
°OH^0 -7.71004 -0.676484 -1178.88
°OH^0 -9.45056 1.69832 -1182.11
°OH^0 -10.1601 2.29208 -1182.59
°OH^0 -10.0465 0.108905 -1183.04
°OH^0 -6.02048 0.0942647 -1182.53
°OH^0 -11.5064 3.03773 -1184.16
°OH^0 -11.0402 1.78724 -1183.19
°OH^0 -8.93807 3.05343 -1184.24
°OH^0 -6.98346 2.83985 -1185.49
°OH^0 -11.2127 2.76394 -1184.93
°OH^0 -8.23748 0.156281 -1186.61
°OH^0 -8.93581 2.90472 -1192.82
°OH^0 -11.5343 2.51813 -1193.33
°OH^0 -6.3299 2.58629 -1195.39
°OH^0 -8.67284 0.0940489 -1199.31
°OH^0 -9.1769 2.96916 -1200.56
°OH^0 -10.1237 2.66066 -1204.48
°OH^0 -8.43436 0.364431 -1209.44
°OH^0 -7.6971 1.50639 -1208.59
°OH^0 -8.01829 4.60589 -1208.36
°OH^0 -9.05921 2.50681 -1215.3
°OH^0 -7.11018 2.3975 -1213.69
°OH^0 -8.91018 4.03441 -1213.64
°OH^0 -8.24597 2.25395 -1218.51
°OH^0 -9.35958 1.92721 -1218.45
°OH^0 -7.41648 2.77174 -1218.47
°OH^0 -7.81266 1.97998 -1222.29
°OH^0 -8.11009 1.45955 -1221.51
°OH^0 -7.31701 0.67666 -1221.25
°OH^0 -8.79164 0.899495 -1222.93
°OH^0 -6.14271 0.568954 -1221.37
°OH^0 -5.31406 4.10245 -1224.18
°OH^0 -7.61328 2.16038 -1226.37
°OH^0 -9.0591 3.49372 -1230
°OH^0 -9.90342 0.23719 -1225.91
°OH^0 -5.30717 3.55619 -1230.86
°OH^0 -7.62741 1.38403 -1229.89
°OH^0 -7.92574 2.4727 -1232.61
°OH^0 -8.00831 2.06307 -1235.04
°OH^0 -7.98598 2.09998 -1234
°OH^0 -7.62711 0.460799 -1234.97
°OH^0 -9.56665 1.05458 -1236.83
°OH^0 -8.35158 2.33307 -1235.05
°OH^0 -9.06466 1.24403 -1236.3
°OH^0 -8.75043 2.69638 -1240.63
°OH^0 -8.2938 2.20529 -1239.55
°OH^0 -8.77808 1.76985 -1237.88
°OH^0 -10.7557 0.848652 -1240.31
°OH^0 -6.14178 1.67923 -1241.13
°OH^0 -6.52567 1.04099 -1243.6
°OH^0 -6.08089 1.57351 -1244.27
°OH^0 -5.50123 0.465066 -1247.79
°OH^0 -7.01883 2.88356 -1249.58
°OH^0 -5.42294 1.26466 -1253.33
°OH^0 -7.30238 2.06523 -1254.01
°OH^0 -5.71643 4.14716 -1253.42
°OH^0 -6.61449 4.43212 -1253.7
°OH^0 -8.7969 2.72822 -1256.07
°OH^0 -5.67939 2.20691 -1257.53
°OH^0 -7.18341 3.02414 -1261.15
°OH^0 -6.50164 -0.128286 -1261.89
°OH^0 -8.03583 0.852764 -1265.73
°OH^0 -8.32511 2.75795 -1271.56
°OH^0 -4.48288 1.83818 -1275.12
°OH^0 -6.23564 3.6046 -1274.55
°OH^0 -6.85338 2.11122 -1276.28
°OH^0 -5.97555 2.0746 -1275.49
°OH^0 -7.24832 2.0993 -1283.68
°OH^0 -5.43542 2.80865 -1283.33
°OH^0 -5.67123 4.67551 -1284.62
°OH^0 -6.23029 1.15238 -1287.12
°OH^0 -6.94666 2.33499 -1289.01
°OH^0 -5.6925 3.11324 -1291.61
°OH^0 -7.46272 1.56919 -1293.4
°OH^0 -4.60841 3.02975 -1294.44
°OH^0 -4.43237 2.49008 -1303.42
°OH^0 -5.51312 -0.0359921 -1306.86
°OH^0 -7.39862 1.8134 -1310.59
°OH^0 -6.88554 1.5063 -1313.95
°OH^0 -7.21511 1.79156 -1313.22
°OH^0 -4.74835 2.53168 -1318.87
°OH^0 -4.47398 2.95336 -1325.22
°OH^0 -5.98619 2.94053 -1327.72
°OH^0 -5.54204 2.30145 -1325.83
°OH^0 -6.70602 1.85556 -1329.15
°OH^0 -3.59497 -0.827506 -1334.42
°OH^0 -4.96753 1.55156 -1336.7
°OH^0 -5.25035 1.40935 -1339.57
°OH^0 -5.26414 2.45493 -1341.18
°OH^0 -4.07703 1.58132 -1342.33
°OH^0 -4.87597 2.31991 -1349.01
°OH^0 -4.28055 0.777966 -1350.4
°OH^0 -4.2018 4.73843 -1346.84
°OH^0 -2.00675 2.34426 -1350.11
°OH^0 -3.45331 0.373669 -1349.88
°OH^0 -2.93345 1.95011 -1353.5
°OH^0 -5.62097 -0.979188 -1352.04
°OH^0 -3.62341 3.11677 -1353.61
°OH^0 -4.44825 1.16374 -1353.58
°OH^0 -3.42205 2.05942 -1368.1
°OH^0 -2.68333 -0.55516 -1368.75
°OH^0 -6.24565 0.525866 -1369.36
°OH^0 -4.98804 0.656787 -1370.11
°OH^0 -5.44437 1.5823 -1370.24
°OH^0 -2.1376 0.872092 -1372.12
°OH^0 -2.57655 1.85378 -1374.15
°OH^0 -2.32958 0.699871 -1376.37
°OH^0 -7.16141 1.53047 -1375.48
°OH^0 -3.89216 -3.84048 -1384.39
°OH^0 -4.29879 0.347491 -1386.26
°OH^0 -1.8741 1.32391 -1383.01
°OH^0 -3.01419 -1.43464 -1387.53
°OH^0 -2.70244 -0.124891 -1389.81
°OH^0 -3.1911 0.964731 -1392.82
°OH^0 -3.10232 -1.37367 -1393.92
°OH^0 -3.21372 1.46762 -1393.98
°OH^0 -3.08874 0.88925 -1394.57
°OH^0 -4.0699 -0.053815 -1398.91
°OH^0 -2.50324 0.47587 -1398.52
°OH^0 -3.67607 0.439842 -1398.54
°OH^0 -4.82348 -1.00289 -1401.55
°OH^0 -0.986691 1.33701 -1401.44
°OH^0 -3.50662 -0.960756 -1401
°OH^0 -2.81222 0.562081 -1399.69
°OH^0 -4.38654 -0.483365 -1398.21
°OH^0 -4.89256 -1.04722 -1401.08
°OH^0 -2.80944 -0.644594 -1405.25
°OH^0 -2.90427 -0.210909 -1405
°OH^0 -3.89228 -1.27848 -1405.48
°OH^0 -1.86261 -0.628581 -1406.78
°OH^0 -2.99786 -2.10266 -1408.34
°OH^0 -1.52331 3.35409 -1408.53
°OH^0 -2.12819 2.10178 -1412.49
°OH^0 -1.60358 0.535254 -1411.72
°OH^0 -1.91641 1.05143 -1410.84
°OH^0 -4.37513 -1.29903 -1417.04
°OH^0 -1.95075 1.75793 -1418.19
°OH^0 -2.7235 0.0585174 -1421.29
°OH^0 -1.38194 -0.101138 -1422.69
°OH^0 -0.632088 -0.963378 -1425.14
°OH^0 -1.98536 -1.70564 -1431
°OH^0 -1.52794 0.377272 -1431.19
°OH^0 -1.73943 -1.06458 -1432.58
°OH^0 -2.89866 -1.26973 -1436.19
°OH^0 -1.3851 -0.162908 -1440.49
°OH^0 -0.334927 0.505383 -1444.15
°OH^0 1.57322 2.11373 -1443.86
°OH^0 -1.04076 1.98898 -1443.89
°OH^0 -0.0634217 0.485934 -1449.41
°OH^0 0.847461 2.06682 -1460.06
°OH^0 -2.64506 0.593144 -1459.87
°OH^0 -2.7058 0.578705 -1460.54
°OH^0 0.188542 -0.949172 -1460.47
°OH^0 0.008914 -0.991726 -1466.48
°OH^0 -0.0493232 -0.680148 -1462.35
°OH^0 -0.184556 1.12112 -1465.02
°OH^0 -1.57448 0.598029 -1472.79
°OH^0 1.13668 -0.725825 -1474.45
°OH^0 1.09815 -0.761983 -1476.99
°OH^0 -2.1488 -3.32617 -1480.84
°OH^0 0.445708 0.227206 -1482.21
°OH^0 -0.585811 -1.82483 -1484.15
°OH^0 -1.68418 0.431971 -1487.12
°OH^0 -0.0567268 -0.506064 -1486.99
°OH^0 0.861365 -1.17298 -1487.71
°OH^0 0.369967 0.770091 -1487.87
°OH^0 0.182833 0.0200833 -1490.63
°OH^0 -1.06022 2.0075 -1490.6
°OH^0 0.0569378 -1.19474 -1488.53
°OH^0 1.50262 -1.43771 -1489.15
°OH^0 -0.521054 1.7229 -1493.19
°OH^0 -3.74662 -0.536926 -1498.97
°OH^0 -1.25605 -3.4084 -1493.21
°OH^0 -0.561383 -4.79264 -1494.61
°OH^0 -0.970979 -4.41522 -1491.63
°OH^0 -2.67165 -2.68603 -1493.13
°OH^0 1.30451 -2.23738 -1496.21
°OH^0 -1.14686 1.87495 -1497.95
°OH^0 1.51776 0.548968 -1494.08
°OH^0 -4.27864 -1.28046 -1492.02
°OH^0 0.96144 -1.50295 -1490.62
°OH^0 -2.63197 0.147716 -1491.33
°OH^0 -0.0908127 3.14339 -1491.32
°OH^0 -2.79526 0.00518763 -1487.65
°OH^0 1.99712 -1.05222 -1488.41
°OH^0 -0.60055 -0.568612 -1487.96
°OH^0 0.365643 2.11254 -1482.27
°OH^0 -2.39728 -5.48408 -1477.52
°OH^0 -2.13354 -0.9568 -1482.8
°OH^0 -1.11746 1.58298 -1482.75
°OH^0 0.133148 1.1775 -1483.6
°OH^0 4.1544 -2.09552 -1482.28
°OH^0 0.583596 1.61894 -1481.53
°OH^0 0.00196883 1.75566 -1482.99
°OH^0 -0.612654 -0.738257 -1480.96
°OH^0 0.318013 0.260839 -1478.81
°OH^0 0.709141 -2.34456 -1478.71
°OH^0 -0.520894 0.236821 -1472.8
°OH^0 0.208632 0.472462 -1470.97
°OH^0 1.34377 -0.0427487 -1471.99
°OH^0 3.01898 -1.05016 -1470.21
°OH^0 1.61762 0.485193 -1470.33
°OH^0 0.510276 -3.74047 -1469.57
°OH^0 0.716204 -0.811348 -1469.69
°OH^0 2.49002 3.47891 -1466.54
°OH^0 0.0577839 1.89885 -1465.8
°OH^0 3.22866 0.539318 -1466.75
°OH^0 -1.48436 -0.848914 -1464.64
°OH^0 -3.99054 -1.52335 -1460.93
°OH^0 -6.28687 1.99817 -1459.17
°OH^0 -3.07858 0.246459 -1462.84
°OH^0 -1.37467 -0.945137 -1461.58
°OH^0 0.229044 2.57268 -1460.3
°OH^0 -4.06976 0.679156 -1461.92
°OH^0 -2.24237 -1.66468 -1455.92
°OH^0 -1.02817 0.446839 -1457.22
°OH^0 -1.065 0.575052 -1456.09
°OH^0 0.0199574 1.3243 -1453.02
°OH^0 0.341252 1.20621 -1456.86
°OH^0 1.52077 1.30066 -1454.72
°OH^0 -1.65299 0.725245 -1449.85
°OH^0 -1.57515 2.03332 -1452.75
°OH^0 0.675648 -0.43606 -1448.85
°OH^0 -0.435663 -6.07391 -1452.64
°OH^0 0.49604 1.36117 -1448.84
°OH^0 -1.994 0.633377 -1447.29
°OH^0 -0.43407 2.14691 -1445.52
°OH^0 -0.75177 -1.72821 -1445.68
°OH^0 -2.76078 0.300552 -1440.27
°OH^0 -1.72789 1.42396 -1438.43
°OH^0 -1.93067 -2.32132 -1433.61
°OH^0 -3.56892 0.972765 -1430.82
°OH^0 -0.559434 -1.35662 -1433.54
°OH^0 -2.53538 1.51942 -1430.56
°OH^0 -1.33073 -0.833361 -1430.38
°OH^0 0.0453164 -1.77306 -1425.97
°OH^0 -0.400405 5.77183 -1425.91
°OH^0 1.52524 1.47356 -1419.22
°OH^0 -0.662914 1.82285 -1419.19
°OH^0 -3.89843 2.17476 -1418.23
°OH^0 -2.92361 -0.0873485 -1419.59
°OH^0 -4.95298 2.00364 -1414.23
°OH^0 -4.85198 -1.32253 -1415.58
°OH^0 2.4415 0.642873 -1412.3
°OH^0 2.36989 3.9263 -1414.27
°OH^0 -3.57779 -1.73335 -1409.84
°OH^0 -7.32223 -0.681452 -1408.41
°OH^0 -1.14832 -3.54717 -1409.01
°OH^0 -4.45617 0.316451 -1409.57
°OH^0 -3.18974 -1.40716 -1406.71
°OH^0 -0.868753 4.10115e-05 -1405.86
°OH^0 -3.97181 0.0968884 -1399.21
°OH^0 -5.45591 1.79848 -1389.03
°OH^0 -3.17251 1.38555 -1389.56
°OH^0 -8.03305 2.05427 -1387.07
°OH^0 -8.81197 2.24751 -1390.49
°OH^0 -7.24971 2.12074 -1388.68
°OH^0 -0.762627 0.34866 -1386.04
°OH^0 -3.45421 1.75129 -1388.54
°OH^0 -1.85908 1.08122 -1385.55
°OH^0 -2.02272 2.2552 -1382.46
°OH^0 0.481745 3.74974 -1378.63
°OH^0 -1.51821 0.19098 -1381.05
°OH^0 -5.45799 4.65201 -1377.04
°OH^0 -5.75459 1.02272 -1374.37
°OH^0 -2.62397 0.280969 -1375.42
°OH^0 -1.40742 1.17827 -1374.21
°OH^0 -1.20993 -1.51145 -1367.81
°OH^0 -1.72246 2.92184 -1368.99
°OH^0 -1.76555 -2.04375 -1366
°OH^0 0.307455 2.17785 -1363.55
°OH^0 -3.22936 0.996002 -1361.13
°OH^0 -3.62676 -0.460205 -1361.53
°OH^0 -5.20037 0.908504 -1363.1
°OH^0 -2.99705 1.4568 -1355.81
°OH^0 -2.1302 2.33345 -1358.02
°OH^0 -5.05117 -0.0937091 -1351.79
°OH^0 -3.27085 1.27099 -1347.44
°OH^0 -3.45599 -0.562493 -1346.65
°OH^0 -7.84748 2.49627 -1347.53
°OH^0 -5.10299 -0.789642 -1349.11
°OH^0 -3.3417 0.952365 -1344.78
°OH^0 -3.74708 2.29861 -1342.29
°OH^0 -2.45233 -0.429251 -1344.52
°OH^0 -4.96267 4.4172 -1343.08
°OH^0 -6.05876 2.60865 -1341.15
°OH^0 -2.82573 0.612275 -1339.32
°OH^0 -5.77262 2.38313 -1338.88
°OH^0 -5.90329 0.917882 -1336.93
°OH^0 -4.05782 1.98785 -1334.56
°OH^0 -7.12548 2.12101 -1334.85
°OH^0 -3.92564 0.0390869 -1332.63
°OH^0 -5.90811 7.12032 -1329.88
°OH^0 -11.2321 3.50524 -1328.7
°OH^0 -5.02955 4.14778 -1324.45
°OH^0 -5.93489 -0.846308 -1326.66
°OH^0 -7.3939 1.52568 -1325.8
°OH^0 -5.7707 1.54923 -1323.54
°OH^0 -6.3241 2.26675 -1322.66
°OH^0 -5.14048 2.51232 -1323.75
°OH^0 -4.90228 2.1225 -1322.41
°OH^0 -5.33898 1.5221 -1317.14
°OH^0 -2.11317 1.07553 -1313.78
°OH^0 -3.6179 1.10349 -1314.08
°OH^0 -6.87054 2.14156 -1314.26
°OH^0 -4.19489 -0.192416 -1315.16
°OH^0 -3.87458 -0.65131 -1314.86
°OH^0 -9.0098 1.25389 -1314.34
°OH^0 -6.64505 3.58024 -1310.76
°OH^0 -6.06946 2.43264 -1306.44
°OH^0 -3.96982 1.98864 -1305.18
°OH^0 -5.16278 2.27554 -1303.59
°OH^0 -3.06673 1.81447 -1305.1
°OH^0 -6.24921 3.64627 -1300.07
°OH^0 -7.03346 -0.887406 -1302.36
°OH^0 -8.44737 3.04451 -1301.32
°OH^0 -6.39071 3.14021 -1301.9
°OH^0 -9.95543 3.31152 -1299.27
°OH^0 -3.21075 6.48849 -1300.7
°OH^0 -2.39525 3.61747 -1300.32
°OH^0 -0.0683884 3.5096 -1297.88
°OH^0 -2.03572 4.59135 -1297.65
°OH^0 -6.62257 1.01604 -1297.01
°OH^0 -7.0166 0.696958 -1299.98
°OH^0 -2.42916 -4.15576 -1293.36
°OH^0 -9.39069 5.18518 -1292.47
°OH^0 -6.63801 3.16005 -1288.63
°OH^0 -6.54868 -0.664216 -1293.61
°OH^0 -9.66163 3.53217 -1280.87
°OH^0 -6.13669 1.62711 -1285.59
°OH^0 -6.33441 4.74805 -1281.81
°OH^0 -4.98985 2.82421 -1281.89
°OH^0 -6.11053 4.68237 -1281.58
°OH^0 -6.83558 2.3475 -1278.37
°OH^0 -6.87347 3.59253 -1274.92
°OH^0 -5.5069 -0.604319 -1272.78
°OH^0 -6.5136 1.85956 -1271.63
°OH^0 -5.7702 -0.0730598 -1270.66
°OH^0 -8.28442 3.88392 -1270.26
°OH^0 -7.72412 3.97788 -1268.52
°OH^0 -7.88212 1.06597 -1260.76
°OH^0 -13.1736 1.57085 -1257.61
°OH^0 -7.81302 0.011415 -1258.8
°OH^0 -8.53781 0.926454 -1256.74
°OH^0 -5.58337 0.51756 -1257.24
°OH^0 -5.62798 3.31733 -1255.41
°OH^0 -7.20123 0.36477 -1254.44
°OH^0 -7.3608 1.12598 -1251.31
°OH^0 -8.3286 3.18218 -1252.87
°OH^0 -6.91526 1.73085 -1255.19
°OH^0 -6.82594 3.93039 -1254.31
°OH^0 -10.4325 2.60187 -1251.19
°OH^0 -6.32489 3.94855 -1244.41
°OH^0 -7.35773 4.50866 -1247.01
°OH^0 -5.67443 1.56147 -1240.08
°OH^0 -10.5815 1.74074 -1234.02
°OH^0 -9.73567 5.39893 -1236.21
°OH^0 -6.66431 2.29536 -1236.75
°OH^0 -8.6966 2.93116 -1230.99
°OH^0 -2.73493 3.39605 -1230.34
°OH^0 -5.87162 2.6998 -1232.64
°OH^0 -7.5756 2.45388 -1231.77
°OH^0 -5.28269 -1.9774 -1230.19
°OH^0 -10.1509 -1.21818 -1232.37
°OH^0 -8.01135 2.08567 -1226.44
°OH^0 -11.7419 0.740085 -1222.56
°OH^0 -9.39752 1.15726 -1226.91
°OH^0 -9.15937 5.99875 -1221.39
°OH^0 -10.6059 4.13154 -1221.02
°OH^0 -10.8073 -0.0951281 -1224.71
°OH^0 -7.26324 0.235766 -1228.46
°OH^0 -11.6292 5.92991 -1232.25
°OH^0 -8.43167 2.87661 -1227.24
°OH^0 -7.4597 3.28951 -1224.77
°OH^0 -9.10991 0.250819 -1226.15
°OH^0 -10.92 4.69722 -1226.23
°OH^0 -8.4687 1.64962 -1222.26
°OH^0 -10.0091 1.47916 -1223.2
°OH^0 -8.99798 2.85466 -1223.02
°OH^0 -8.25998 2.88932 -1221.58
°OH^0 -8.02978 1.30802 -1219.3
°OH^0 -10.1268 2.44892 -1216.26
°OH^0 -7.8038 0.405865 -1219.13
°OH^0 -8.76542 1.98523 -1218.33
°OH^0 -4.87511 1.42489 -1215.6
°OH^0 -6.26543 3.78616 -1212.6
°OH^0 -10.6518 1.79576 -1206.12
°OH^0 -8.7267 2.52736 -1209.23
°OH^0 -9.49287 5.57718 -1210.82
°OH^0 -7.61751 -0.878031 -1203.66
°OH^0 -7.28425 1.33492 -1200.91
°OH^0 -9.57559 1.0796 -1199.23
°OH^0 -9.94903 0.880187 -1199.04
°OH^0 -8.8318 2.86629 -1191.3
°OH^0 -6.52808 3.07815 -1191.3
°OH^0 -7.34193 0.0975996 -1187.91
°OH^0 -6.80799 1.52017 -1191.68
°OH^0 -6.39126 1.94398 -1187.94
°OH^0 -5.06928 1.64491 -1186.91
°OH^0 -7.42992 -1.40041 -1184.14
°OH^0 -9.76863 -2.92122 -1181.86
°OH^0 -9.39663 -0.539851 -1181.98
°OH^0 -13.0402 -0.510062 -1181.24
°OH^0 -6.97785 0.422613 -1182.87
°OH^0 -6.13949 3.15597 -1180
°OH^0 -6.68821 4.12436 -1176.79
°OH^0 -10.5178 2.3283 -1178.85
°OH^0 -7.38428 4.66356 -1180.68
°OH^0 -9.25647 1.00157 -1180.8
°OH^0 -8.24827 2.54945 -1181.65
°OH^0 -6.91783 1.32782 -1175.37
°OH^0 -11.5607 2.43508 -1176.2
°OH^0 -9.32446 3.47266 -1172.2
°OH^0 -11.182 -0.914799 -1165.52
°OH^0 -8.81786 0.33004 -1166.34
°OH^0 -7.24211 1.49098 -1167.31
°OH^0 -9.01729 2.57208 -1170.36
°OH^0 -10.5378 -0.662544 -1165.99
°OH^0 -6.87073 1.80958 -1165.12
°OH^0 -8.73427 0.982469 -1166.96
°OH^0 -10.793 -1.86558 -1161.63
°OH^0 -7.08461 -0.291143 -1158.38
°OH^0 -9.35936 -0.0299824 -1157.48
°OH^0 -7.36068 1.72191 -1150.96
°OH^0 -8.90469 3.38467 -1152.45
°OH^0 -9.72969 5.24642 -1151.46
°OH^0 -8.90677 2.73893 -1150.91
°OH^0 -8.91406 -2.67116 -1153.49
°OH^0 -9.45386 5.37271 -1142.94
°OH^0 -8.97586 2.35497 -1142.71
°OH^0 -9.52499 0.518676 -1141.02
°OH^0 -10.4897 2.17768 -1142.11
°OH^0 -11.439 1.72955 -1140.92
°OH^0 -11.6769 2.67531 -1136.89
°OH^0 -8.27865 -0.297522 -1141.06
°OH^0 -10.4245 -0.729088 -1133.56
°OH^0 -11.3981 0.100698 -1133.92
°OH^0 -11.0186 2.39815 -1139.74
°OH^0 -8.91425 -1.19935 -1133.27
°OH^0 -11.5272 -0.108119 -1132.98
°OH^0 -10.1316 -0.881742 -1133.99
°OH^0 -9.32835 0.49499 -1129.38
°OH^0 -10.4161 -4.162 -1132.42
°OH^0 -10.2135 1.08966 -1129.01
°OH^0 -9.59974 -0.0580447 -1130.91
°OH^0 -8.46244 -1.95043 -1129.06
°OH^0 -8.52533 -2.67062 -1128.65
°OH^0 -9.69302 -0.913099 -1129.95
°OH^0 -11.9086 2.1045 -1126.4
°OH^0 -9.19363 0.133781 -1130.05
°OH^0 -11.8822 0.0387246 -1128.64
°OH^0 -9.95099 1.17474 -1126.14
°OH^0 -8.54088 2.1392 -1120.01
°OH^0 -11.4769 -1.64319 -1116.46
°OH^0 -9.39524 -1.52239 -1115.86
°OH^0 -12.1698 0.294393 -1104.32
°OH^0 -11.9023 0.220417 -1101.47
°OH^0 -8.59434 4.78262 -1093.77
°OH^0 -9.35639 -1.72747 -1092.33
°OH^0 -10.4327 -1.15544 -1090.63
°OH^0 -9.65031 1.64944 -1092.26
°OH^0 -14.2095 -1.66307 -1094.6
°OH^0 -14.1237 1.74214 -1089.92
°OH^0 -9.78441 0.362814 -1087.64
°OH^0 -9.06708 0.305165 -1085.44
°OH^0 -19.2677 1.86433 -1079.94
°OH^0 -12.3269 -3.11104 -1076.31
°OH^0 -9.54734 0.818294 -1072.77
°OH^0 -13.0701 -1.93942 -1070.51
°OH^0 -10.7578 -1.12385 -1072.58
°OH^0 -12.5436 5.8366 -1067.88
°OH^0 -11.8769 4.22384 -1067.34
°OH^0 -12.1335 0.972326 -1067.95
°OH^0 -13.4974 0.313666 -1066.28
°OH^0 -13.0727 -1.75943 -1065.19
°OH^0 -7.50038 0.211488 -1070.07
°OH^0 -11.7685 -0.840851 -1066.59
°OH^0 -11.5366 0.246296 -1066.82
°OH^0 -11.8204 -1.97376 -1062.72
°OH^0 -13.6676 -1.00612 -1062.42
°OH^0 -11.6156 -0.190576 -1063.94
°OH^0 -13.5329 -0.308661 -1062.5
°OH^0 -14.753 -1.31212 -1061.05
°OH^0 -13.3593 -1.74796 -1057.58
°OH^0 -12.8594 -2.78686 -1054.52
°OH^0 -16.4381 -0.635487 -1054.77
°OH^0 -13.8013 0.299845 -1045.13
°OH^0 -11.5839 2.28227 -1044.81
°OH^0 -16.4018 1.44754 -1032.43
°OH^0 -12.7448 0.0631165 -1032.45
°OH^0 -12.4405 -4.14919 -1025.92
°OH^0 -12.0252 -1.27438 -1025.52
°OH^0 -14.3598 -0.749667 -1028.53
°OH^0 -14.3989 -3.96207 -1026.58
°OH^0 -18.5583 -6.35068 -1021.82
°OH^0 -11.9909 -4.5249 -1021.23
°OH^0 -10.2132 0.270119 -1004.88
°OH^0 -7.15677 -4.8729 -1006.45
°OH^0 -10.9049 0.735462 -998.757
°OH^0 -10.6148 -3.96739 -1002.38
°OH^0 -15.5742 -3.20738 -998.159
°OH^0 -16.0231 -0.461527 -995.685
°OH^0 -15.02 -4.04509 -994.8
°OH^0 -12.4036 -4.87861 -993.575
°OH^0 -13.1988 -3.35217 -992.945
°OH^0 -15.3469 -5.04842 -988.659
°OH^0 -15.0367 -2.77177 -989.582
°OH^0 -11.7008 -3.84444 -987.725
°OH^0 -11.9394 -3.79856 -985.869
°OH^0 -11.4505 -2.07973 -983.508
°OH^0 -14.1441 -2.11463 -979.873
°OH^0 -14.119 -5.02033 -977.489
°OH^0 -12.0168 -3.66127 -975.943
°OH^0 -18.0115 -2.65036 -974.718
°OH^0 -12.4028 -4.71351 -967.849
°OH^0 -14.5876 -3.44301 -967.723
°OH^0 -14.4236 -2.70734 -963.527
°OH^0 -15.207 -3.59368 -964.56
°OH^0 -13.2672 -3.1699 -960.53
°OH^0 -17.5945 -3.45835 -956.676
°OH^0 -13.3229 -5.60743 -958.562
°OH^0 -12.0052 -5.48265 -952.635
°OH^0 -12.3611 -4.49942 -951.953
°OH^0 -13.5711 -5.78475 -952.084
°OH^0 -13.844 -5.07813 -948.761
°OH^0 -13.6854 -5.43475 -950.262
°OH^0 -10.7491 -5.23403 -944.487
°OH^0 -16.0407 -4.92575 -941.934
°OH^0 -13.6706 -7.11241 -935.46
°OH^0 -19.7684 -4.89157 -940.526
°OH^0 -13.1116 -6.56162 -941.034
°OH^0 -15.3765 -5.96461 -937.681
°OH^0 -12.5974 -5.76527 -931.903
°OH^0 -14.773 -3.17364 -934.734
°OH^0 -14.9889 -5.62598 -934.461
°OH^0 -15.4821 -4.25085 -932.067
°OH^0 -15.1844 -9.13758 -931.768
°OH^0 -13.9832 -7.08918 -930.619
°OH^0 -12.3639 -6.11151 -933.682
°OH^0 -17.2391 -3.49314 -923.445
°OH^0 -14.4708 -5.96961 -919.874
°OH^0 -15.0022 -8.74061 -913.517
°OH^0 -9.69309 -8.2178 -916.301
°OH^0 -9.65437 -4.7859 -917.451
°OH^0 -12.0638 -6.1307 -915.464
°OH^0 -14.5654 -5.809 -911.867
°OH^0 -14.1411 -6.84513 -909.196
°OH^0 -15.5315 -5.94689 -910.285
°OH^0 -13.2645 -5.0575 -906.41
°OH^0 -15.3209 -6.11045 -903.607
°OH^0 -15.8594 -2.18095 -903.543
°OH^0 -12.8097 -7.10493 -899.395
°OH^0 -14.5319 -8.54768 -900.885
°OH^0 -13.4742 -7.44684 -899.103
°OH^0 -15.1201 -8.51714 -895.282
°OH^0 -12.4821 -7.23926 -891.835
°OH^0 -15.2796 -8.57109 -893.753
°OH^0 -14.592 -4.04748 -891.4
°OH^0 -17.2478 -5.76673 -888.783
°OH^0 -17.1646 -8.28408 -886.971
°OH^0 -14.9024 -6.25715 -886.844
°OH^0 -15.309 -2.47314 -891.05
°OH^0 -14.8757 -4.08157 -885.923
°OH^0 -14.4881 -8.01467 -880.606
°OH^0 -13.7458 -7.5785 -876.191
°OH^0 -15.8096 -5.34266 -881.807
°OH^0 -12.7035 -9.14308 -878.704
°OH^0 -11.9468 -6.71299 -877.384
°OH^0 -15.1656 -5.40442 -875.097
°OH^0 -15.5475 -7.24175 -876.86
°OH^0 -15.4132 -8.50231 -875.769
°OH^0 -14.4301 -8.97196 -870.206
°OH^0 -14.8348 -6.33174 -869.531
°OH^0 -14.2569 -5.2011 -873.44
°OH^0 -12.0391 -4.2823 -873.552
°OH^0 -15.3572 -5.43681 -872.435
°OH^0 -14.5786 -7.59515 -864.577
°OH^0 -14.9252 -8.75464 -869.633
°OH^0 -12.2463 -7.3221 -865.654
°OH^0 -14.9168 -7.3439 -866.298
°OH^0 -16.0014 -6.19846 -862.855
°OH^0 -13.5176 -7.24658 -861.172
°OH^0 -16.9107 -4.1625 -854.106
°OH^0 -20.9035 -4.22533 -852.957
°OH^0 -18.1487 -6.94403 -855.194
°OH^0 -21.101 -7.75206 -854.961
°OH^0 -19.7732 -6.83553 -852.864
°OH^0 -20.1778 -6.12331 -854.306
°OH^0 -21.1543 -4.72374 -849.367
°OH^0 -21.7512 -5.68181 -848.141
°OH^0 -19.261 -0.913285 -847.471
°OH^0 -21.8614 -1.01173 -844.062
°OH^0 -24.7019 -3.50154 -843.28
°OH^0 -20.208 -5.31797 -843.04
°OH^0 -28.0127 -4.95234 -842.205
°OH^0 -22.7278 -3.0674 -843.59
°OH^0 -25.3966 -1.56839 -836.221
°OH^0 -28.7074 -0.475576 -832.337
°OH^0 -28.5596 -1.45111 -830.481
°OH^0 -32.4929 -2.58078 -829.392
°OH^0 -29.4973 -0.532374 -832.392
°OH^0 -28.7752 0.931803 -831.54
°OH^0 -28.2628 -4.1875 -827.569
°OH^0 -30.5835 -0.819393 -829.469
°OH^0 -30.331 -1.95695 -831.408
°OH^0 -31.7981 -1.87273 -829.646
°OH^0 -31.2397 -2.283 -826.422
°OH^0 -33.2601 -4.84873 -827.92
°OH^0 -29.4728 -3.05175 -826.112
°OH^0 -30.1345 -1.09796 -826.893
°OH^0 -32.2934 -2.01726 -826.401
°OH^0 -33.9993 -4.53275 -827.952
°OH^0 -30.6153 0.449581 -824.46
°OH^0 -36.3753 1.49194 -820.501
°OH^0 -40.958 -3.11959 -814.589
°OH^0 -35.6243 3.62344 -812.293
°OH^0 -40.2055 4.73145 -805.572
°OH^0 -38.9395 3.61432 -805.782
°OH^0 -42.4587 4.55177 -802.845
°OH^0 -41.4783 7.11495 -806.662
°OH^0 -39.9142 1.78604 -801.011
°OH^0 -44.0893 5.82086 -797.885
°OH^0 -45.3304 6.35772 -797.247
°OH^0 -47.8314 6.09034 -794.92
°OH^0 -44.9775 11.021 -793.743
°OH^0 -44.7716 8.22979 -789.978
°OH^0 -45.8296 5.49831 -789.114
°OH^0 -44.2879 7.06653 -790.675
°OH^0 -46.5078 16.8702 -776.724
°OH^0 -52.7545 14.7489 -778.587
°OH^0 -52.6202 11.5013 -774.048
°OH^0 -53.9474 13.5779 -776.587
°OH^0 -54.725 10.774 -773.965
°OH^0 -50.8244 11.4787 -771.936
°OH^0 -48.04 11.2816 -774.714
°OH^0 -46.6997 10.8679 -772.142
°OH^0 -52.325 13.4587 -776.638
°OH^0 -53.9016 12.8866 -774.865
°OH^0 -59.8581 10.3612 -772.963
°OH^0 -48.0212 14.3147 -770.811
°OH^0 -57.8494 12.9955 -770.091
°OH^0 -60.8374 13.4698 -761.243
°OH^0 -60.427 15.8553 -759.408
°OH^0 -59.3154 18.1899 -755.247
°OH^0 -60.5523 16.8092 -758.929
°OH^0 -63.0295 16.7016 -753.298
°OH^0 -59.8484 21.1557 -754.611
°OH^0 -65.8267 17.0184 -747.514
°OH^0 -66.6145 17.4705 -748.923
°OH^0 -66.0811 20.6334 -748.171
°OH^0 -65.9543 22.2653 -744.383
°OH^0 -69.529 22.4201 -738.766
°OH^0 -70.5862 22.8507 -740.583
°OH^0 -67.0737 25.9997 -742.794
°OH^0 -68.8828 24.5871 -738.002
°OH^0 -70.9077 24.2422 -735.905
°OH^0 -69.4806 20.6821 -737.86
°OH^0 -71.8595 23.2921 -737.823
°OH^0 -72.0079 24.2442 -735.769
°OH^0 -72.4386 25.1624 -734.874
°OH^0 -76.7496 23.633 -734.19
°OH^0 -72.9279 28.4834 -730.445
°OH^0 -72.9026 27.7528 -730.822
°OH^0 -77.4747 27.4434 -726.331
°OH^0 -75.9535 28.4174 -726.997
°OH^0 -77.3263 27.4448 -723.09
°OH^0 -83.3873 31.0582 -718.83
°OH^0 -82.3063 28.2339 -717.142
°OH^0 -83.5567 31.3219 -720.029
°OH^0 -90.6339 30.7534 -718.678
°OH^0 -88.4369 32.7425 -716.598
°OH^0 -86.5121 33.846 -715.377
°OH^0 -85.4949 32.7276 -716.431
°OH^0 -89.1394 29.9135 -710.353
°OH^0 -87.6817 31.7116 -710.454
°OH^0 -88.5437 33.8478 -709.346
°OH^0 -86.1255 31.5832 -710.826
°OH^0 -88.9081 33.1443 -705.814
°OH^0 -88.3038 36.518 -707.783
°OH^0 -88.9454 33.5404 -704.97
°OH^0 -94.5774 38.3941 -701.351
°OH^0 -93.5721 38.7873 -694.072
°OH^0 -97.8914 38.2426 -688.763
°OH^0 -105.69 44.8033 -677.961
°OH^0 -105.846 46.5694 -677.144
°OH^0 -106.364 46.7062 -678.592
°OH^0 -109.769 47.0389 -671.643
°OH^0 -113.458 49.7901 -660.863
°OH^0 -118.014 52.2092 -655.569
°OH^0 -120.071 53.3091 -654.083
°OH^0 -125.107 58.52 -646.481
°OH^0 -123.539 57.5712 -643.739
°OH^0 -127.46 57.9362 -641.551
°OH^0 -128.491 62.3346 -639.995
°OH^0 -131.888 65.0623 -632.496
°OH^0 -137.836 64.378 -621.76
°OH^0 -136.31 64.1872 -621.624
°OH^0 -138.787 64.3527 -618.014
°OH^0 -143.35 70.2524 -609.251
°OH^0 -145.327 72.9724 -616.153
°OH^0 -147.971 66.6105 -606.416
°OH^0 -152.687 73.059 -603.186
°OH^0 -153.535 74.222 -601.868
°OH^0 -159.751 76.9176 -594.427
°OH^0 -162.91 80.5095 -589.736
°OH^0 -161.805 77.246 -590.68
°OH^0 -163.188 79.9327 -589.126
°OH^0 -168.483 83.0008 -591.181
°OH^0 -171.851 85.7621 -575.685
°OH^0 -171.647 84.0795 -578.628
°OH^0 -173.01 85.8448 -577.714
°OH^0 -176.486 85.3805 -571.454
°OH^0 -178.362 88.9797 -567.503
°OH^0 -182.797 90.0384 -562.113
°OH^0 -182.368 95.322 -554.526
°OH^0 -196.635 95.368 -550.568
°OH^0 -193.557 95.7645 -544.618
°OH^0 -197.12 98.7487 -543.093
°OH^0 -196.986 100.724 -541.309
°OH^0 -196.396 103.795 -543.991
°OH^0 -197.401 100.71 -537.804
°OH^0 -199.342 101.182 -539.13
°OH^0 -196.656 99.7005 -539.151
°OH^0 -207.447 104.007 -532.895
°OH^0 -207.6 105.199 -531.173
°OH^0 -207.757 105.836 -524.05
°OH^0 -207.946 106.506 -528.393
°OH^0 -210.295 108.598 -525.015
°OH^0 -213.859 107.951 -525.588
°OH^0 -212.826 108.444 -523.95
°OH^0 -215.226 110.148 -519.224
°OH^0 -213.14 110.133 -519.045
°OH^0 -216.882 110.023 -516.405
°OH^0 -219.93 112.233 -513.644
°OH^0 -221.735 115.665 -513.369
°OH^0 -221.572 114.107 -511.685
°OH^0 -220.322 115.54 -510.747
°OH^0 -222.238 117.127 -504.781
°OH^0 -227.703 118.328 -507.278
°OH^0 -226.427 117.38 -506.085
°OH^0 -227.972 119.248 -505.713
°OH^0 -229.831 117.966 -502.183
°OH^0 -228.978 121.318 -499.365
°OH^0 -233.655 122.796 -494.692
°OH^0 -236.351 120.698 -494.253
°OH^0 -241.738 127.675 -487.042
°OH^0 -253.682 132.613 -469.248
°OH^0 -252.873 140.915 -462.983
°OH^0 -254.425 137.343 -462.622
°OH^0 -258.455 136.119 -465.051
°OH^0 -262.373 145.103 -450.663
°OH^0 -288.575 160.187 -417.404
°OH^0 -286.021 167.047 -411.853
°OH^0 -298.606 173.731 -400.02
°OH^0 -313.304 173.499 -382.314
°OH^0 -357.427 195.73 -349.835
°OH^0 -552.838 328.346 -477.161
°OH^0 -561.689 312.132 -501.384
°OH^0 -564.114 313.33 -507.183
°OH^0 -552.526 298.32 -517.811
°OH^0 -551.604 296.847 -519.187
°OH^0 -545.16 294.35 -519.768
°OH^0 -545.998 289.489 -519.513
°OH^0 -536.237 282.749 -519.314
°OH^0 -537.47 264.499 -515.081
°OH^0 -537.185 261.735 -513.256
°OH^0 -534.88 263.003 -510.495
°OH^0 -534.499 264.415 -508.442
°OH^0 -533.129 263.61 -505.924
°OH^0 -530.123 268.459 -494.543
°OH^0 -519.948 267.073 -484.308
°OH^0 -484.236 260.947 -453.335
°OH^0 -483.058 260.188 -452.416
°OH^0 -478.698 259.778 -443.991
°OH^0 -475.835 255.393 -439.175
°OH^0 -475.546 256.538 -437.954
°OH^0 -474.86 254.111 -437.308
°OH^0 -464.396 252.687 -424.322
°OH^0 -459.268 249.149 -425.727
°OH^0 -457.629 249.318 -421.103
°OH^0 -456.397 251.126 -417.571
°OH^0 -455.34 250.351 -419.958
°OH^0 -456.536 249.508 -417.786
°OH^0 -447.401 246.178 -406.583
°OH^0 -446.491 246.845 -403.33
°OH^0 -441.382 243.892 -397.546
°OH^0 -440.158 240.925 -389.005
°OH^0 -433.291 235.025 -383.898
°OH^0 -433.409 235.065 -383.724
°OH^0 -434.174 235.717 -380.78
°OH^0 -433.039 235.476 -383.283
°OH^0 -432.508 234.561 -379.13
°OH^0 -433.346 231.866 -378.239
°OH^0 -428.925 230.62 -379.8
°OH^0 -430.656 228.223 -377.896
°OH^0 -427.593 228.102 -371.651
°OH^0 -424.351 224.935 -371.61
°OH^0 -417.23 221.54 -366.895
°OH^0 -417.528 220.335 -365.899
°OH^0 -415.91 218.583 -364.106
°OH^0 -410.126 217.063 -359.284
°OH^0 -409.303 214.895 -359.663
°OH^0 -407.452 214.424 -358.368
°OH^0 -409.994 213.486 -357.424
°OH^0 -405.954 215.762 -356.755
°OH^0 -397.245 210.754 -355.653
°OH^0 -395.476 210.463 -353.589
°OH^0 -390.101 209.523 -349.528
°OH^0 -387.61 209.297 -352.772
°OH^0 -385.011 207.969 -354.014
°OH^0 -382.614 209.459 -351.12
°OH^0 -379.275 206.621 -351.352
°OH^0 -377.772 204.802 -349.66
°OH^0 -371.402 205.45 -351.831
°OH^0 -366.128 203.378 -354.333
°OH^0 -366.552 200.487 -352.507
°OH^0 -344.535 197.19 -357.478
°OH^0 -335.866 195.057 -359.979
°OH^0 -328.984 188.943 -364.345
°OH^0 -329.833 190.882 -364.006
°OH^0 -329.547 189.164 -366.377
°OH^0 -329.037 190.021 -367.414
°OH^0 -327.892 185.476 -371.212
°OH^0 -323.534 183.293 -372.291
°OH^0 -320.971 182.78 -373.298
°OH^0 -312.772 176.875 -383.64
°OH^0 -312.589 173.198 -384.942
°OH^0 -311.892 172.556 -386.623
°OH^0 -307.998 174.206 -387.998
°OH^0 -302.53 170.237 -397.662
°OH^0 -300.117 168.633 -398.108
°OH^0 -301.207 167.523 -401.523
°OH^0 -300.078 166.6 -402.404
°OH^0 -298.299 169.199 -403.116
°OH^0 -300.193 167.229 -403.691
°OH^0 -299.301 167.453 -401.527
°OH^0 -298.759 167.111 -404.348
°OH^0 -294.945 165.839 -407.296
°OH^0 -294.081 162.994 -410.894
°OH^0 -290.526 163.311 -412.96
°OH^0 -292.493 162.937 -413.112
°OH^0 -291.593 161.053 -411.213
°OH^0 -293.097 165.219 -414.767
°OH^0 -288.383 159.558 -417.319
°OH^0 -285.574 157.838 -422.466
°OH^0 -283.28 158.703 -423.007
°OH^0 -283.199 158.114 -423.393
°OH^0 -281.568 157.987 -424.413
°OH^0 -280.119 157.531 -426.182
°OH^0 -282.213 156.713 -428.471
°OH^0 -281.262 156.68 -429.016
°OH^0 -276.278 155.98 -433.87
°OH^0 -276.384 154.259 -431.961
°OH^0 -275.692 152.935 -429.89
°OH^0 -274.444 154.825 -432.496
°OH^0 -276.003 155.58 -434.306
°OH^0 -276.913 150.161 -438.213
°OH^0 -272.945 151.556 -438.655
°OH^0 -271.233 150.251 -439.234
°OH^0 -271.95 148.947 -440.135
°OH^0 -272.349 149.99 -439.549
°OH^0 -271.543 151.076 -441.445
°OH^0 -267.857 147.923 -446.563
°OH^0 -265.852 148.233 -449.458
°OH^0 -263.672 145.373 -450.928
°OH^0 -262.934 145.345 -450.335
°OH^0 -261.771 144.55 -452.441
°OH^0 -259.516 143.438 -453.722
°OH^0 -258.079 142.298 -457.339
°OH^0 -254.278 141.919 -462.295
°OH^0 -253.358 141.609 -463.315
°OH^0 -254.049 138.76 -463.518
°OH^0 -256.499 136.686 -464.723
°OH^0 -251.296 136.339 -468.186
°OH^0 -250.026 138.368 -468.528
°OH^0 -251.301 132.375 -469.245
°OH^0 -250.079 134.796 -469.974
°OH^0 -248.358 134.056 -471.685
°OH^0 -247.622 132.618 -473.483
°OH^0 -245.635 134.56 -475.159
°OH^0 -244.623 131.327 -477.662
°OH^0 -240.109 126.932 -485.785
°OH^0 -239.577 125.339 -487.958
°OH^0 -236.66 124.642 -489.173
°OH^0 -237.168 121.896 -492.768
°OH^0 -233.665 123.65 -495.137
°OH^0 -233.6 123.061 -492.809
°OH^0 -232.769 120.225 -496.49
°OH^0 -234.784 120.993 -496.505
°OH^0 -232.366 118.35 -497.177
°OH^0 -229.107 118.93 -503.677
°OH^0 -232.31 117.432 -501.808
°OH^0 -229.076 115.016 -502.785
°OH^0 -225.009 114.972 -510.814
°OH^0 -223.33 114.797 -511.462
°OH^0 -221.731 113.423 -512.524
°OH^0 -219.786 115.328 -511.942
°OH^0 -219.866 111.386 -515.031
°OH^0 -217.402 112.436 -514.303
°OH^0 -217.447 111.138 -513.776
°OH^0 -217.904 112.431 -515.752
°OH^0 -213.003 111.107 -521.973
°OH^0 -212.518 110.488 -524.59
°OH^0 -211.447 107.083 -522.937
°OH^0 -211.046 105.708 -523.039
°OH^0 -209.072 108.941 -527.939
°OH^0 -208.58 104.841 -529.674
°OH^0 -205.222 104.128 -533.341
°OH^0 -199.028 99.309 -538.329
°OH^0 -198.427 98.7509 -545.592
°OH^0 -196.027 98.9473 -545.949
°OH^0 -194.913 96.1237 -548.448
°OH^0 -186.986 95.3558 -556.24
°OH^0 -184.566 89.7099 -559.637
°OH^0 -182.526 89.3454 -563.015
°OH^0 -182.404 90.8631 -564.29
°OH^0 -180.18 89.3069 -563.222
°OH^0 -179.012 90.0053 -567.217
°OH^0 -178.785 88.5426 -568.738
°OH^0 -176.419 87.7952 -576.681
°OH^0 -171.75 85.283 -572.919
°OH^0 -173.414 84.3118 -576.755
°OH^0 -170.478 84.8396 -577.864
°OH^0 -168.469 84.0648 -579.65
°OH^0 -170.678 82.2834 -581.681
°OH^0 -162.294 80.9312 -588.374
°OH^0 -162.5 78.9251 -585.253
°OH^0 -160.954 78.7853 -590.502
°OH^0 -161.986 77.9949 -593.997
°OH^0 -157.06 78.1715 -595.793
°OH^0 -157.061 76.0163 -598.76
°OH^0 -156.739 73.072 -603.251
°OH^0 -156.353 74.965 -597.001
°OH^0 -154.777 73.9029 -599.929
°OH^0 -156.789 73.4349 -597.973
°OH^0 -155.748 74.3349 -598.713
°OH^0 -151.172 71.6705 -608.248
°OH^0 -152.033 71.6949 -606.588
°OH^0 -149.26 68.8401 -609.889
°OH^0 -148.521 71.6095 -611.766
°OH^0 -147.416 67.5955 -607.757
°OH^0 -146.244 68.4843 -613.821
°OH^0 -143.409 69.37 -614.395
°OH^0 -143.789 66.7114 -616.445
°OH^0 -142.458 66.119 -617.538
°OH^0 -138.122 64.8209 -623.453
°OH^0 -137.881 65.3834 -624.422
°OH^0 -140.059 63.4828 -621.227
°OH^0 -134.792 64.0555 -628.027
°OH^0 -135.557 62.6468 -626.603
°OH^0 -130.619 65.0963 -628.744
°OH^0 -135.629 59.2162 -631.22
°OH^0 -130.049 63.7935 -634.063
°OH^0 -133.749 60.6102 -633.046
°OH^0 -130.642 61.0605 -638.918
°OH^0 -127.79 62.0836 -636.376
°OH^0 -130.053 58.7314 -640.021
°OH^0 -126.39 60.4581 -640.275
°OH^0 -126.867 58.1484 -640.192
°OH^0 -122.152 57.352 -644.988
°OH^0 -122.698 55.6828 -642.232
°OH^0 -123.63 57.693 -643.547
°OH^0 -121.9 56.4027 -645.399
°OH^0 -120.246 59.7642 -655.344
°OH^0 -120.73 55.3066 -651.124
°OH^0 -121.686 54.4324 -649.628
°OH^0 -114.487 51.1565 -649.88
°OH^0 -118.586 55.1587 -650.739
°OH^0 -120.21 56.4605 -651.026
°OH^0 -119.29 52.7574 -654.999
°OH^0 -120.024 52.5946 -651.868
°OH^0 -113.142 51.8544 -659.438
°OH^0 -115.076 51.9392 -658.993
°OH^0 -114.864 51.419 -662.111
°OH^0 -114.129 51.7003 -659.373
°OH^0 -114.627 49.5611 -662.659
°OH^0 -112.458 49.9368 -663.161
°OH^0 -115.896 45.7779 -661.389
°OH^0 -109.866 44.6884 -668.77
°OH^0 -111.435 50.3419 -669.441
°OH^0 -109.554 44.0029 -667.993
°OH^0 -106.028 46.6866 -679.023
°OH^0 -103.38 42.636 -678.206
°OH^0 -103 45.0563 -680.979
°OH^0 -102.237 42.9646 -681.903
°OH^0 -103.435 44.1307 -686.147
°OH^0 -103.337 41.2676 -686.884
°OH^0 -101.503 41.3221 -686.482
°OH^0 -94.6666 39.1884 -694.215
°OH^0 -96.938 38.8196 -693.578
°OH^0 -94.8466 37.2448 -695.549
°OH^0 -95.165 40.5229 -694.479
°OH^0 -95.7367 38.0864 -697.048
°OH^0 -91.5203 36.3644 -696.685
°OH^0 -92.8721 36.1628 -701.069
°OH^0 -91.7054 34.6896 -699.793
°OH^0 -92.1784 34.9289 -700.258
°OH^0 -93.1459 38.552 -704.599
°OH^0 -90.7846 33.7351 -704.273
°OH^0 -89.9728 36.3361 -704.636
°OH^0 -88.8583 31.589 -711.246
°OH^0 -87.9938 32.1429 -707.51
°OH^0 -90.2872 32.3695 -705.55
°OH^0 -87.2249 35.1696 -706.587
°OH^0 -85.7637 32.5696 -711.566
°OH^0 -87.6725 32.1146 -713.626
°OH^0 -87.8875 31.2643 -713.528
°OH^0 -85.1011 31.9313 -712.13
°OH^0 -85.5959 33.7262 -713.254
°OH^0 -86.5771 32.7594 -714.177
°OH^0 -84.6017 31.5368 -713.052
°OH^0 -85.472 30.3287 -714.629
°OH^0 -85.5486 30.7791 -711.276
°OH^0 -82.9813 27.8152 -713.194
°OH^0 -81.7397 28.2476 -716.121
°OH^0 -83.353 31.6115 -715.54
°OH^0 -84.0951 30.6569 -717.711
°OH^0 -80.8495 30.1076 -719.633
°OH^0 -81.9616 29.5902 -719.638
°OH^0 -81.0051 31.0147 -717.615
°OH^0 -82.6026 27.7337 -721.05
°OH^0 -79.759 28.7762 -722.755
°OH^0 -76.6336 27.1078 -724.286
°OH^0 -78.2364 27.7469 -721.244
°OH^0 -77.3515 26.3393 -727.201
°OH^0 -77.4203 25.633 -729.545
°OH^0 -72.991 25.2353 -730.989
°OH^0 -73.6664 25.06 -735.162
°OH^0 -73.5096 23.8869 -734.034
°OH^0 -72.4116 24.024 -736.128
°OH^0 -71.442 23.3007 -738.233
°OH^0 -73.9364 24.0772 -736.984
°OH^0 -70.7298 24.1459 -736.857
°OH^0 -70.6751 24.259 -740.008
°OH^0 -68.8971 21.7345 -739.796
°OH^0 -68.7701 20.9361 -745.362
°OH^0 -63.409 21.2559 -748.698
°OH^0 -64.22 18.9361 -749.398
°OH^0 -64.8472 16.4288 -747.946
°OH^0 -61.374 18.3371 -753.754
°OH^0 -62.7226 15.7646 -756.371
°OH^0 -59.2468 16.3547 -758.196
°OH^0 -60.4829 17.7915 -756.089
°OH^0 -61.1369 16.5156 -759.044
°OH^0 -60.8436 17.7231 -758.816
°OH^0 -62.286 15.8053 -759.023
°OH^0 -60.9509 15.1821 -756.885
°OH^0 -61.0771 14.3398 -765.097
°OH^0 -59.0999 16.3163 -762.81
°OH^0 -60.2369 13.9124 -765.185
°OH^0 -56.1449 14.4457 -764.57
°OH^0 -54.2711 13.4425 -768.214
°OH^0 -53.1301 14.1192 -772.403
°OH^0 -53.8652 13.6795 -770.901
°OH^0 -55.2235 12.4997 -772.123
°OH^0 -53.0762 13.9178 -775.252
°OH^0 -54.2024 12.8186 -774.669
°OH^0 -54.2011 12.3695 -777.485
°OH^0 -51.2529 10.8599 -777.607
°OH^0 -53.1305 9.75844 -781.26
°OH^0 -50.7032 7.91744 -787.697
°OH^0 -48.1966 9.91654 -788.771
°OH^0 -46.826 7.09922 -789.817
°OH^0 -47.982 8.95321 -791.663
°OH^0 -46.371 7.25081 -791.742
°OH^0 -45.2034 8.82717 -792.661
°OH^0 -45.1827 9.0732 -795.355
°OH^0 -46.4096 8.43022 -793.981
°OH^0 -45.3061 6.67628 -796.685
°OH^0 -46.4486 8.10095 -800.782
°OH^0 -41.2575 11.0121 -798.153
°OH^0 -46.7074 6.17418 -798.778
°OH^0 -43.4794 4.3935 -798.566
°OH^0 -43.4614 4.02981 -800.321
°OH^0 -43.1246 4.68618 -802.551
°OH^0 -43.582 4.73644 -803.04
°OH^0 -43.8742 4.54399 -802.994
°OH^0 -45.3072 5.97562 -800.915
°OH^0 -42.7683 3.15359 -804.342
°OH^0 -40.4053 3.34993 -802.466
°OH^0 -41.6901 3.96835 -804.033
°OH^0 -39.0222 3.28515 -805.836
°OH^0 -40.0435 3.69316 -803.762
°OH^0 -41.9048 5.12576 -809.312
°OH^0 -38.8504 3.35885 -811.27
°OH^0 -38.5161 1.42338 -812.232
°OH^0 -37.067 3.64902 -812.065
°OH^0 -37.7244 0.988023 -812.604
°OH^0 -35.9166 0.933794 -814.393
°OH^0 -38.3766 3.07873 -816.089
°OH^0 -33.9499 1.8337 -816.624
°OH^0 -33.9443 3.23608 -813.784
°OH^0 -37.2356 3.52062 -814.242
°OH^0 -38.9653 0.0276912 -816.038
°OH^0 -36.171 1.23093 -812.842
°OH^0 -33.563 0.313715 -817.731
°OH^0 -33.0448 -0.168024 -819.884
°OH^0 -34.4376 0.731222 -822.948
°OH^0 -31.8523 0.161325 -824.431
°OH^0 -31.0309 -1.54833 -823.927
°OH^0 -32.4678 -2.10366 -825.058
°OH^0 -30.4962 -1.05737 -827.302
°OH^0 -31.1419 -0.43399 -830.265
°OH^0 -27.6427 -0.955567 -829.097
°OH^0 -29.0246 -1.91283 -828.42
°OH^0 -29.3003 -1.87941 -831.398
°OH^0 -27.5474 -1.95886 -834.663
°OH^0 -27.5347 -0.60055 -837.901
°OH^0 -27.3076 -2.44588 -838.697
°OH^0 -27.0787 -3.21962 -837.445
°OH^0 -25.5713 -2.87501 -840.954
°OH^0 -23.4335 0.296318 -838.135
°OH^0 -25.1325 -4.45129 -842.729
°OH^0 -24.5166 -4.35899 -845.358
°OH^0 -21.7677 -5.7762 -845.989
°OH^0 -21.3729 -3.93129 -845.257
°OH^0 -23.2013 -4.96836 -849.09
°OH^0 -18.0585 -4.41225 -850.977
°OH^0 -20.2058 -6.12403 -854.174
°OH^0 -14.5019 -4.61358 -854.333
°OH^0 -17.2893 -7.15612 -856.104
°OH^0 -19.2103 -7.00363 -855.164
°OH^0 -17.5056 -6.90102 -857.493
°OH^0 -17.3517 -7.03111 -859.059
°OH^0 -16.0838 -8.44048 -862.437
°OH^0 -15.8375 -7.95145 -860.218
°OH^0 -16.5865 -8.97282 -867.788
°OH^0 -14.8718 -9.95635 -868.256
°OH^0 -18.0458 -4.25828 -878.364
°OH^0 -11.9619 -7.32591 -874.413
°OH^0 -14.842 -6.46673 -879.326
°OH^0 -16.0558 -6.38367 -879.333
°OH^0 -12.9874 -8.39104 -881.899
°OH^0 -16.5908 -7.36401 -879.946
°OH^0 -15.5459 -6.92812 -887.366
°OH^0 -14.1651 -7.3553 -889.893
°OH^0 -16.7488 -5.31819 -889.817
°OH^0 -15.0372 -6.80533 -888.32
°OH^0 -15.9998 -6.44578 -892.634
°OH^0 -14.9929 -10.0649 -894.108
°OH^0 -14.879 -5.11329 -893.981
°OH^0 -14.4253 -7.29695 -894.756
°OH^0 -14.4613 -8.85404 -895.277
°OH^0 -15.5937 -7.06484 -897.661
°OH^0 -14.9323 -4.81825 -895.41
°OH^0 -15.4419 -6.72251 -895.42
°OH^0 -14.7489 -7.84638 -898.365
°OH^0 -14.5465 -6.47877 -901.35
°OH^0 -14.172 -9.08132 -903.626
°OH^0 -14.0827 -7.8744 -907.478
°OH^0 -16.8914 -7.85941 -910.68
°OH^0 -17.0639 -5.57666 -908.649
°OH^0 -13.0073 -4.93915 -912.55
°OH^0 -15.7449 -6.89258 -915.28
°OH^0 -13.7781 -7.16124 -919.071
°OH^0 -14.0523 -7.2752 -918.721
°OH^0 -15.0756 -5.73537 -916.46
°OH^0 -14.5445 -5.8738 -923.194
°OH^0 -14.8614 -3.16543 -924.128
°OH^0 -15.1923 -6.31755 -926.647
°OH^0 -14.9862 -4.38184 -923.315
°OH^0 -15.8015 -7.21395 -921.953
°OH^0 -15.5519 -5.922 -925.806
°OH^0 -13.9863 -6.16169 -924.576
°OH^0 -16.3811 -5.46344 -923.415
°OH^0 -16.7578 -6.3504 -927.701
°OH^0 -14.1662 -4.9745 -928.861
°OH^0 -15.5005 -8.63501 -926.507
°OH^0 -14.8274 -7.45277 -931.103
°OH^0 -14.803 -6.11035 -935.498
°OH^0 -15.6822 -6.43602 -933.592
°OH^0 -16.3119 -7.47979 -934.125
°OH^0 -15.2131 -5.32984 -935.939
°OH^0 -7.68494 -3.03336 -937.28
°OH^0 -17.0092 -4.8211 -935.299
°OH^0 -17.2503 -4.40477 -937.018
°OH^0 -17.3126 -4.25464 -941.994
°OH^0 -16.3137 -3.42214 -940.676
°OH^0 -13.6685 -5.9998 -944.254
°OH^0 -13.3511 -4.19685 -947.699
°OH^0 -14.7384 -3.80296 -949.533
°OH^0 -14.7521 -4.24228 -949.738
°OH^0 -13.9961 -5.62271 -950.611
°OH^0 -14.2303 -5.95544 -953.592
°OH^0 -16.5463 -5.4587 -953.268
°OH^0 -15.7506 -6.85309 -952.92
°OH^0 -17.5417 -0.608167 -952.203
°OH^0 -13.8996 -4.34779 -957.254
°OH^0 -14.9115 -1.9716 -957.75
°OH^0 -13.6407 -3.6551 -959.797
°OH^0 -19.4842 -6.18185 -960.09
°OH^0 -13.3351 -4.11665 -961.667
°OH^0 -13.1437 -3.71242 -962.402
°OH^0 -12.8684 -3.57599 -966.679
°OH^0 -14.2857 -4.05844 -967.786
°OH^0 -13.7489 -4.04105 -967.667
°OH^0 -15.8104 -7.23766 -969.056
°OH^0 -15.8942 -1.72543 -970.094
°OH^0 -14.0885 -4.47007 -970.606
°OH^0 -15.505 -5.38232 -974.18
°OH^0 -14.8716 -2.09113 -979.44
°OH^0 -15.523 -2.97231 -978.703
°OH^0 -19.1195 0.811011 -979.984
°OH^0 -14.2081 -1.98183 -982.115
°OH^0 -13.3466 -5.32615 -985.484
°OH^0 -15.072 -3.29331 -988.78
°OH^0 -11.8686 -5.31554 -985.277
°OH^0 -14.6703 -3.37658 -986.521
°OH^0 -12.9379 -2.60626 -994.342
°OH^0 -14.481 -1.18106 -997.048
°OH^0 -15.7222 -2.92369 -995.895
°OH^0 -12.0187 -1.51511 -996.808
°OH^0 -14.854 -1.50034 -996.726
°OH^0 -13.2945 -1.88656 -1000
°OH^0 -13.0424 -3.81726 -1000.38
°OH^0 -14.0608 -0.0112066 -1007.75
°OH^0 -12.971 -0.280113 -1007.02
°OH^0 -15.449 -2.06047 -1009.87
°OH^0 -14.335 -0.576154 -1008.37
°OH^0 -12.9396 -1.7476 -1013.94
°OH^0 -14.3168 -4.62869 -1015.06
°OH^0 -13.4884 0.0108604 -1022.35
°OH^0 -12.563 -1.70547 -1033.64
°OH^0 -14.0709 -5.56205 -1033.66
°OH^0 -7.14245 4.8084 -1036.86
°OH^0 -14.9276 -1.80505 -1036.88
°OH^0 -13.8962 -0.441967 -1037.46
°OH^0 -13.8497 -0.894401 -1040.04
°OH^0 -11.433 -3.27729 -1040.87
°OH^0 -11.8847 1.12425 -1043.46
°OH^0 -11.7165 -3.34427 -1044.53
°OH^0 -14.8963 -0.0711287 -1043.46
°OH^0 -15.0573 -2.24364 -1045.43
°OH^0 -14.2159 -5.06374 -1048.09
°OH^0 -12.408 -0.223947 -1047.85
°OH^0 -11.7016 -0.469229 -1048.87
°OH^0 -11.5696 -1.42617 -1051.64
°OH^0 -13.6645 -2.32532 -1057.42
°OH^0 -12.1304 -1.83967 -1058.68
°OH^0 -12.5383 -1.93591 -1066.84
°OH^0 -12.6616 -2.30949 -1066.02
°OH^0 -11.6566 -1.12363 -1067.82
°OH^0 -12.8374 -1.4955 -1066.74
°OH^0 -15.4266 -2.7732 -1074.35
°OH^0 -10.354 -2.09634 -1073.29
°OH^0 -11.4449 0.297614 -1072.25
°OH^0 -12.5892 -2.73157 -1075.68
°OH^0 -16.3347 -0.345023 -1076.82
°OH^0 -13.3429 -1.72994 -1078.24
°OH^0 -10.9975 -0.566742 -1076.36
°OH^0 -12.0417 0.913056 -1079.64
°OH^0 -11.2811 0.764961 -1078.17
°OH^0 -14.1641 -0.982875 -1080.5
°OH^0 -11.763 2.45454 -1087.3
°OH^0 -9.89061 0.484917 -1092.69
°OH^0 -10.9874 -0.386558 -1092.79
°OH^0 -11.231 0.646791 -1093.41
°OH^0 -10.8825 1.71278 -1097
°OH^0 -10.1129 -0.236462 -1101.51
°OH^0 -9.40471 -1.18165 -1104.22
°OH^0 -9.14983 -2.01284 -1109.55
°OH^0 -10.8416 -2.95847 -1109.32
°OH^0 -13.9453 2.19637 -1118.43
°OH^0 -9.52381 1.57382 -1121
°OH^0 -11.3489 -0.363889 -1122.52
°OH^0 -11.0291 3.02669 -1120.91
°OH^0 -8.44094 0.326847 -1126.47
°OH^0 -10.0444 0.117689 -1124.39
°OH^0 -13.857 -1.62113 -1135.23
°OH^0 -10.1109 1.30178 -1135.39
°OH^0 -11.4019 0.702533 -1134.44
°OH^0 -10.7313 -0.86457 -1135.83
°OH^0 -7.32238 3.14926 -1134.8
°OH^0 -9.4855 1.64045 -1135.82
°OH^0 -11.0826 -1.11247 -1136.71
°OH^0 -11.8925 0.559155 -1140.75
°OH^0 -11.2178 0.0861259 -1150.6
°OH^0 -8.58312 2.36419 -1152.51
°OH^0 -8.19995 0.584647 -1154.04
°OH^0 -10.5876 2.03821 -1151.08
°OH^0 -8.73166 1.68163 -1157.08
°OH^0 -10.8129 0.882461 -1156.59
°OH^0 -8.8586 0.94209 -1157.89
°OH^0 -9.86965 0.548854 -1160
°OH^0 -9.37884 1.93386 -1158.88
°OH^0 -9.72704 1.48604 -1158.13
°OH^0 -8.89787 2.10384 -1165.69
°OH^0 -11.3504 1.67192 -1164.05
°OH^0 -10.6939 4.24056 -1165.22
°OH^0 -10.5931 2.19882 -1170.21
°OH^0 -7.52319 1.31482 -1168.29
°OH^0 -9.98887 0.450547 -1168.95
°OH^0 -8.14221 0.352637 -1169.86
°OH^0 -7.26047 2.67203 -1182.79
°OH^0 -7.77154 1.3693 -1182.61
°OH^0 -9.42883 2.97826 -1182.9
°OH^0 -8.25224 3.65073 -1183.98
°OH^0 -8.16632 0.00951227 -1186.67
°OH^0 -10.2033 1.64766 -1187.16
°OH^0 -8.39196 0.899517 -1186.4
°OH^0 -9.91725 2.81151 -1188.63
°OH^0 -10.8972 3.49571 -1193.04
°OH^0 -9.61324 1.67589 -1193.2
°OH^0 -8.40466 2.76104 -1193.05
°OH^0 -10.3788 0.481842 -1195.54
°OH^0 -10.821 0.765353 -1196.17
°OH^0 -10.0463 2.3028 -1197.82
°OH^0 -8.35913 3.30464 -1199.97
°OH^0 -8.50587 2.57106 -1209.65
°OH^0 -7.14603 4.63365 -1207.79
°OH^0 -7.04374 1.81018 -1209.54
°OH^0 -7.9719 2.9982 -1209.89
°OH^0 -6.44324 1.36735 -1211.17
°OH^0 -9.93176 1.04433 -1210.32
°OH^0 -6.37312 0.121483 -1211.41
°OH^0 -10.9703 1.50751 -1211.69
°OH^0 -8.10108 -0.4166 -1210.2
°OH^0 -8.35877 3.83383 -1211.49
°OH^0 -7.78763 2.56843 -1215.1
°OH^0 -7.85902 2.2385 -1214.76
°OH^0 -6.87302 0.343084 -1215.11
°OH^0 -6.63611 1.86887 -1216.57
°OH^0 -7.56887 3.43802 -1214.7
°OH^0 -9.81229 3.84462 -1214.82
°OH^0 -6.61422 2.27218 -1218.37
°OH^0 -8.14686 1.85298 -1221.49
°OH^0 -8.31553 1.6704 -1220.37
°OH^0 -8.76266 3.50236 -1222.01
°OH^0 -7.27718 3.40919 -1222.56
°OH^0 -7.30805 3.04143 -1225.23
°OH^0 -8.98423 2.44999 -1226.27
°OH^0 -7.16373 1.56194 -1226.42
°OH^0 -8.15102 4.12773 -1231.27
°OH^0 -8.83242 -0.366069 -1231.52
°OH^0 -6.54556 3.51387 -1234.17
°OH^0 -6.41983 3.28282 -1233.85
°OH^0 -8.72404 -0.291248 -1234.35
°OH^0 -6.84416 2.77007 -1237.66
°OH^0 -9.69048 2.79842 -1237.77
°OH^0 -7.69264 1.683 -1235.8
°OH^0 -7.44085 3.14012 -1238.87
°OH^0 -9.20525 1.10968 -1240.7
°OH^0 -10.9364 2.23195 -1242.57
°OH^0 -7.95478 4.78898 -1238.94
°OH^0 -6.77604 0.110053 -1251.48
°OH^0 -7.109 2.92779 -1252.67
°OH^0 -4.9555 -3.09429 -1253.69
°OH^0 -7.81537 2.71271 -1261.26
°OH^0 -7.77858 1.33443 -1262.44
°OH^0 -3.55557 2.78003 -1264.07
°OH^0 -7.17229 3.83417 -1263.13
°OH^0 -5.5829 1.58743 -1266.07
°OH^0 -6.56427 2.34037 -1268.92
°OH^0 -6.87039 3.13871 -1267.48
°OH^0 -8.88491 2.75122 -1271.39
°OH^0 -6.9662 1.36178 -1271.08
°OH^0 -5.07981 0.88346 -1272.01
°OH^0 -5.9152 1.68443 -1270.28
°OH^0 -5.60622 2.20941 -1276.58
°OH^0 -6.40813 2.02414 -1276.87
°OH^0 -5.99132 4.3005 -1280.93
°OH^0 -6.25432 2.63193 -1284.07
°OH^0 -6.62089 5.27799 -1283.74
°OH^0 -6.00194 2.60521 -1291.99
°OH^0 -7.68869 4.03739 -1291.86
°OH^0 -5.2384 2.00794 -1289.79
°OH^0 -5.38827 1.25028 -1292.69
°OH^0 -5.50906 1.16035 -1292.74
°OH^0 -8.65889 2.34495 -1295.09
°OH^0 -5.65872 2.9213 -1295.8
°OH^0 -6.08712 1.61817 -1294.36
°OH^0 -5.57372 3.89292 -1295.97
°OH^0 -6.2954 1.6527 -1300.98
°OH^0 -3.28495 0.226238 -1301.07
°OH^0 -5.44949 1.73663 -1306.31
°OH^0 -5.11634 2.97491 -1304.59
°OH^0 -3.14083 1.09224 -1308.39
°OH^0 -7.76301 -0.492278 -1310.15
°OH^0 -8.50428 2.19885 -1309.73
°OH^0 -6.14688 2.20694 -1312.06
°OH^0 -6.42263 2.86408 -1322.31
°OH^0 -7.21663 1.32028 -1323.74
°OH^0 -6.815 2.04241 -1325.42
°OH^0 -3.41592 2.74915 -1327.17
°OH^0 -6.11968 2.01805 -1332.61
°OH^0 -4.85891 2.50356 -1331.56
°OH^0 -2.98879 0.948103 -1333.22
°OH^0 -2.95915 -1.85413 -1332.74
°OH^0 -6.12518 1.05745 -1334.92
°OH^0 -3.99154 2.71472 -1333.91
°OH^0 -5.49449 3.25781 -1339
°OH^0 -6.02896 2.96702 -1343.36
°OH^0 -3.97461 0.274147 -1344.62
°OH^0 -5.6363 -0.0874717 -1350.61
°OH^0 -5.65543 3.45131 -1348.38
°OH^0 -2.45242 3.69702 -1357.98
°OH^0 -3.47018 -0.886655 -1358.13
°OH^0 -10.2571 -1.04585 -1355.65
°OH^0 -7.6805 1.97059 -1358.83
°OH^0 -5.39795 -2.05093 -1360.64
°OH^0 -4.21887 0.893888 -1367.43
°OH^0 -2.08405 -0.0189536 -1369.18
°OH^0 -3.39346 4.73548 -1368.48
°OH^0 -5.32257 1.39383 -1366.5
°OH^0 -2.38377 0.272149 -1373.07
°OH^0 -3.26009 3.45561 -1371.71
°OH^0 -5.03297 2.14563 -1375.57
°OH^0 -1.01557 2.34302 -1377.96
°OH^0 -2.23479 1.56129 -1380.68
°OH^0 -4.48528 1.75255 -1382.68
°OH^0 -3.29603 -0.482842 -1380.37
°OH^0 -4.01958 0.685132 -1383.18
°OH^0 -5.62555 -1.44175 -1384.75
°OH^0 -5.67745 -0.599413 -1387.62
°OH^0 -2.77199 -2.96911 -1387.13
°OH^0 -2.82365 -0.657605 -1391.37
°OH^0 -4.12748 2.08981 -1394.43
°OH^0 -1.91521 -1.05827 -1396.62
°OH^0 -2.46224 0.122694 -1393.51
°OH^0 -3.22447 0.266132 -1396.66
°OH^0 -4.48153 0.174781 -1401.72
°OH^0 -4.78867 0.855615 -1403.68
°OH^0 -3.12673 0.278486 -1401.81
°OH^0 -1.40007 0.862808 -1403.5
°OH^0 -2.46941 0.856061 -1402.32
°OH^0 -4.31546 2.16579 -1406.06
°OH^0 -3.14682 1.57873 -1405.7
°OH^0 -2.57251 0.642861 -1417.71
°OH^0 -4.77474 0.392145 -1421.59
°OH^0 -0.570892 0.418681 -1421.91
°OH^0 -3.72195 0.559509 -1419.88
°OH^0 -0.744158 0.991954 -1422.57
°OH^0 -0.280915 -0.442073 -1427.53
°OH^0 -1.81185 -0.472424 -1425.91
°OH^0 -4.10094 1.21511 -1432.78
°OH^0 2.85546 -1.98207 -1436.4
°OH^0 -1.31528 1.41822 -1438.22
°OH^0 3.67357 3.76516 -1436.77
°OH^0 -2.73996 -1.63361 -1435.66
°OH^0 1.33735 -0.344872 -1440.82
°OH^0 -1.31775 -0.533697 -1441.43
°OH^0 -1.46712 1.68771 -1439.65
°OH^0 -0.130006 0.834611 -1440.3
°OH^0 -1.64114 2.20297 -1444.28
°OH^0 3.11093 0.0834352 -1444.17
°OH^0 -0.384583 0.360408 -1442
°OH^0 -0.233408 0.826633 -1449.1
°OH^0 -2.00242 -0.0316312 -1447.64
°OH^0 -1.82657 1.03321 -1451.59
°OH^0 -1.16573 -1.03543 -1449.69
°OH^0 -1.9732 -1.13959 -1448.96
°OH^0 -0.429706 0.421274 -1452.24
°OH^0 -0.747901 -0.255208 -1453.61
°OH^0 -0.042969 -1.34224 -1453.55
°OH^0 -0.270112 1.25913 -1456.74
°OH^0 -2.10446 1.49696 -1453.64
°OH^0 -0.311623 1.16185 -1458.95
°OH^0 -3.88913 0.411298 -1458.58
°OH^0 -1.83412 -1.57318 -1458.55
°OH^0 0.161964 0.124651 -1468.87
°OH^0 -0.434788 1.65571 -1470.12
°OH^0 -1.15664 2.43848 -1471.51
°OH^0 0.540106 1.75336 -1472.96
°OH^0 0.786417 1.15059 -1477.14
°OH^0 0.500083 -0.405228 -1478.19
°OH^0 -0.806495 1.81087 -1477.63
°OH^0 -0.0100995 0.472204 -1478.62
°OH^0 -0.204221 -0.940816 -1479.67
°OH^0 0.609223 1.13973 -1482.12
°OH^0 -2.18842 -0.682309 -1483.49
°OH^0 -0.45539 -0.61128 -1483.68
°OH^0 -0.0517714 0.187739 -1482.64
°OH^0 -1.54406 0.0573353 -1484.89
°OH^0 2.12169 -1.74665 -1485.2
°OH^0 0.949219 3.3518 -1485.44
°OH^0 1.0785 1.34986 -1490.86
°OH^0 -1.72095 -2.6744 -1490.75
°OH^0 -0.261934 0.587203 -1493.46
°OH^0 -2.61449 1.82081 -1333.44
°OH^0 -7.38511 1.55944 -1213.88
°OH^0 -10.4216 1.49455 -1145.42
°OH^0 -14.0355 -6.27652 -875.059
°OH^0 -104.104 43.8618 -677.886
°OH^0 -331.994 193.81 -358.677
°OH^0 -513.373 265.787 -478.62
°OH^0 -510.627 269.242 -480.156
°OH^0 -366.229 203.035 -353.327
°OH^0 -337.288 191.264 -358.626
°OH^0 -325.534 183.98 -370.223
°OH^0 -318.822 180.342 -379.561
°OH^0 -315.81 177.611 -378.342
°OH^0 -312.929 176.083 -380.392
°OH^0 -283.216 158.495 -425.697
°OH^0 -263.261 143.598 -453.476
°OH^0 -242.587 126.49 -480.929
°OH^0 -228.609 116.805 -502.131
°OH^0 -150.2 69.5888 -601.98
°OH^0 -144.33 65.26 -619.9
°OH^0 -134.979 63.8185 -625.836
°OH^0 -123.303 57.9537 -645.343
°OH^0 -119.84 53.6162 -643.783
°OH^0 -107.074 45.6125 -674.045
°OH^0 -104.478 45.1353 -682.718
°OH^0 -93.2187 39.691 -699.785
°OH^0 -84.0571 32.9892 -716.047
°OH^0 -58.882 14.4538 -757.726
°OH^0 -48.541 7.13912 -789.624
°OH^0 -44.3001 5.5536 -799.04
°OH^0 -35.816 1.29112 -813.453
°OH^0 -33.0805 -2.37972 -823.29
°OH^0 -18.6139 -7.37789 -853.401
°OH^0 -14.7142 -3.41749 -980.575
°OH^0 -11.8774 -0.480858 -1096.71
°OH^0 -14.1374 0.818326 -1109.12
°OH^0 -10.5738 -1.01697 -1103.81
°OH^0 -9.62935 2.31713 -1194.03
°OH^0 -9.18613 1.36274 -1210.09
°OH^0 -5.44807 5.76027 -1216.36
°OH^0 -7.31304 2.97446 -1238.57
°OH^0 -7.41552 3.06431 -1274.61
°OH^0 -7.81865 0.0684052 -1283.59
°OH^0 -6.5384 2.15651 -1312.42
°OH^0 -3.85394 1.67231 -1371.81
°OH^0 -1.98939 0.195847 -1396.27
°OH^0 -0.915374 -1.34638 -1403.39
°OH^0 -1.26266 -0.647909 -1456.39
°OH^0 -1.71017 0.445416 -1464.34
°OH^0 1.99203 0.997807 -1486.83
°OH^0 -2.27077 1.71155 -1402.29
°OH^0 -3.71804 3.29366 -1367.39
°OH^0 -4.70095 2.9894 -1297.18
°OH^0 -6.86125 7.25235 -1273.13
°OH^0 -15.7768 -2.52501 -1056.03
°OH^0 -11.7594 -1.63535 -953.849
°OH^0 -16.2219 -6.95581 -902.433
°OH^0 -48.4209 6.45657 -785.04
°OH^0 -247.724 134.177 -472.691
°OH^0 -438.463 238.889 -386.357
°OH^0 -408.843 218.691 -359.275
°OH^0 -325.627 187.495 -368.578
°OH^0 -309.499 171.635 -389.892
°OH^0 -294.324 165.6 -409.584
°OH^0 -274.1 151.577 -436.257
°OH^0 -263.057 146.698 -449.376
°OH^0 -244.442 133.354 -477.443
°OH^0 -225.987 113.494 -506.574
°OH^0 -190.574 94.6289 -549.905
°OH^0 -167.531 85.5421 -580.757
°OH^0 -150.312 75.7746 -609.547
°OH^0 -59.575 15.5522 -764.065
°OH^0 -52.3548 12.2986 -776.344
°OH^0 -40.0202 5.98237 -806.981
°OH^0 -38.287 2.80641 -810.85
°OH^0 -27.1469 -1.95237 -835.658
°OH^0 -23.3674 -1.59302 -837.718
°OH^0 -15.1271 -6.65702 -865.893
°OH^0 -16.4887 -7.29248 -889.188
°OH^0 -16.0931 -7.8705 -903.126
°OH^0 -16.0736 -6.85244 -917.897
°OH^0 -14.2888 -6.38759 -948.79
°OH^0 -15.154 -5.59666 -959.408
°OH^0 -14.8337 -3.71251 -975.857
°OH^0 -15.2054 1.10171 -1004.98
°OH^0 -14.5293 -2.64918 -1009.33
°OH^0 -8.8322 1.52163 -1162.33
°OH^0 -4.79707 2.60437 -1294.07
°OH^0 -6.52017 5.3854 -1304.71
°OH^0 -3.89956 1.05185 -1348.43
°OH^0 -4.78163 1.3625 -1356.22
°OH^0 -4.56956 2.78589 -1360.09
°OH^0 -4.07171 0.126778 -1375.26
°OH^0 -3.87808 2.4423 -1408.85
°OH^0 -1.59941 -1.18568 -1419.1
°OH^0 -0.193972 -0.811758 -1463.82
°OH^0 -0.603061 -0.130608 -1478.92
°OH^0 -0.832428 -2.59055 -1480.39
°OH^0 -5.57897 -2.022 -1465.11
°OH^0 -6.30563 1.4331 -1431.55
°OH^0 -5.4302 2.42177 -1376.32
°OH^0 2.36697 1.70087 -1368.63
°OH^0 -4.08002 -0.0823184 -1358.71
°OH^0 -5.71565 0.604872 -1297.34
°OH^0 -8.74989 1.27307 -1295.47
°OH^0 -6.36832 2.91681 -1288.17
°OH^0 -8.14719 2.60192 -1285.38
°OH^0 -5.65889 0.200591 -1277.06
°OH^0 -10.4521 0.995684 -1265.7
°OH^0 -9.68673 0.952505 -1261.72
°OH^0 -8.83807 -0.0796281 -1258.35
°OH^0 -6.07202 1.00419 -1255.09
°OH^0 -6.50903 5.6102 -1252.78
°OH^0 -6.72191 2.51728 -1231.97
°OH^0 -8.1996 2.50475 -1230.47
°OH^0 -12.9898 3.11646 -1175.04
°OH^0 -10.4223 0.920556 -1141.31
°OH^0 -15.4983 1.54322 -1115.83
°OH^0 -12.5599 -3.92961 -1052.48
°OH^0 -12.0281 -4.54646 -1017.51
°OH^0 -13.4529 -4.86774 -1011
°OH^0 -13.5809 -5.43332 -890.715
°OH^0 -14.8031 -7.58052 -878.161
°OH^0 -13.9623 -8.18025 -881.47
°OH^0 -15.2306 -9.35866 -861.245
°OH^0 -20.21 -8.77458 -854.028
°OH^0 -45.3776 5.54503 -793.618
°OH^0 -59.7598 15.8901 -758.914
°OH^0 -63.4788 18.8623 -745.301
°OH^0 -70.4402 23.414 -742.935
°OH^0 -84.2842 32.0007 -711.788
°OH^0 -109.575 48.3367 -669.762
°OH^0 -124.791 58.0121 -645.072
°OH^0 -220.75 114.392 -509.762
°OH^0 -289.076 161.989 -412.136
°OH^0 -301.28 166.618 -401.98
°OH^0 -508.892 266.785 -474.975
°OH^0 -454.934 249.115 -414.718
°OH^0 -355.074 200.884 -351.322
°OH^0 -305.807 168.871 -396.59
°OH^0 -304.78 169.121 -397.106
°OH^0 -299.385 165.873 -403.764
°OH^0 -272.653 152.338 -434.995
°OH^0 -257.021 141.381 -459.785
°OH^0 -225.465 119.925 -508.695
°OH^0 -222.932 115.151 -510.449
°OH^0 -206.629 104.204 -534.284
°OH^0 -194.702 100.202 -544.54
°OH^0 -190.651 91.5897 -555.643
°OH^0 -183.08 93.0002 -559.913
°OH^0 -184.228 89.8766 -562.724
°OH^0 -177.35 85.9958 -566.258
°OH^0 -175.267 85.9882 -574.264
°OH^0 -173.719 86.4441 -577.486
°OH^0 -168.805 84.5665 -582.779
°OH^0 -168.434 81.4311 -582.757
°OH^0 -168.719 82.6947 -588.591
°OH^0 -157.614 77.1369 -596.12
°OH^0 -159.545 75.6089 -597.123
°OH^0 -155.34 77.6731 -598.863
°OH^0 -155.007 75.1573 -599.027
°OH^0 -146.609 69.7681 -612.579
°OH^0 -134.442 61.9267 -631.067
°OH^0 -132.098 61.613 -633.567
°OH^0 -129.817 59.4263 -634.244
°OH^0 -127.006 57.7033 -643.615
°OH^0 -123.161 54.3921 -649.179
°OH^0 -114.673 52.8086 -660.968
°OH^0 -110.22 51.1005 -664.424
°OH^0 -100.334 42.7417 -686.847
°OH^0 -90.3479 34.1896 -703.525
°OH^0 -83.323 31.5257 -717.243
°OH^0 -82.8611 29.5134 -715.999
°OH^0 -82.3296 30.1037 -716.379
°OH^0 -72.6379 21.9909 -735.827
°OH^0 -67.1169 21.7258 -745.119
°OH^0 -64.0387 15.4597 -754.716
°OH^0 -54.4579 13.3793 -773.91
°OH^0 -50.6544 11.8876 -783.977
°OH^0 -46.3401 6.93007 -792.703
°OH^0 -40.3806 5.18682 -805.348
°OH^0 -39.2602 3.54218 -811.219
°OH^0 -35.5807 1.67985 -812.701
°OH^0 -29.8098 -2.07888 -830.994
°OH^0 -28.6381 -1.26367 -832.949
°OH^0 -22.0636 -6.07543 -845.799
°OH^0 -21.231 -6.04854 -848.649
°OH^0 -18.8699 -5.2171 -852.866
°OH^0 -15.6776 -7.0461 -855.194
°OH^0 -13.6907 -5.7972 -866.917
°OH^0 -17.8142 -8.92917 -872.201
°OH^0 -14.4135 -9.16501 -878.346
°OH^0 -14.9715 -5.65719 -897.876
°OH^0 -13.8819 -9.30729 -904.699
°OH^0 -16.8706 -5.36466 -906.092
°OH^0 -13.4482 -7.66226 -909.074
°OH^0 -13.9759 -4.89996 -948.41
°OH^0 -15.0642 -4.85064 -957.054
°OH^0 -14.9376 -6.9615 -966.209
°OH^0 -13.9338 -3.07418 -966.083
°OH^0 -14.7993 -4.23017 -964.95
°OH^0 -12.8972 -0.76028 -1003.53
°OH^0 -13.6248 -4.00533 -1005.64
°OH^0 -14.1626 -2.88354 -1053.83
°OH^0 -11.9207 -0.213233 -1063.44
°OH^0 -9.47643 1.6865 -1105.38
°OH^0 -9.92283 -1.26808 -1111.92
°OH^0 -8.2477 0.712779 -1120.97
°OH^0 -8.36779 1.55396 -1122.55
°OH^0 -8.61259 0.707384 -1135.4
°OH^0 -9.45484 -2.78926 -1135.53
°OH^0 -10.6549 -1.74078 -1141.99
°OH^0 -8.44749 3.3388 -1152.65
°OH^0 -9.64226 1.48441 -1158.55
°OH^0 -9.78512 2.43512 -1171.21
°OH^0 -10.3681 1.08452 -1169.63
°OH^0 -7.43119 4.28264 -1170.8
°OH^0 -9.39077 0.0667438 -1178.15
°OH^0 -8.44985 3.61049 -1183.94
°OH^0 -8.53735 2.73076 -1212.94
°OH^0 -8.86232 0.745539 -1238.04
°OH^0 -6.36096 2.95619 -1267.3
°OH^0 -5.11178 4.353 -1332.67
°OH^0 -6.01534 0.864625 -1343.98
°OH^0 -3.11372 -0.641453 -1417.6
°OH^0 -2.08254 -0.635688 -1460.99
°OH^0 1.07885 0.323761 -1467.01
°OH^0 0.68405 2.00037 -1471.15
°OH^0 -0.59665 -0.218535 -1484.06
°OH^0 -5.28537 -0.133475 -1493.37
°OH^0 2.64118 -1.56771 -1493.51
°OH^0 -1.10219 0.894834 -1486.82
°OH^0 -1.23406 1.14253 -1486.28
°OH^0 0.572069 -0.126706 -1486.81
°OH^0 0.257936 -0.772185 -1469.43
°OH^0 -0.226784 0.49245 -1464.05
°OH^0 3.78059 0.00220415 -1456.37
°OH^0 -2.24815 0.750136 -1436.48
°OH^0 -2.03212 -0.464179 -1428.15
°OH^0 -3.258 0.996769 -1393.01
°OH^0 -1.58376 1.28867 -1393.99
°OH^0 -4.19607 0.578321 -1387.37
°OH^0 -4.70077 -1.28964 -1390.56
°OH^0 -5.95293 2.44549 -1383.72
°OH^0 -4.0314 -0.573571 -1378.71
°OH^0 -5.36434 3.08676 -1373.25
°OH^0 -0.879755 1.77915 -1367.67
°OH^0 -7.20112 -1.6032 -1353
°OH^0 -3.87507 -0.60773 -1343.05
°OH^0 -3.93782 0.0465956 -1340.77
°OH^0 -7.17338 1.02835 -1298.9
°OH^0 -6.56584 -0.464697 -1267.59
°OH^0 -5.98038 5.69239 -1254.11
°OH^0 -9.42359 2.82715 -1243.9
°OH^0 -5.51884 0.537229 -1233.94
°OH^0 -8.73856 1.80822 -1217.77
°OH^0 -9.21677 2.29089 -1207.29
°OH^0 -12.0252 5.90536 -1209.2
°OH^0 -9.45293 2.3922 -1199.43
°OH^0 -6.2 1.04754 -1199.5
°OH^0 -7.08591 -1.25565 -1195.62
°OH^0 -7.68984 2.59944 -1192.51
°OH^0 -5.4503 8.03785 -1191.74
°OH^0 -8.71086 5.3557 -1191.91
°OH^0 -11.2863 -0.117241 -1177.39
°OH^0 -10.7411 9.96965 -1169.88
°OH^0 -10.0781 3.18031 -1164.6
°OH^0 -12.9329 1.1707 -1161.62
°OH^0 -10.992 -0.494188 -1141.48
°OH^0 -8.78482 9.07913 -1137.57
°OH^0 -12.8616 1.96689 -1108.79
°OH^0 -12.3763 -0.294895 -1106.74
°OH^0 -10.7517 1.78991 -1106.93
°OH^0 -10.9614 0.724219 -1095.32
°OH^0 -11.7718 -0.450428 -1091.7
°OH^0 -11.9874 -1.92525 -1083.61
°OH^0 -13.4528 -1.2193 -1083.2
°OH^0 -2.933 -4.14825 -1028.75
°OH^0 -13.6747 -0.986164 -1024.71
°OH^0 -14.3256 -2.29685 -1013.29
°OH^0 -10.8504 0.232486 -1001.41
°OH^0 -12.3604 -1.88998 -991.061
°OH^0 -18.5338 -10.6136 -930.423
°OH^0 -14.6907 -6.45407 -929.812
°OH^0 -12.3919 -1.64735 -923.274
°OH^0 -14.6946 -9.2027 -911.588
°OH^0 -14.1936 -6.10186 -909.251
°OH^0 -13.3019 -7.0116 -895.422
°OH^0 -14.4719 -8.45423 -893.691
°OH^0 -16.013 -8.42605 -893.085
°OH^0 -18.2275 -6.57379 -888.746
°OH^0 -16.6677 -6.09082 -889.205
°OH^0 -17.1119 -7.91093 -889.631
°OH^0 -13.2551 -7.8612 -887.789
°OH^0 -21.3506 -3.59404 -849.647
°OH^0 -29.9717 -4.37299 -831.652
°OH^0 -37.4817 2.87955 -813.57
°OH^0 -37.977 1.63739 -811.093
°OH^0 -37.456 7.08164 -807.694
°OH^0 -46.3329 5.18321 -789.207
°OH^0 -50.8348 13.2506 -776.79
°OH^0 -54.2193 13.2143 -776.889
°OH^0 -54.8996 15.6271 -774.301
°OH^0 -68.8094 14.9075 -747.414
°OH^0 -65.061 19.016 -748.573
°OH^0 -69.2197 22.3226 -741.59
°OH^0 -78.1856 31.1255 -722.732
°OH^0 -93.5875 40.5283 -699.342
°OH^0 -95.9296 38.8945 -698.347
°OH^0 -103.883 44.21 -675.299
°OH^0 -111.333 48.1397 -668.329
°OH^0 -116.739 50.6506 -659.531
°OH^0 -115.894 53.7681 -657.688
°OH^0 -124.62 59.5541 -639.946
°OH^0 -164.535 81.8946 -588.311
°OH^0 -170.419 82.8592 -576.65
°OH^0 -171.802 86.9236 -578.416
°OH^0 -182.078 91.1791 -562.921
°OH^0 -187.949 94.7908 -557.185
°OH^0 -199.929 101.666 -540.586
°OH^0 -216.539 110.595 -518.694
°OH^0 -248.612 135.018 -471.904
°OH^0 -248.259 134.055 -470.592
°OH^0 -255.161 139.163 -468.88
°OH^0 -254.505 143.921 -460.193
°OH^0 -272.088 153.19 -435.665
°OH^0 -294.562 165.905 -404.68
°OH^0 -321.598 180.502 -375.807
°OH^0 -361.899 203.159 -352.625
°OH^0 -361.897 202.998 -352.596
°OH^0 -478.134 258.194 -444.438
°OH^0 -447.886 244.894 -409.315
°OH^0 -442.782 245.612 -402.455
°OH^0 -437.8 238.454 -387.094
°OH^0 -407.283 215.453 -357.7
°OH^0 -382.541 208.923 -351.873
°OH^0 -378.763 205.068 -348.918
°OH^0 -377.057 205.503 -350.504
°OH^0 -343.967 195.894 -357.225
°OH^0 -337.702 195.27 -360.86
°OH^0 -314.413 176.147 -381.301
°OH^0 -308.457 175.203 -386.362
°OH^0 -294.636 166.584 -407.629
°OH^0 -292.371 163.419 -412.419
°OH^0 -287.104 161.875 -415.882
°OH^0 -275.383 153.071 -435.061
°OH^0 -270.789 150.143 -441.037
°OH^0 -268.28 149.078 -441.819
°OH^0 -268.713 150.893 -445.611
°OH^0 -258.504 141.782 -457.906
°OH^0 -245.957 131.838 -472.791
°OH^0 -240.512 127.573 -485.098
°OH^0 -239.979 127.001 -486.039
°OH^0 -235.946 124.359 -490.979
°OH^0 -224.595 113.885 -506.205
°OH^0 -208.991 106.576 -527.73
°OH^0 -208.343 106.857 -528.122
°OH^0 -207.125 105.503 -529.728
°OH^0 -205.884 104.44 -529.285
°OH^0 -205.053 106.363 -532.137
°OH^0 -208.583 105.646 -536.975
°OH^0 -198.285 100.715 -541.38
°OH^0 -193.722 96.6533 -546.99
°OH^0 -191.218 92.3621 -545.83
°OH^0 -189.409 94.8247 -553.208
°OH^0 -180.851 87.3007 -567.979
°OH^0 -175.62 86.463 -573.617
°OH^0 -169.716 82.6846 -580.223
°OH^0 -164.321 80.6517 -586.735
°OH^0 -165.318 80.1477 -586.231
°OH^0 -155.235 78.4832 -595.608
°OH^0 -150.245 73.2769 -604.501
°OH^0 -151.659 71.4727 -604.847
°OH^0 -144.523 74.1599 -610.407
°OH^0 -147.979 71.207 -611.371
°OH^0 -140.343 63.816 -623.962
°OH^0 -138.38 65.266 -623.86
°OH^0 -137.725 64.7598 -624.73
°OH^0 -139.862 67.0046 -619.762
°OH^0 -137.474 61.1602 -625.745
°OH^0 -131.503 60.5687 -632.666
°OH^0 -128.032 60.4347 -636.279
°OH^0 -123.223 55.939 -641.745
°OH^0 -119.67 55.3994 -650.655
°OH^0 -119.804 54.9612 -650.946
°OH^0 -121.544 52.1254 -653.8
°OH^0 -110.009 48.3147 -667.04
°OH^0 -105.245 45.249 -677.565
°OH^0 -100.147 41.8373 -684.254
°OH^0 -100.009 42.8661 -688.674
°OH^0 -92.451 36.5316 -703.227
°OH^0 -82.2957 30.4818 -718.086
°OH^0 -81.6516 30.2489 -719.369
°OH^0 -81.7945 30.1247 -718.973
°OH^0 -74.7381 25.2418 -730.781
°OH^0 -73.0722 28.2807 -730.833
°OH^0 -74.0804 26.4483 -731.028
°OH^0 -70.7036 25.2765 -735.291
°OH^0 -72.2001 24.1915 -736.187
°OH^0 -67.433 20.3632 -747.606
°OH^0 -66.8347 18.6132 -745.323
°OH^0 -63.7161 20.045 -748.186
°OH^0 -63.5639 14.8266 -756.12
°OH^0 -53.5911 14.522 -773.129
°OH^0 -54.8754 12.3644 -775.722
°OH^0 -50.053 12.2799 -778.706
°OH^0 -46.1564 9.15968 -785.782
°OH^0 -48.4716 10.8382 -790.154
°OH^0 -43.899 7.51835 -794.643
°OH^0 -43.9499 6.038 -799.648
°OH^0 -41.6796 4.81214 -803.577
°OH^0 -24.6379 -3.4687 -840.634
°OH^0 -24.1613 -5.10545 -842.111
°OH^0 -23.8565 -3.70185 -841.979
°OH^0 -23.161 -7.18294 -844.049
°OH^0 -21.4748 -4.99645 -847.268
°OH^0 -21.8175 -6.87037 -849.329
°OH^0 -15.2261 -7.31199 -879.67
°OH^0 -15.6309 -7.92295 -882.785
°OH^0 -15.3801 -7.85248 -885.201
°OH^0 -15.5152 -7.07795 -887.612
°OH^0 -14.3807 -5.61584 -887.88
°OH^0 -16.7992 -5.97227 -893.145
°OH^0 -14.9651 -7.01804 -896.72
°OH^0 -15.0927 -6.93008 -902.431
°OH^0 -14.4196 -5.47702 -903.202
°OH^0 -14.6342 -6.12906 -922.237
°OH^0 -14.6309 -8.03458 -925.274
°OH^0 -14.5904 -5.86016 -925.957
°OH^0 -15.3103 -5.41734 -922.478
°OH^0 -14.5277 -5.44632 -935.135
°OH^0 -14.5062 -5.13329 -943.316
°OH^0 -22.9191 -3.06575 -976.079
°OH^0 -14.1581 -0.307878 -982.853
°OH^0 -12.6667 -2.12677 -986.383
°OH^0 -14.5034 -2.06031 -991.472
°OH^0 -13.1191 -0.608886 -996.783
°OH^0 -14.514 0.440251 -1006.48
°OH^0 -13.5415 -2.16654 -1010.02
°OH^0 -15.8319 -1.6164 -1016.38
°OH^0 -14.5952 -0.200483 -1041.63
°OH^0 -12.6811 -1.23705 -1047.45
°OH^0 -13.2282 -0.644096 -1048.14
°OH^0 -14.3276 -1.6385 -1047.45
°OH^0 -13.4447 -2.63439 -1065.64
°OH^0 -15.4617 -0.0789962 -1075.1
°OH^0 -12.5968 -0.741377 -1072.84
°OH^0 -8.06651 0.723664 -1071.9
°OH^0 -6.59821 1.53698 -1091.19
°OH^0 -9.78826 -0.209977 -1103.26
°OH^0 -8.42914 -1.49803 -1104.8
°OH^0 -12.3066 -0.834658 -1106.57
°OH^0 -10.6361 0.190034 -1112.61
°OH^0 -9.75005 -1.15521 -1119.01
°OH^0 -10.1675 0.409511 -1119.4
°OH^0 -9.84584 -1.12198 -1122.03
°OH^0 -9.38898 -0.784977 -1121.84
°OH^0 -10.1555 0.552593 -1125.75
°OH^0 -9.8428 0.889629 -1137.55
°OH^0 -8.22018 2.65443 -1147.12
°OH^0 -9.18607 -0.634342 -1151.84
°OH^0 -10.0437 -0.719516 -1151.88
°OH^0 -9.69445 1.06777 -1153.91
°OH^0 -9.05611 1.63282 -1157.77
°OH^0 -8.9819 2.08814 -1154.17
°OH^0 -9.32819 1.34574 -1173.1
°OH^0 -8.63438 2.61612 -1178
°OH^0 -4.47298 0.405254 -1180.92
°OH^0 -8.93799 1.68111 -1191.65
°OH^0 -6.29774 2.64084 -1196.96
°OH^0 -8.48742 0.362268 -1202.69
°OH^0 -8.03783 2.37015 -1213.84
°OH^0 -8.15775 2.35039 -1217.26
°OH^0 -7.50901 1.06279 -1228.62
°OH^0 -6.22804 2.23725 -1233.39
°OH^0 -9.88707 2.34733 -1256.45
°OH^0 -9.38799 2.46543 -1257.26
°OH^0 -7.38594 2.37389 -1260.91
°OH^0 -7.15244 2.40089 -1264.13
°OH^0 -7.17899 2.25501 -1267.29
°OH^0 -5.17039 4.0171 -1274.93
°OH^0 -6.71088 1.84812 -1282
°OH^0 -6.61292 2.42267 -1287.21
°OH^0 -7.35228 3.20096 -1292.41
°OH^0 -6.32272 2.75698 -1292.88
°OH^0 -4.33581 1.19539 -1335.26
°OH^0 -3.05797 2.24719 -1350.54
°OH^0 -4.4395 3.14954 -1360
°OH^0 -3.84574 2.22179 -1372.14
°OH^0 -3.22844 0.787238 -1380.89
°OH^0 -4.823 -3.07414 -1397.03
°OH^0 -2.95838 0.330782 -1394.22
°OH^0 -2.97346 1.21862 -1398.56
°OH^0 -6.1295 4.83708 -1401.5
°OH^0 -2.26644 0.213065 -1410.78
°OH^0 -0.0013868 -0.26781 -1460.83
°OH^0 -0.0619653 -0.0659332 -1499.32
°OH^0 1.17361 -0.613326 -1486.67
°OH^0 3.03366 2.57554 -1475.83
°OH^0 -0.372757 0.326453 -1474.68
°OH^0 -0.039888 -0.029952 -1455.1
°OH^0 -1.71267 -1.17912 -1445.83
°OH^0 -2.70975 -0.80117 -1427.88
°OH^0 -2.09568 -0.495076 -1419.35
°OH^0 -0.63997 -0.235574 -1412.01
°OH^0 -7.98453 0.62878 -1390.08
°OH^0 -3.81307 2.60033 -1325.97
°OH^0 -5.2543 1.73444 -1326.63
°OH^0 -4.7813 3.32895 -1305.52
°OH^0 -6.54507 1.88232 -1302.81
°OH^0 -5.9562 2.83822 -1290.97
°OH^0 -7.34575 5.83075 -1265.18
°OH^0 -7.41325 2.58812 -1257.68
°OH^0 -8.34907 0.695573 -1259.09
°OH^0 -3.84577 4.28174 -1256
°OH^0 -4.26981 0.84228 -1231.46
°OH^0 -13.2454 8.80715 -1227.52
°OH^0 -6.83499 2.53569 -1221.86
°OH^0 -8.45296 6.72949 -1207.47
°OH^0 -4.97894 -0.0809894 -1194.14
°OH^0 -9.29448 1.61606 -1176.67
°OH^0 -11.3367 -1.16424 -1157.72
°OH^0 -10.6869 -2.55544 -1092.48
°OH^0 -11.9765 -1.80609 -1066.32
°OH^0 -15.661 -0.71265 -1054.43
°OH^0 -12.5501 -0.961989 -1056.39
°OH^0 -10.6241 -4.04745 -1059.37
°OH^0 -13.5424 -1.5481 -1019.64
°OH^0 -12.1688 -4.58218 -984.085
°OH^0 -15.0394 -1.53938 -961.454
°OH^0 -14.5096 -5.03094 -951.807
°OH^0 -23.2149 -3.70764 -945.931
°OH^0 -13.7586 -6.73343 -913.251
°OH^0 -14.4415 -7.44433 -903.633
°OH^0 -9.93051 -4.50596 -906.009
°OH^0 -18.8928 -7.25265 -890.664
°OH^0 -17.4042 -5.9121 -856.531
°OH^0 -20.3041 -6.05071 -852.478
°OH^0 -19.3342 -7.14116 -848.485
°OH^0 -36.2543 3.49084 -813.259
°OH^0 -38.6279 9.30298 -804.155
°OH^0 -67.9973 19.5827 -756.583
°OH^0 -68.5572 24.9563 -741.462
°OH^0 -114.82 48.4274 -658.848
°OH^0 -125.141 57.3414 -646.686
°OH^0 -126.662 57.224 -641.594
°OH^0 -147.49 73.6252 -609.913
°OH^0 -173.125 85.038 -575.942
°OH^0 -192.922 97.2603 -545.582
°OH^0 -195.703 97.107 -539.968
°OH^0 -199.071 103.427 -534.15
°OH^0 -232.883 119.318 -498.918
°OH^0 -249.089 133.646 -473.317
°OH^0 -289.943 165.981 -419.725
°OH^0 -306.335 174.719 -391.676
°OH^0 -340.882 196.163 -358.2
°OH^0 -369.381 203.298 -351.69
°OH^0 -537.256 262.065 -520.907
°OH^0 -495.111 266.057 -462.616
°OH^0 -486.701 263.189 -455.314
°OH^0 -442.657 243.915 -400.544
°OH^0 -424.146 225.874 -371.507
°OH^0 -403.696 213.471 -357.003
°OH^0 -391.219 209.822 -352.911
°OH^0 -370.647 203.64 -351.632
°OH^0 -359.569 200.369 -353.335
°OH^0 -359.444 200.424 -353.465
°OH^0 -348.407 197.078 -355.947
°OH^0 -330.588 189.861 -364.493
°OH^0 -321.665 182.159 -373.497
°OH^0 -306.751 171.604 -391.93
°OH^0 -283.198 158.043 -424.259
°OH^0 -281.75 157.263 -426.069
°OH^0 -279.342 155.765 -429.666
°OH^0 -274.78 152.544 -435.924
°OH^0 -265.297 146.487 -448.793
°OH^0 -247.935 133.933 -473.077
°OH^0 -240.309 127.069 -485.596
°OH^0 -227.153 117.244 -504.918
°OH^0 -224.151 115.414 -508.616
°OH^0 -206.294 105.361 -531.004
°OH^0 -192.696 97.1112 -548.602
°OH^0 -185.643 92.831 -558.071
°OH^0 -177.985 91.2194 -560.846
°OH^0 -179.44 89.3161 -566.637
°OH^0 -149.245 73.7993 -608.345
°OH^0 -147.651 65.4443 -617.373
°OH^0 -138.712 70.1293 -613.442
°OH^0 -123.013 49.5095 -649.671
°OH^0 -117.904 53.1152 -655.149
°OH^0 -114.16 50.5184 -663.652
°OH^0 -112.838 49.9672 -664.268
°OH^0 -109.243 47.6636 -670.674
°OH^0 -107.11 46.2994 -674.362
°OH^0 -100.784 42.4993 -685.485
°OH^0 -99.3103 41.3693 -688.253
°OH^0 -96.8245 39.9357 -692.045
°OH^0 -94.3708 38.3955 -696.579
°OH^0 -90.5502 35.6713 -703.442
°OH^0 -87.9404 33.9958 -708.075
°OH^0 -87.1522 33.4331 -709.602
°OH^0 -67.369 21.103 -744.535
°OH^0 -64.6247 22.0091 -743.878
°OH^0 -62.4595 15.222 -754.484
°OH^0 -59.1922 15.5926 -762.366
°OH^0 -58.113 15.0238 -764.75
°OH^0 -51.7992 11.1548 -779.628
°OH^0 -37.8825 2.92982 -812.207
°OH^0 -29.5053 -1.25456 -830.14
°OH^0 -26.6125 -2.74343 -836.286
°OH^0 -24.7463 -3.39403 -840.29
°OH^0 -20.8076 -5.25871 -849.092
°OH^0 -14.8845 -7.12753 -891.976
°OH^0 -13.5477 -9.75124 -903.548
°OH^0 -14.7145 -6.1333 -921.079
°OH^0 -14.4303 -5.22773 -943.296
°OH^0 -14.4517 -4.7195 -949.578
°OH^0 -14.4773 -5.02085 -950.069
°OH^0 -16.9656 -5.54174 -957.015
°OH^0 -13.5122 0.312882 -959.912
°OH^0 -13.8083 -2.80526 -988.79
°OH^0 -13.9695 -2.79528 -995.609
°OH^0 -13.3199 0.283321 -1007.23
°OH^0 -14.2145 -2.01184 -1013.52
°OH^0 -12.9469 -0.76791 -1060.03
°OH^0 -12.6466 -0.677579 -1062.03
°OH^0 -18.2045 -6.05864 -1073.88
°OH^0 -12.4626 -0.628239 -1069.32
°OH^0 -12.3969 -0.525503 -1073.2
°OH^0 -12.5376 -1.6299 -1081.03
°OH^0 -11.7173 -0.339885 -1085.14
°OH^0 -9.73069 1.04023 -1143.63
°OH^0 -9.37374 1.08431 -1159.11
°OH^0 -8.59394 1.87125 -1200.44
°OH^0 -8.44765 1.96375 -1207.23
°OH^0 -7.2286 2.32334 -1265.76
°OH^0 -3.74887 0.889067 -1375.49
°OH^0 -2.1787 -0.738339 -1387.87
°OH^0 0.546236 2.00605 -1397
°OH^0 -2.28437 0.0132977 -1412.74
°OH^0 -0.147513 -2.42909 -1432.83
°OH^0 3.10083 -3.50841 -1444.3
°OH^0 -0.89459 0.0858237 -1446.81
°OH^0 0.063503 -0.016432 -1477.81
°OH^0 -5.44079 1.7808 -1336.07
°OH^0 -7.81699 2.40353 -1247.83
°OH^0 -523.948 265.768 -490.219
°OH^0 -516.394 265.667 -481.555
°OH^0 -450.202 246.896 -411.741
°OH^0 -207.572 106.151 -529.23
°OH^0 -207.118 105.997 -528.905
°OH^0 -176.717 87.7783 -570.292
°OH^0 -161.577 78.9095 -590.52
°OH^0 -153.331 74.2043 -602.2
°OH^0 -115.625 51.7613 -658.877
°OH^0 -115.226 51.2264 -658.947
°OH^0 -83.6232 31.3467 -715.744
°OH^0 -38.5584 3.46119 -809.679
°OH^0 -38.5533 2.79761 -809.499
°OH^0 -15.4328 -6.12347 -919.553
°OH^0 -15.2571 -6.39897 -919.09
°OH^0 -14.6505 -4.38082 -957.343
°OH^0 -12.3272 -0.452696 -1074.23
°OH^0 -9.30667 1.29565 -1169.83
°OH^0 -9.11701 1.47095 -1190.86
°OH^0 -8.87287 1.83538 -1191.6
°OH^0 -8.59025 1.74952 -1195.89
°OH^0 -7.48802 2.31771 -1243.2
°OH^0 -2.7162 0.397227 -1394.76
°OH^0 -2.35522 0.0388651 -1406.63
°OH^0 -2.42942 -0.358843 -1407.05
°OH^0 -0.275856 -0.113608 -1476.8
°OH^0 -1.29683 -0.0443525 -1438.57
°OH^0 -1.92171 1.03874 -1424.45
°OH^0 -4.03806 1.26788 -1347.97
°OH^0 -3.45264 0.884242 -1348.07
°OH^0 -3.0883 0.418834 -1345.96
°OH^0 -2.90331 0.0539602 -1346.1
°OH^0 -4.68478 1.02143 -1303.2
°OH^0 -7.40406 2.73033 -1233.48
°OH^0 -7.74182 1.06281 -1232.84
°OH^0 -7.03613 2.28 -1222.69
°OH^0 -9.38857 1.25644 -1169.53
°OH^0 -10.5222 0.781221 -1150.87
°OH^0 -13.4809 -2.24346 -1008.78
°OH^0 -13.8294 -2.7644 -1009.21
°OH^0 -53.4766 12.0361 -777.642
°OH^0 -52.9699 11.9632 -777.738
°OH^0 -99.2603 40.8588 -691.935
°OH^0 -99.9529 40.334 -691.684
°OH^0 -246.191 132.478 -475.63
°OH^0 -547.95 333.891 -473.134
°OH^0 -555.152 306.974 -517.663
°OH^0 -547.66 295.013 -518.984
°OH^0 -534.505 278.427 -518.52
°OH^0 -526.368 266.065 -493.326
°OH^0 -514.166 265.46 -477.443
°OH^0 -507.635 266.02 -472.967
°OH^0 -507.715 265.588 -473.631
°OH^0 -503.657 266.691 -469.282
°OH^0 -502.601 266.494 -468.527
°OH^0 -479.903 258.892 -446.729
°OH^0 -446.986 245.881 -409.071
°OH^0 -425.02 225.502 -371.949
°OH^0 -422.204 224.289 -369.961
°OH^0 -411.693 217.74 -362.029
°OH^0 -411.563 217.098 -361.824
°OH^0 -378.309 205.806 -350.189
°OH^0 -370.643 203.419 -350.722
°OH^0 -364.447 201.858 -352.47
°OH^0 -364.417 202.045 -352.277
°OH^0 -316.288 178.135 -378.686
°OH^0 -316.265 176.601 -378.645
°OH^0 -313.472 175.898 -382.686
°OH^0 -304.288 169.947 -395.789
°OH^0 -300.85 169.196 -397.644
°OH^0 -300.904 168.107 -400.604
°OH^0 -299.209 167.118 -402.837
°OH^0 -293.819 164.266 -410.112
°OH^0 -293.569 164.504 -410.14
°OH^0 -280.327 155.643 -428.598
°OH^0 -279.648 155.802 -428.503
°OH^0 -274.408 152.327 -436.449
°OH^0 -274.937 152.241 -436.205
°OH^0 -254.408 138.777 -463.244
°OH^0 -254.554 138.727 -463.564
°OH^0 -250.007 136.042 -469.016
°OH^0 -250.942 135.853 -469.72
°OH^0 -247.956 133.932 -473.186
°OH^0 -217.897 111.981 -516.16
°OH^0 -215.018 111.432 -518.937
°OH^0 -215.356 110.727 -519.695
°OH^0 -214.077 109.665 -521.184
°OH^0 -187.545 93.8612 -555.83
°OH^0 -185.471 92.9592 -558.181
°OH^0 -185.112 92.516 -558.764
°OH^0 -170.115 83.9568 -579.166
°OH^0 -169.705 83.8023 -579.409
°OH^0 -168.13 82.916 -581.682
°OH^0 -163.525 80.7708 -586.956
°OH^0 -163.973 80.2536 -587.009
°OH^0 -159.968 77.8303 -592.894
°OH^0 -141.83 67.1737 -618.813
°OH^0 -126.271 58.4014 -640.514
°OH^0 -126.648 58.7665 -640.627
°OH^0 -123.918 56.9112 -644.912
°OH^0 -123.338 56.4994 -645.744
°OH^0 -121.843 55.4847 -648.9
°OH^0 -121.771 55.618 -649.091
°OH^0 -121.311 55.1641 -649.199
°OH^0 -118.631 51.9557 -657.797
°OH^0 -115.043 51.2115 -659.631
°OH^0 -110.623 48.4783 -668.073
°OH^0 -110.511 48.2363 -668.533
°OH^0 -103.046 43.8644 -681.413
°OH^0 -69.1081 22.2249 -741.353
°OH^0 -69.2686 21.7025 -744.062
°OH^0 -59.8069 16.5359 -759.941
°OH^0 -59.7796 15.5528 -760.354
°OH^0 -59.8415 16.1625 -760.649
°OH^0 -45.7932 7.41252 -793.998
°OH^0 -45.0551 7.00964 -795.582
°OH^0 -22.6568 -3.95637 -843.993
°OH^0 -23.3078 -4.14689 -844.333
°OH^0 -14.964 -7.20114 -885.314
°OH^0 -14.9354 -7.28689 -889.558
°OH^0 -14.81 -6.50152 -897.585
°OH^0 -14.5416 -6.60749 -897.267
°OH^0 -14.741 -6.53931 -912.781
°OH^0 -14.4269 -4.3755 -957.567
°OH^0 -14.3265 -3.89079 -964.296
°OH^0 -14.2009 -3.43021 -973.649
°OH^0 -13.7357 -2.58542 -998.927
°OH^0 -13.312 -1.33872 -1037.01
°OH^0 -13.18 -1.19175 -1041.33
°OH^0 -13.0313 -0.706449 -1062.17
°OH^0 -12.5892 -0.78552 -1062.04
°OH^0 -13.1865 -0.9077 -1065.06
°OH^0 -12.8192 -0.303829 -1065.42
°OH^0 -11.9768 -0.149686 -1082.9
°OH^0 -11.7867 -0.150881 -1083.22
°OH^0 -11.37 -0.219309 -1091.18
°OH^0 -10.3843 0.225971 -1119.33
°OH^0 -9.51478 1.04014 -1152.61
°OH^0 -9.15337 1.48281 -1176.17
°OH^0 -8.99432 1.68294 -1182.37
°OH^0 -8.73917 1.75378 -1194.48
°OH^0 -8.19203 2.0122 -1195.51
°OH^0 -8.09952 1.73552 -1195.61
°OH^0 -8.60495 1.81567 -1197.41
°OH^0 -8.31072 2.02841 -1209.19
°OH^0 -8.30571 2.28555 -1217.44
°OH^0 -8.29336 2.1518 -1219.72
°OH^0 -7.90648 2.3555 -1230.36
°OH^0 -7.65637 2.65178 -1243.99
°OH^0 -7.50658 2.35819 -1244.22
°OH^0 -9.02706 2.0967 -1245.07
°OH^0 -7.19828 2.37444 -1264.89
°OH^0 -7.1615 2.31427 -1268.64
°OH^0 -3.5516 2.26845 -1271.1
°OH^0 -6.93073 2.38509 -1276.67
°OH^0 -6.8404 2.27135 -1280.16
°OH^0 -6.63984 2.27678 -1282.87
°OH^0 -6.07452 2.4988 -1300.49
°OH^0 -6.05154 2.03154 -1303.6
°OH^0 -5.65021 1.95498 -1313.07
°OH^0 -5.70837 1.43554 -1312.79
°OH^0 -5.40489 1.94556 -1323.01
°OH^0 -2.9572 0.615281 -1388.04
°OH^0 -2.91572 1.08515 -1394.1
°OH^0 -1.19494 1.66296 -1426
°OH^0 -1.69498 0.0555476 -1427.41
°OH^0 -1.54045 -0.232314 -1427.75
°OH^0 -1.3201 -0.103239 -1451.13
°OH^0 -1.62693 -0.16977 -1451.61
°OH^0 -3.65913 -8.10501 -1495.71
°OH^0 -3.28278 -7.87615 -1495.19
°OH^0 -0.316081 -0.571904 -1497.45
°OH^0 -0.0970338 0.118195 -1498.62
°OH^0 0.171409 -2.40613 -1487.54
°OH^0 1.08849 -0.444527 -1488.2
°OH^0 -0.147879 0.0226232 -1489
°OH^0 -0.951492 0.466108 -1462.64
°OH^0 -1.58011 -0.343664 -1462.13
°OH^0 -2.3671 -0.954075 -1457.39
°OH^0 -0.924556 -2.53151 -1450.37
°OH^0 -3.71896 0.0121916 -1426.01
°OH^0 -2.37694 0.199535 -1408.84
°OH^0 -2.50252 1.02158 -1406.28
°OH^0 -2.82266 1.14971 -1406.21
°OH^0 -1.51061 2.24096 -1393.22
°OH^0 -2.39248 -0.925367 -1384.26
°OH^0 -2.60546 0.164507 -1384.11
°OH^0 -3.73444 2.91358 -1381.85
°OH^0 -5.16248 3.7694 -1377.32
°OH^0 -2.68662 5.10309 -1363.19
°OH^0 -2.54818 5.05713 -1363.12
°OH^0 -3.23413 1.52265 -1366.44
°OH^0 -3.3826 1.32217 -1367.84
°OH^0 -3.99752 1.76997 -1368.16
°OH^0 -5.8261 2.43374 -1345
°OH^0 -5.17925 4.13924 -1312.9
°OH^0 -5.30648 1.98439 -1309.58
°OH^0 -7.82234 1.55741 -1304.02
°OH^0 -6.48253 2.12019 -1295.11
°OH^0 -6.44062 2.97809 -1292.84
°OH^0 -5.7282 2.71316 -1282.66
°OH^0 -4.78133 4.38591 -1281.15
°OH^0 -6.58068 3.53722 -1267.14
°OH^0 -7.13644 1.90027 -1249.35
°OH^0 -7.4836 1.50858 -1246.72
°OH^0 -7.84717 2.43375 -1235.27
°OH^0 -8.73938 1.44072 -1222.34
°OH^0 -7.21247 4.11106 -1201.52
°OH^0 -10.1174 4.41067 -1193.56
°OH^0 -9.0931 1.55859 -1190.15
°OH^0 -7.26228 0.652443 -1185.47
°OH^0 -7.72946 0.192995 -1185.81
°OH^0 -9.63649 0.0858679 -1181.05
°OH^0 -8.99723 3.80541 -1184.83
°OH^0 -8.51809 0.174765 -1177
°OH^0 -8.87893 0.902861 -1171.57
°OH^0 -9.53885 1.65786 -1172.49
°OH^0 -9.89947 2.29958 -1175.1
°OH^0 -8.41949 2.2293 -1172.93
°OH^0 -11.2015 2.53761 -1169.83
°OH^0 -9.89996 0.825383 -1139.1
°OH^0 -11.0887 1.00401 -1137.55
°OH^0 -11.5118 1.6085 -1137.98
°OH^0 -10.3728 0.780399 -1130.99
°OH^0 -9.88399 -0.395744 -1105.25
°OH^0 -9.01524 -0.307019 -1104.99
°OH^0 -13.7573 -1.57226 -1072.54
°OH^0 -12.5964 -0.396887 -1066.88
°OH^0 -13.9624 -2.05939 -1016.86
°OH^0 -13.6342 -1.11506 -1015.38
°OH^0 -13.7492 -0.95864 -993.375
°OH^0 -15.6883 -3.50555 -988.911
°OH^0 -14.3568 -3.2701 -974.41
°OH^0 -15.5401 -5.6149 -949.731
°OH^0 -15.0652 -6.01332 -944.104
°OH^0 -15.8499 -3.63111 -931.192
°OH^0 -14.3614 -6.79818 -926.322
°OH^0 -14.8358 -5.55617 -925.827
°OH^0 -14.8929 -6.70063 -911.987
°OH^0 -14.9269 -6.44072 -907.058
°OH^0 -15.923 -7.10282 -907.185
°OH^0 -14.5946 -8.02001 -896.488
°OH^0 -15.5614 -8.25628 -892.324
°OH^0 -15.9991 -6.99673 -892.673
°OH^0 -16.2524 -6.96242 -893.204
°OH^0 -17.6446 -7.09537 -889.588
°OH^0 -17.3782 -8.02166 -889.788
°OH^0 -15.8454 -7.61955 -880.847
°OH^0 -15.2256 -7.59547 -870.045
°OH^0 -19.2826 -7.06304 -848.153
°OH^0 -27.3428 -2.4208 -835.222
°OH^0 -45.9939 7.36225 -790.88
°OH^0 -46.1565 7.26697 -791.209
°OH^0 -52.46 14.059 -777.859
°OH^0 -53.0443 13.3187 -776.932
°OH^0 -55.7459 11.858 -773.245
°OH^0 -55.6764 12.228 -773.559
°OH^0 -58.1062 13.6652 -764.948
°OH^0 -58.622 15.0494 -760.504
°OH^0 -80.7565 29.1984 -720.798
°OH^0 -81.1872 31.2644 -718.234
°OH^0 -82.1036 31.1268 -717.97
°OH^0 -85.361 31.2475 -715.84
°OH^0 -113.25 50.2284 -663.334
°OH^0 -113.365 50.5099 -662.884
°OH^0 -130.732 58.6997 -637.11
°OH^0 -161.107 77.749 -591.568
°OH^0 -160.243 77.2189 -592.012
°OH^0 -259.36 143.634 -451.518
°OH^0 -299.122 166.63 -404.108
°OH^0 -298.483 165.926 -404.865
°OH^0 -544.46 338.137 -481.118
°OH^0 -556.951 317.983 -483.903
°OH^0 -561.547 315.634 -488.27
°OH^0 -560.603 312.425 -495.479
°OH^0 -562.729 313.666 -510.433
°OH^0 -557.634 310.43 -515.379
°OH^0 -551.507 300.413 -518.813
°OH^0 -549.568 297.487 -518.451
°OH^0 -545.641 292.756 -519.702
°OH^0 -545.078 292.614 -519.824
°OH^0 -545.152 290.456 -519.322
°OH^0 -545.147 290.856 -519.291
°OH^0 -534.905 269.843 -522.448
°OH^0 -534.892 268.285 -524.6
°OH^0 -537.209 262.354 -519.901
°OH^0 -535.405 263.941 -512.284
°OH^0 -535.361 263.939 -511.702
°OH^0 -533.281 262.108 -509.986
°OH^0 -533.253 265.294 -503.571
°OH^0 -533.468 265.17 -503.451
°OH^0 -528.418 266.561 -496.004
°OH^0 -527.889 266.141 -495.68
°OH^0 -525.708 266.102 -492.335
°OH^0 -523.039 265.834 -488.821
°OH^0 -520.633 265.614 -485.716
°OH^0 -521.328 266.911 -483.671
°OH^0 -515.845 265.687 -480.982
°OH^0 -509.965 266.201 -475.159
°OH^0 -503.383 266.632 -468.797
°OH^0 -498.456 266.676 -465.434
°OH^0 -493.89 265.766 -461.559
°OH^0 -492.346 265.489 -460.39
°OH^0 -489.858 264.966 -458.201
°OH^0 -483.646 260.686 -451.659
°OH^0 -479.424 258.697 -446.229
°OH^0 -474.452 256.3 -440.463
°OH^0 -474.45 256.619 -440.493
°OH^0 -474.572 256.382 -440.22
°OH^0 -474.003 256.197 -439.424
°OH^0 -471.747 254.642 -437.795
°OH^0 -469.511 254.443 -434.091
°OH^0 -466.552 253.284 -430.704
°OH^0 -466.363 253.085 -430.16
°OH^0 -459.251 252.077 -422.823
°OH^0 -455.989 249.421 -417.262
°OH^0 -456.135 249.528 -417.989
°OH^0 -455.192 247.5 -417.14
°OH^0 -447.288 245.982 -409.201
°OH^0 -447.186 246.05 -409.158
°OH^0 -448.04 245.458 -408.282
°OH^0 -446.151 245.503 -407.438
°OH^0 -446.805 246.709 -406.143
°OH^0 -445.019 244.931 -405.155
°OH^0 -441.343 243.38 -398.31
°OH^0 -436.877 237.767 -387.491
°OH^0 -436.709 238.487 -386.412
°OH^0 -436.09 236.275 -384.025
°OH^0 -435.924 236.595 -384.372
°OH^0 -434.427 235.172 -382.802
°OH^0 -428.71 230.468 -376.81
°OH^0 -428.425 228.693 -375.248
°OH^0 -428.005 229.59 -374.628
°OH^0 -427.404 228.561 -374.639
°OH^0 -427.051 228.513 -374.535
°OH^0 -425.141 225.474 -374.931
°OH^0 -424.548 226.078 -372.116
°OH^0 -422.151 225.295 -369.136
°OH^0 -421.604 222.924 -368.051
°OH^0 -420.499 223.464 -368.697
°OH^0 -420.577 223.492 -368.384
°OH^0 -412.118 217.543 -362.06
°OH^0 -412.932 216.157 -360.548
°OH^0 -411.581 216.639 -360.188
°OH^0 -406.909 214.187 -358.304
°OH^0 -399.462 212.534 -355.627
°OH^0 -394.313 210.843 -353.912
°OH^0 -385.563 208.113 -351.004
°OH^0 -382.884 206.151 -352.659
°OH^0 -384.25 208.133 -349.656
°OH^0 -383.877 207.639 -350.625
°OH^0 -383.808 207.714 -350.401
°OH^0 -381.903 207.79 -349.785
°OH^0 -380.138 207.535 -349.552
°OH^0 -372.098 203.782 -352.013
°OH^0 -361.355 203.17 -354.13
°OH^0 -358.273 200.008 -353.546
°OH^0 -356.694 199.035 -353.365
°OH^0 -356.56 199.293 -353.481
°OH^0 -354.378 198.794 -354.249
°OH^0 -350.708 197.721 -355.134
°OH^0 -349.247 197.769 -355.345
°OH^0 -349.531 197.651 -355.187
°OH^0 -347.603 196.924 -356.167
°OH^0 -348.151 196.434 -356.799
°OH^0 -346.025 196.112 -356.796
°OH^0 -345.595 196.419 -356.848
°OH^0 -340.965 195.234 -358.31
°OH^0 -339.824 194.712 -358.696
°OH^0 -338.632 195.254 -357.019
°OH^0 -337.205 193.863 -359.749
°OH^0 -336.556 193.632 -360.009
°OH^0 -330.998 190.293 -364.383
°OH^0 -330.718 190.023 -364.614
°OH^0 -325.167 185.176 -370.029
°OH^0 -322.161 182.757 -373.094
°OH^0 -320.876 180.965 -374.695
°OH^0 -320.701 180.768 -374.277
°OH^0 -320.241 180.835 -374.437
°OH^0 -319.632 180.397 -375.255
°OH^0 -319.864 180.357 -374.987
°OH^0 -316.84 177.821 -379.142
°OH^0 -314.592 177.44 -381.038
°OH^0 -309.556 173.502 -388.277
°OH^0 -309.336 173.506 -388.395
°OH^0 -303.484 169.519 -396.962
°OH^0 -298.552 166.762 -403.772
°OH^0 -298.376 166.287 -404.445
°OH^0 -296.601 165.759 -406.09
°OH^0 -298.671 164.902 -407.459
°OH^0 -296.114 165.729 -405.25
°OH^0 -296.124 165.175 -406.871
°OH^0 -294.044 164.378 -409.416
°OH^0 -290.363 162.596 -414.042
°OH^0 -288.222 161.851 -415.126
°OH^0 -289.702 161.606 -415.278
°OH^0 -288.751 161.54 -416.283
°OH^0 -288.134 162.624 -418.521
°OH^0 -284.429 158.933 -422.328
°OH^0 -281.836 157.196 -426.225
°OH^0 -280.308 156.233 -428.31
°OH^0 -275.91 153.291 -434.436
°OH^0 -273.8 152.221 -436.892
°OH^0 -273.823 152.044 -437.249
°OH^0 -274.248 151.956 -437.094
°OH^0 -271.696 150.768 -440.207
°OH^0 -269.808 149.468 -442.564
°OH^0 -269.115 147.979 -445.665
°OH^0 -269.055 147.95 -445.096
°OH^0 -264.509 145.997 -449.774
°OH^0 -260.663 143.405 -455.181
°OH^0 -258.393 141.781 -458.172
°OH^0 -252.665 137.244 -464.843
°OH^0 -253.617 139.203 -463.559
°OH^0 -252.471 137.378 -466.294
°OH^0 -250.234 135.594 -469.472
°OH^0 -251.388 136.551 -468.15
°OH^0 -250.332 134.494 -472.504
°OH^0 -246.75 132.945 -474.961
°OH^0 -243.673 130.349 -479.837
°OH^0 -241.562 128.583 -483.361
°OH^0 -241.339 128.163 -483.732
°OH^0 -236.425 120.49 -491.678
°OH^0 -235.778 120.694 -491.143
°OH^0 -232.884 120.735 -497.477
°OH^0 -231.881 119.765 -498.856
°OH^0 -231.381 119.15 -499.888
°OH^0 -231.257 119.251 -500.023
°OH^0 -230.011 118.246 -499.594
°OH^0 -228.094 117.669 -503.956
°OH^0 -228.287 119.971 -504.852
°OH^0 -229.379 115.023 -505.752
°OH^0 -226.306 116.969 -506.375
°OH^0 -225.878 117.133 -506.603
°OH^0 -225.369 116.106 -507.021
°OH^0 -223.339 115.096 -509.784
°OH^0 -221.535 114.131 -511.596
°OH^0 -220.839 113.212 -512.92
°OH^0 -220.764 113.057 -512.849
°OH^0 -218.174 111.485 -519.901
°OH^0 -216.2 108.974 -520.859
°OH^0 -215.561 110.577 -519.315
°OH^0 -215.66 110.503 -518.816
°OH^0 -214.007 111.765 -518.521
°OH^0 -213.291 111.396 -516.711
°OH^0 -210.394 105.688 -527.217
°OH^0 -209.707 107.305 -526.834
°OH^0 -207.491 104.664 -527.01
°OH^0 -209.626 105.906 -529.334
°OH^0 -207.158 105.74 -529.82
°OH^0 -206.613 105.462 -530.546
°OH^0 -205.654 104.971 -531.785
°OH^0 -203.991 103.711 -534.096
°OH^0 -203.582 105.917 -533.213
°OH^0 -201.001 101.941 -538.011
°OH^0 -199.855 101.274 -538.253
°OH^0 -199.928 101.741 -539.062
°OH^0 -197.189 100.089 -541.97
°OH^0 -197.924 100.519 -542.228
°OH^0 -196.013 98.8272 -544.802
°OH^0 -196.263 101.018 -545.672
°OH^0 -191.91 98.8438 -548.001
°OH^0 -185.354 92.8149 -558.519
°OH^0 -182.952 91.3656 -561.902
°OH^0 -183.931 93.1306 -561.524
°OH^0 -181.753 90.6538 -563.459
°OH^0 -181.689 90.5669 -563.637
°OH^0 -178.105 88.5762 -568.316
°OH^0 -177.612 88.7916 -569.828
°OH^0 -177.242 87.9525 -569.584
°OH^0 -173.974 86.1349 -573.78
°OH^0 -173.928 86.1409 -574.089
°OH^0 -173.498 85.8076 -574.752
°OH^0 -174.345 85.4329 -574.834
°OH^0 -170.911 85.6624 -577.273
°OH^0 -172.335 85.1092 -576.141
°OH^0 -172.194 85.1405 -576.191
°OH^0 -171.487 85.4416 -576.276
°OH^0 -170.393 83.9033 -578.822
°OH^0 -166.635 82.1789 -583.708
°OH^0 -167.038 82.0766 -583.234
°OH^0 -161.833 81.0078 -589.013
°OH^0 -161.818 77.5675 -591.629
°OH^0 -161.112 78.7127 -591.294
°OH^0 -160.819 78.4695 -591.658
°OH^0 -158.499 76.9317 -592.271
°OH^0 -152.471 74.24 -601.77
°OH^0 -150.252 72.241 -606.1
°OH^0 -149.73 72.5483 -606.896
°OH^0 -147.861 70.8491 -609.789
°OH^0 -141.134 68.0508 -619.108
°OH^0 -140.513 66.6142 -619.227
°OH^0 -141.261 66.5096 -619.99
°OH^0 -138.571 65.5365 -623.481
°OH^0 -138.456 65.2216 -623.092
°OH^0 -138.89 65.3143 -623.366
°OH^0 -138.105 65.7488 -623.068
°OH^0 -136.182 64.947 -627.021
°OH^0 -136.873 63.3278 -629.522
°OH^0 -134.312 62.4868 -631.845
°OH^0 -133.951 61.637 -630.549
°OH^0 -132.229 61.5828 -632.68
°OH^0 -130.949 60.7818 -634.929
°OH^0 -131.334 60.4461 -635.166
°OH^0 -130.745 60.5257 -634.626
°OH^0 -126.794 57.6191 -638.414
°OH^0 -127.18 58.3301 -639.883
°OH^0 -126.274 58.8885 -640.008
°OH^0 -124.989 57.4304 -643.187
°OH^0 -122.564 58.724 -645.183
°OH^0 -121.246 55.2208 -649.355
°OH^0 -119.47 54.1644 -652.406
°OH^0 -116.254 51.9673 -658.196
°OH^0 -115.47 49.4127 -661.953
°OH^0 -112.621 49.48 -665.522
°OH^0 -108.819 49.4595 -669.112
°OH^0 -110.953 48.6756 -667.499
°OH^0 -111.997 48.1167 -668.085
°OH^0 -106.602 46.6447 -673.559
°OH^0 -106.06 45.7374 -676.044
°OH^0 -102.469 43.9826 -681.036
°OH^0 -102.35 43.758 -681.674
°OH^0 -103.188 44.0628 -681.734
°OH^0 -102.87 43.4589 -682.127
°OH^0 -100.94 42.577 -680.625
°OH^0 -102.468 43.3589 -682.795
°OH^0 -101.71 47.7251 -682.596
°OH^0 -100.549 42.6065 -686.144
°OH^0 -100.867 41.7603 -685.382
°OH^0 -100.103 41.1038 -688.822
°OH^0 -98.4243 42.2402 -691.819
°OH^0 -96.2379 39.5286 -694.016
°OH^0 -94.2071 38.197 -697.736
°OH^0 -94.249 38.1654 -697.079
°OH^0 -93.0709 37.3996 -699.006
°OH^0 -92.3756 36.9977 -700.26
°OH^0 -89.9516 36.9192 -705.573
°OH^0 -87.86 34.0923 -708.296
°OH^0 -87.5588 33.3908 -710.47
°OH^0 -82.0595 30.441 -718.726
°OH^0 -81.8183 29.7403 -717.023
°OH^0 -81.2601 30.5681 -717.63
°OH^0 -79.5803 27.0521 -722.891
°OH^0 -81.7686 27.9534 -720.031
°OH^0 -78.7113 27.8923 -724.855
°OH^0 -75.8115 26.455 -729.926
°OH^0 -75.0916 26.2627 -730.656
°OH^0 -75.1843 25.8933 -730.971
°OH^0 -69.2388 22.1565 -741.665
°OH^0 -69.106 21.061 -739.002
°OH^0 -67.9856 22.5891 -743.07
°OH^0 -69.0824 20.1719 -744.24
°OH^0 -67.0191 20.6165 -745.675
°OH^0 -64.9587 19.5229 -747.571
°OH^0 -66.1595 19.2267 -747.227
°OH^0 -64.4859 19.0918 -749.805
°OH^0 -64.6895 18.4151 -750.965
°OH^0 -60.9954 16.8807 -757.833
°OH^0 -60.3617 14.4797 -762.521
°OH^0 -58.9077 15.5951 -762.604
°OH^0 -58.0754 16.0497 -765.762
°OH^0 -56.4309 17.0235 -764.867
°OH^0 -57.6329 14.793 -765.818
°OH^0 -59.5379 14.2638 -767.633
°OH^0 -56.5531 14.2454 -768.318
°OH^0 -55.1185 12.9915 -770.846
°OH^0 -55.5121 13.8783 -771.802
°OH^0 -55.4679 13.7207 -771.666
°OH^0 -55.2514 13.4992 -771.422
°OH^0 -54.1696 12.4655 -776.027
°OH^0 -49.923 10.0534 -784.073
°OH^0 -48.6309 9.18769 -786.672
°OH^0 -49.3692 8.89975 -787.269
°OH^0 -49.1663 8.04572 -788.716
°OH^0 -45.0648 8.17416 -790.048
°OH^0 -45.4937 6.81017 -790.454
°OH^0 -45.1481 7.75138 -797.518
°OH^0 -44.4315 6.53894 -797.173
°OH^0 -40.3599 4.22206 -806.388
°OH^0 -37.2704 2.7531 -812.9
°OH^0 -36.6752 2.44595 -814.386
°OH^0 -34.9356 1.29362 -819.203
°OH^0 -34.8063 1.26945 -819.194
°OH^0 -34.0587 0.989567 -820.034
°OH^0 -32.4828 0.284489 -823.474
°OH^0 -29.8549 -1.13947 -829.275
°OH^0 -29.1056 -1.43223 -830.729
°OH^0 -28.422 -1.80889 -832.531
°OH^0 -27.9533 -1.87162 -832.744
°OH^0 -28.1765 -1.82983 -832.735
°OH^0 -26.5857 -2.24005 -840.249
°OH^0 -23.1283 -2.32525 -840.353
°OH^0 -21.5063 -4.74136 -847.02
°OH^0 -19.8761 -4.10557 -855.488
°OH^0 -15.1967 -7.4331 -867.835
°OH^0 -15.0147 -7.25042 -884.145
°OH^0 -15.0013 -7.36616 -885.158
°OH^0 -14.1998 -7.05681 -890.082
°OH^0 -15.0905 -6.43511 -901.456
°OH^0 -14.6845 -7.30005 -900.675
°OH^0 -14.8526 -6.69646 -908.101
°OH^0 -14.9575 -6.65897 -908.838
°OH^0 -16.5146 -6.3565 -910.748
°OH^0 -15.5449 -4.37889 -912.666
°OH^0 -15.4985 -7.5284 -913.631
°OH^0 -14.3899 -8.76993 -913.786
°OH^0 -14.7921 -6.15457 -921.565
°OH^0 -14.6243 -5.88811 -926.025
°OH^0 -13.7522 -5.647 -935.698
°OH^0 -15.0409 -5.21528 -936.475
°OH^0 -14.808 -5.49418 -936.819
°OH^0 -14.338 -5.2886 -938.754
°OH^0 -14.5359 -5.22242 -945.27
°OH^0 -15.3271 -3.84643 -945.633
°OH^0 -14.3956 -4.93016 -947.18
°OH^0 -15.4973 -3.45852 -954.42
°OH^0 -12.876 -5.62115 -954.75
°OH^0 -12.6943 -2.92303 -956.911
°OH^0 -14.1552 -4.72663 -959.14
°OH^0 -14.35 -4.23887 -958.959
°OH^0 -14.2561 -4.00358 -965.977
°OH^0 -14.2614 -3.55216 -969.942
°OH^0 -14.8716 -3.79613 -970.161
°OH^0 -14.0153 -3.26391 -974.631
°OH^0 -14.0553 -3.32923 -974.394
°OH^0 -13.7602 -2.82366 -992.117
°OH^0 -12.7103 -2.57787 -994.858
°OH^0 -13.7597 -2.61176 -997.883
°OH^0 -15.7368 -2.61606 -997.914
°OH^0 -13.5656 -2.36127 -999.584
°OH^0 -13.4313 -1.49649 -1007.98
°OH^0 -13.8838 -1.96106 -1012.28
°OH^0 -11.3446 -3.37471 -1013.42
°OH^0 -13.5548 -1.88207 -1018.21
°OH^0 -13.5621 -1.81966 -1018.38
°OH^0 -13.6988 -1.98337 -1017.81
°OH^0 -13.3418 -1.41459 -1031.27
°OH^0 -13.2937 -1.3485 -1032.2
°OH^0 -14.3461 -0.294212 -1034.37
°OH^0 -13.2485 -0.981269 -1045.76
°OH^0 -13.2719 -1.06558 -1045.91
°OH^0 -13.2449 -1.02982 -1046.95
°OH^0 -12.8592 -0.933547 -1058.74
°OH^0 -11.8308 -1.49715 -1063.12
°OH^0 -12.7193 -1.16985 -1063.04
°OH^0 -12.4587 -0.57835 -1069.36
°OH^0 -11.8173 -0.252008 -1071.3
°OH^0 -12.3188 -0.610961 -1072.11
°OH^0 -10.8355 -1.22032 -1072.45
°OH^0 -12.2084 -0.589312 -1074.95
°OH^0 -12.0843 -0.516932 -1077.56
°OH^0 -12.1867 -0.470489 -1077.75
°OH^0 -14.2227 -0.449354 -1078.77
°OH^0 -10.5658 -1.3326 -1079.3
°OH^0 -12.0487 -0.468094 -1080.8
°OH^0 -11.2907 -1.43484 -1082.62
°OH^0 -11.823 -0.219905 -1083.48
°OH^0 -11.0901 1.17872 -1082.75
°OH^0 -11.578 2.20379 -1084.43
°OH^0 -11.3648 0.0279079 -1092.66
°OH^0 -11.471 -0.0738546 -1093.49
°OH^0 -11.901 -0.0558725 -1093.57
°OH^0 -11.0407 0.120021 -1099.21
°OH^0 -11.162 0.514159 -1108.76
°OH^0 -10.7057 0.267198 -1108.53
°OH^0 -10.1739 0.481527 -1121.83
°OH^0 -10.3093 0.591506 -1123.35
°OH^0 -10.1615 0.568255 -1128.76
°OH^0 -10.0355 0.643753 -1130.08
°OH^0 -10.6323 2.64618 -1128.33
°OH^0 -8.96325 -0.93131 -1129.32
°OH^0 -9.73334 0.712919 -1140.76
°OH^0 -9.89991 0.749153 -1140.47
°OH^0 -9.59511 1.02982 -1147.76
°OH^0 -9.45371 0.82629 -1148.08
°OH^0 -9.42207 1.99833 -1151.98
°OH^0 -9.46896 0.968919 -1154.65
°OH^0 -9.16042 1.27356 -1154.22
°OH^0 -10.6752 1.44962 -1156.6
°OH^0 -7.41034 1.24754 -1153.94
°OH^0 -7.69451 1.34841 -1153.5
°OH^0 -9.52629 1.17648 -1161.34
°OH^0 -10.2524 1.17211 -1161.87
°OH^0 -10.2921 0.512669 -1168.72
°OH^0 -9.17647 1.45826 -1174.93
°OH^0 -8.87551 1.4955 -1176.31
°OH^0 -9.51496 1.26435 -1176.13
°OH^0 -8.99799 1.65184 -1190.76
°OH^0 -8.87882 1.38805 -1190.37
°OH^0 -9.07421 1.90361 -1198.2
°OH^0 -8.00367 1.49943 -1198.13
°OH^0 -8.39448 2.10853 -1207.46
°OH^0 -8.49362 2.01525 -1208.15
°OH^0 -8.25068 1.70705 -1212.67
°OH^0 -8.31007 1.21004 -1213.28
°OH^0 -8.31366 2.08318 -1215.14
°OH^0 -8.28981 2.21632 -1216.69
°OH^0 -8.22511 4.2772 -1216.85
°OH^0 -8.10541 2.23573 -1219.26
°OH^0 -6.85758 0.176231 -1236.11
°OH^0 -7.9795 2.41777 -1237.17
°OH^0 -7.37575 2.1392 -1237.36
°OH^0 -7.46303 2.23642 -1244.97
°OH^0 -7.44249 2.30331 -1249.26
°OH^0 -7.55659 2.22875 -1258.9
°OH^0 -8.12921 3.48407 -1258.06
°OH^0 -7.24411 2.46581 -1262.77
°OH^0 -6.51892 1.43975 -1263.65
°OH^0 -7.13578 2.38665 -1267.02
°OH^0 -9.04537 3.59267 -1268.25
°OH^0 -6.90832 2.27034 -1275.86
°OH^0 -6.79964 2.29667 -1278.04
°OH^0 -6.78739 2.3101 -1282
°OH^0 -10.0413 2.52319 -1279.22
°OH^0 -7.28915 1.89421 -1286.22
°OH^0 -6.43828 2.5725 -1286.11
°OH^0 -6.53511 2.20506 -1289.64
°OH^0 -5.9321 2.13453 -1305.7
°OH^0 -8.91123 2.6968 -1304.91
°OH^0 -5.94714 1.95131 -1307.58
°OH^0 -7.42147 6.18904 -1313.65
°OH^0 -5.68827 1.94259 -1314.38
°OH^0 -5.13281 1.96478 -1322.2
°OH^0 -4.92124 1.71764 -1332.47
°OH^0 -5.72368 3.10026 -1336.74
°OH^0 -4.15548 0.837365 -1335.95
°OH^0 -4.4137 1.59968 -1344.82
°OH^0 -4.18341 1.35635 -1350.76
°OH^0 -4.04605 1.28071 -1352.17
°OH^0 -4.34598 1.24389 -1355.27
°OH^0 -3.45689 1.33472 -1355.19
°OH^0 -4.19888 0.988361 -1362.66
°OH^0 -2.56585 3.2741 -1363.19
°OH^0 -2.58845 0.552411 -1366.34
°OH^0 -3.4522 1.0424 -1367.55
°OH^0 -3.6694 1.19184 -1373.54
°OH^0 -3.43917 1.60155 -1373.72
°OH^0 -3.04786 0.689083 -1380.4
°OH^0 -2.95152 0.265038 -1391.09
°OH^0 -2.61028 0.537463 -1390.88
°OH^0 -1.08677 -1.50792 -1388.61
°OH^0 -5.58486 -0.837516 -1389.71
°OH^0 -2.89564 0.396127 -1395.47
°OH^0 -2.68442 0.139117 -1395.07
°OH^0 -4.40245 1.24237 -1399.15
°OH^0 -0.337526 -1.52202 -1415.27
°OH^0 0.464211 -1.09822 -1415.34
°OH^0 -1.96517 -0.0434364 -1418.83
°OH^0 -0.570921 -0.318413 -1426.12
°OH^0 -1.66166 0.0817828 -1426.47
°OH^0 -1.03663 -0.264109 -1437.17
°OH^0 -1.92412 0.190491 -1437.37
°OH^0 0.306653 0.0177065 -1438.81
°OH^0 -1.2956 -0.218351 -1438.99
°OH^0 -1.3028 -0.135625 -1439.01
°OH^0 -0.738735 0.229944 -1444.23
°OH^0 -0.98533 0.580002 -1444.02
°OH^0 -1.24083 -0.563204 -1455.56
°OH^0 -0.528243 0.472919 -1462.7
°OH^0 -0.982213 -1.13001 -1474.27
°OH^0 0.125552 0.0753525 -1474.16
°OH^0 -0.51368 0.571847 -1474.57
°OH^0 -0.0207187 0.127715 -1482.48
°OH^0 -0.713607 1.40157 -1484.59
°OH^0 1.02408 -0.0765451 -1489.06
°OH^0 -0.473514 0.0634249 -1490.73
°OH^0 0.1732 0.0138034 -1493.26
°OH^0 -0.511225 -1.22484 -1493.22
°OH^0 -0.212321 -1.28604 -1493.14
°OH^0 -0.177962 -1.3717 -1493
°OH^0 1.62928 -1.22281 -1499.04
°OH^0 0.71273 -1.76758 -1494.26
°OH^0 1.92856 -0.134103 -1487.12
°OH^0 -0.0711929 3.41219 -1487.91
°OH^0 0.299604 -1.8474 -1487.83
°OH^0 -2.11395 0.714668 -1466.63
°OH^0 -1.25054 1.87401 -1463.05
°OH^0 -2.56225 0.10005 -1460.78
°OH^0 -1.14566 2.80019 -1461.06
°OH^0 0.210808 1.75367 -1461.34
°OH^0 0.127025 2.06294 -1460.62
°OH^0 -0.13452 0.241087 -1460.8
°OH^0 -0.396411 -0.2619 -1460.37
°OH^0 -0.726103 -0.353812 -1460.66
°OH^0 -2.10589 0.304898 -1452.89
°OH^0 -0.961446 -0.162972 -1452.91
°OH^0 -3.48069 2.37696 -1452.54
°OH^0 -0.627967 -1.75188 -1446.52
°OH^0 -4.04712 1.18111 -1447.48
°OH^0 0.514897 -1.1842 -1444.24
°OH^0 -1.39798 -1.72333 -1444.96
°OH^0 0.295639 -1.48547 -1444.86
°OH^0 -0.169792 -0.258627 -1435.2
°OH^0 -0.210985 -0.550286 -1436.05
°OH^0 1.82389 -4.16493 -1436.68
°OH^0 1.98003 -4.80085 -1436.09
°OH^0 -2.48894 0.399364 -1434.53
°OH^0 -2.80798 0.364795 -1415.37
°OH^0 -1.3195 2.63828 -1407.73
°OH^0 -3.26006 2.05062 -1405.38
°OH^0 -1.81054 -1.04086 -1406.98
°OH^0 -4.41129 0.146481 -1398.76
°OH^0 -3.33911 -1.03714 -1400.56
°OH^0 -2.00782 1.95599 -1393.24
°OH^0 -6.11448 1.10288 -1394.32
°OH^0 -3.37218 -0.649504 -1385.48
°OH^0 -3.22459 -0.958297 -1388.63
°OH^0 -4.88947 2.43726 -1388.63
°OH^0 -3.5431 0.130026 -1387.07
°OH^0 -4.48779 1.61777 -1382.9
°OH^0 -2.75702 -1.60037 -1383.25
°OH^0 3.41488 1.92655 -1380.1
°OH^0 -3.39958 0.489755 -1375.62
°OH^0 -3.62223 0.350621 -1375.24
°OH^0 -3.71453 0.526473 -1375.54
°OH^0 -3.30803 1.03474 -1373.93
°OH^0 -3.34245 1.42274 -1374.68
°OH^0 -2.34433 0.392729 -1368.21
°OH^0 -3.97134 1.69011 -1368.76
°OH^0 -4.11126 1.50144 -1364.02
°OH^0 -3.98174 1.94114 -1364.53
°OH^0 -3.57982 1.20827 -1359.31
°OH^0 -4.96292 2.11679 -1351.48
°OH^0 -2.99099 -0.800807 -1345.16
°OH^0 -2.87177 0.769069 -1345.51
°OH^0 -2.98477 0.679806 -1345.4
°OH^0 -5.4007 -0.316223 -1347.88
°OH^0 -2.03092 0.292565 -1348.9
°OH^0 -5.63667 1.04273 -1346.26
°OH^0 -1.45765 2.67467 -1347.47
°OH^0 0.797838 4.28359 -1338.28
°OH^0 1.63512 4.18897 -1338.06
°OH^0 -7.12649 2.94046 -1331.36
°OH^0 -6.15276 2.95707 -1331.27
°OH^0 -7.57837 4.29086 -1331.73
°OH^0 -7.03685 4.5294 -1332.13
°OH^0 -5.66627 2.10536 -1330.98
°OH^0 -4.2596 3.04746 -1325.5
°OH^0 -5.1084 -0.524913 -1327.17
°OH^0 -3.9387 2.26944 -1326.01
°OH^0 -5.8119 1.88564 -1326.22
°OH^0 -3.42644 -1.90594 -1311.03
°OH^0 -6.97951 2.70715 -1300.89
°OH^0 -7.74023 4.76656 -1304.86
°OH^0 -6.74885 2.64621 -1299.81
°OH^0 -7.07423 2.61501 -1300.21
°OH^0 -3.3331 -2.64689 -1294.99
°OH^0 -3.13335 -2.33573 -1292.74
°OH^0 -6.29588 0.705394 -1293.94
°OH^0 -4.29897 2.67773 -1292.05
°OH^0 -6.77423 2.34948 -1290.57
°OH^0 -6.5453 1.83819 -1289.97
°OH^0 -6.99815 -1.1359 -1290.16
°OH^0 -6.3418 2.12373 -1288.3
°OH^0 -7.02621 5.67941 -1280.06
°OH^0 -6.43859 2.60176 -1285.35
°OH^0 -7.68074 0.506296 -1279.98
°OH^0 -6.72635 2.39437 -1279.85
°OH^0 -6.46573 2.31145 -1280.06
°OH^0 -7.99212 4.08859 -1279.67
°OH^0 -7.9031 3.1575 -1272.28
°OH^0 -5.48977 1.78794 -1279.39
°OH^0 -5.59107 1.10192 -1276
°OH^0 -7.52792 2.62796 -1257.8
°OH^0 -10.872 2.12877 -1251.24
°OH^0 -7.0697 2.93778 -1250.87
°OH^0 -5.32705 1.22308 -1249.04
°OH^0 -7.70749 2.33119 -1244.77
°OH^0 -6.97839 2.70035 -1229.63
°OH^0 -8.47667 2.06171 -1234.47
°OH^0 -8.14413 5.59303 -1231.28
°OH^0 -8.15423 3.67075 -1229.27
°OH^0 -8.15122 3.42258 -1229.68
°OH^0 -8.53697 1.94496 -1226.24
°OH^0 -8.36759 0.843212 -1222.96
°OH^0 -9.042 2.05479 -1225.81
°OH^0 -8.73249 1.89641 -1225.65
°OH^0 -11.4758 5.15845 -1221.47
°OH^0 -8.59878 4.3487 -1223.38
°OH^0 -9.11235 1.23787 -1226.21
°OH^0 -7.76743 3.18956 -1225.94
°OH^0 -6.62417 4.68483 -1225.91
°OH^0 -8.89108 5.64065 -1220.95
°OH^0 -4.80602 4.3156 -1219.55
°OH^0 -8.67463 0.491271 -1217.74
°OH^0 -6.80675 0.270815 -1216.62
°OH^0 -11.405 1.12951 -1198.38
°OH^0 -11.1225 0.342243 -1199.16
°OH^0 -9.28186 1.85824 -1198.48
°OH^0 -10.8861 1.60405 -1198.05
°OH^0 -8.8408 0.971151 -1198.65
°OH^0 -8.89328 1.08547 -1198.56
°OH^0 -6.44952 -0.588662 -1199.12
°OH^0 -6.11708 2.83374 -1196.37
°OH^0 -9.20972 0.761136 -1193.36
°OH^0 -11.3915 0.903808 -1194.25
°OH^0 -7.81895 4.32545 -1189.42
°OH^0 -7.72549 2.58923 -1191.27
°OH^0 -8.98129 -2.52134 -1187.64
°OH^0 -10.1515 0.635144 -1188.97
°OH^0 -11.9305 4.31049 -1176.52
°OH^0 -9.45198 2.43697 -1182.05
°OH^0 -9.63876 2.69824 -1181.22
°OH^0 -8.47379 0.684831 -1178.95
°OH^0 -12.8613 -0.719674 -1172.62
°OH^0 -11.8262 2.70574 -1171.85
°OH^0 -8.90503 0.728087 -1170.45
°OH^0 -9.67701 0.903918 -1170
°OH^0 -8.20052 2.2927 -1167.66
°OH^0 -6.84729 3.20326 -1152.28
°OH^0 -9.072 2.62758 -1151.86
°OH^0 -12.4742 -2.02339 -1150.43
°OH^0 -8.7476 -0.0327303 -1147.47
°OH^0 -10.1975 4.05172 -1143.29
°OH^0 -10.2069 3.7375 -1143.27
°OH^0 -9.48981 1.33992 -1141.74
°OH^0 -9.65223 -1.10226 -1146.35
°OH^0 -13.9566 1.57371 -1140.4
°OH^0 -11.8666 -0.370485 -1133.28
°OH^0 -10.7247 0.787919 -1134.79
°OH^0 -7.37645 -0.737189 -1135.65
°OH^0 -7.71997 -0.722339 -1136.69
°OH^0 -12.3207 -0.461127 -1128.79
°OH^0 -10.4124 1.95843 -1132.87
°OH^0 -9.5638 1.13973 -1130.46
°OH^0 -9.79235 -0.150558 -1127.72
°OH^0 -7.28673 -0.83101 -1127.02
°OH^0 -8.63221 0.520472 -1123.73
°OH^0 -10.9731 -0.117252 -1109.02
°OH^0 -10.8756 -0.95998 -1106.41
°OH^0 -10.9271 -1.04311 -1106.41
°OH^0 -11.4723 -1.19128 -1106.25
°OH^0 -10.6923 -0.543252 -1106.22
°OH^0 -11.6242 1.87415 -1107.67
°OH^0 -11.5341 2.29807 -1105.27
°OH^0 -12.5989 -1.95006 -1101.96
°OH^0 -10.5651 -0.988308 -1091.55
°OH^0 -11.0496 -0.33432 -1090.55
°OH^0 -11.738 -0.507113 -1083.12
°OH^0 -14.3126 2.3902 -1075.61
°OH^0 -13.7699 1.93135 -1074.86
°OH^0 -12.9499 0.000167752 -1078.67
°OH^0 -12.8213 -0.0271434 -1078.84
°OH^0 -11.1493 -4.20748 -1073.27
°OH^0 -11.9857 -1.41145 -1077.26
°OH^0 -12.1245 -0.29071 -1077.96
°OH^0 -13.3825 -0.653656 -1075.25
°OH^0 -13.6217 -0.483263 -1075.02
°OH^0 -13.3114 -0.963103 -1072.95
°OH^0 -13.5081 -2.2925 -1068.77
°OH^0 -7.44279 -1.55355 -1070.6
°OH^0 -13.9706 -1.70052 -1066.87
°OH^0 -12.9373 -0.310617 -1066.89
°OH^0 -13.998 -6.22958 -1064.18
°OH^0 -13.3746 -6.00657 -1064
°OH^0 -11.8997 -1.19216 -1061.7
°OH^0 -13.7895 -1.46539 -1060.22
°OH^0 -12.2827 -1.1422 -1057.47
°OH^0 -12.8856 -0.962488 -1056.78
°OH^0 -13.4853 -1.51139 -1054.48
°OH^0 -13.7844 -2.03053 -1054.02
°OH^0 -12.3031 -1.13881 -1041.99
°OH^0 -12.5486 1.19331 -1035.8
°OH^0 -15.6588 -2.02822 -1018.68
°OH^0 -13.5786 -2.04115 -1018.84
°OH^0 -16.5885 -4.48437 -1015.16
°OH^0 -18.3927 -7.17209 -1017.22
°OH^0 -18.4141 -7.92638 -1013.02
°OH^0 -11.0679 -4.00816 -1008.07
°OH^0 -13.0875 -1.80966 -1007.44
°OH^0 -13.2683 -2.70081 -1001.56
°OH^0 -13.2183 -2.6743 -1001.86
°OH^0 -13.3859 -4.11702 -996.087
°OH^0 -13.3877 -3.89859 -996.064
°OH^0 -14.7942 -3.73162 -993.499
°OH^0 -12.606 0.870222 -994.262
°OH^0 -17.9411 -1.75203 -988.009
°OH^0 -18.4423 -3.93308 -990.263
°OH^0 -14.5275 -6.54026 -982.204
°OH^0 -13.533 -3.38593 -986.325
°OH^0 -12.5736 -5.09617 -975.895
°OH^0 -15.9832 -4.31419 -975.455
°OH^0 -11.6675 -3.29665 -973.452
°OH^0 -13.5648 -3.84528 -975.051
°OH^0 -17.8097 -2.40848 -974.966
°OH^0 -14.394 -3.90662 -967.216
°OH^0 -15.546 -2.56793 -957.612
°OH^0 -14.3518 -4.17247 -952.375
°OH^0 -13.1212 -6.24523 -953.404
°OH^0 -12.8906 -4.34423 -954.687
°OH^0 -15.2047 -4.67932 -954.01
°OH^0 -13.9901 -5.01472 -943.165
°OH^0 -13.6868 -4.88388 -935.595
°OH^0 -16.0117 -6.42006 -934.646
°OH^0 -15.0636 -6.57929 -934.311
°OH^0 -13.0732 -4.79958 -927.363
°OH^0 -13.6286 -6.55531 -915.118
°OH^0 -14.9804 -6.51064 -912.049
°OH^0 -17.3672 -5.88581 -909.08
°OH^0 -17.5652 -4.8654 -913.166
°OH^0 -16.1978 -6.88676 -907.418
°OH^0 -14.2539 -7.33875 -905.764
°OH^0 -15.225 -6.45582 -904.149
°OH^0 -14.6362 -6.34912 -904.75
°OH^0 -16.2261 -10.9788 -895.766
°OH^0 -14.6459 -10.0881 -887.005
°OH^0 -14.6126 -5.35245 -878.477
°OH^0 -13.7119 -9.3938 -874.321
°OH^0 -12.9009 -10.0082 -874.049
°OH^0 -11.6796 -6.90094 -864.546
°OH^0 -14.7878 -7.79597 -864.549
°OH^0 -16.0495 -9.60821 -862.44
°OH^0 -22.081 -5.59739 -845.256
°OH^0 -22.144 -5.82941 -845.636
°OH^0 -21.1797 -5.22061 -846.204
°OH^0 -21.5974 -5.86394 -845.715
°OH^0 -24.4262 -3.03889 -842.144
°OH^0 -24.0082 -4.09917 -842.946
°OH^0 -23.4996 -3.06798 -840.416
°OH^0 -28.9159 -4.62382 -833.864
°OH^0 -31.3739 -0.921251 -828.339
°OH^0 -32.8727 -2.56422 -827.567
°OH^0 -36.5791 2.58129 -812.98
°OH^0 -38.2356 2.42495 -815.871
°OH^0 -35.9209 2.77887 -813.706
°OH^0 -38.339 7.45894 -811.852
°OH^0 -41.1554 4.78909 -804.12
°OH^0 -41.5714 5.09206 -798.701
°OH^0 -44.179 6.3715 -800.16
°OH^0 -46.3271 5.96039 -796.791
°OH^0 -45.3705 7.56073 -793.865
°OH^0 -46.4339 7.83969 -793.352
°OH^0 -48.0934 9.80274 -786.006
°OH^0 -55.6213 16.2115 -763.637
°OH^0 -56.224 15.9866 -763.176
°OH^0 -58.1987 13.6729 -764.869
°OH^0 -58.8356 14.2358 -761.297
°OH^0 -64.3059 19.9813 -749.808
°OH^0 -63.8668 20.4722 -749.63
°OH^0 -68.5558 23.0941 -742.638
°OH^0 -68.8438 22.6819 -744.294
°OH^0 -70.6408 23.7996 -738.899
°OH^0 -70.045 23.4738 -739.152
°OH^0 -77.5076 27.0598 -730.725
°OH^0 -75.5711 25.6574 -730.877
°OH^0 -78.4945 31.3032 -721.599
°OH^0 -85.3297 34.462 -716.296
°OH^0 -83.4079 33.4666 -717.735
°OH^0 -94.9531 37.7456 -698.367
°OH^0 -95.4743 37.831 -697.802
°OH^0 -91.5806 38.9737 -701.959
°OH^0 -98.6944 40.0958 -691.28
°OH^0 -98.6559 40.0714 -691.246
°OH^0 -98.4217 41.8291 -686.328
°OH^0 -99.1221 42.0223 -686.502
°OH^0 -101.421 43.161 -685.905
°OH^0 -99.2753 42.582 -682.744
°OH^0 -99.9619 44.9484 -685.073
°OH^0 -101.283 44.1668 -684.654
°OH^0 -99.8275 42.2694 -683.452
°OH^0 -100.041 45.485 -682.645
°OH^0 -102.73 43.4695 -681.94
°OH^0 -104.154 40.4748 -681.894
°OH^0 -104.964 46.815 -677.708
°OH^0 -104.444 46.5381 -677.344
°OH^0 -108.835 47.0916 -670.536
°OH^0 -109.667 48.0309 -670.666
°OH^0 -109.046 45.2846 -669.026
°OH^0 -115.029 51.0219 -660.932
°OH^0 -115.207 50.6317 -662.333
°OH^0 -122.889 56.8304 -644.871
°OH^0 -134.477 63.2994 -630.788
°OH^0 -134.566 61.2131 -631.326
°OH^0 -136.43 65.4818 -625.95
°OH^0 -137.842 62.572 -629.982
°OH^0 -140.966 66.9225 -621.262
°OH^0 -144.06 71.3911 -620.077
°OH^0 -143.684 75.286 -610.91
°OH^0 -153.574 74.3426 -598.721
°OH^0 -160.419 76.1981 -594.555
°OH^0 -162.549 76.3547 -595.4
°OH^0 -163.251 79.4372 -586.314
°OH^0 -164.349 80.4051 -586.933
°OH^0 -171.029 82.891 -577.955
°OH^0 -171.309 83.5924 -578.476
°OH^0 -178.514 89.5572 -569.412
°OH^0 -183.396 90.9765 -565.961
°OH^0 -183.438 93.7088 -553.59
°OH^0 -183.42 92.9411 -553.602
°OH^0 -184.689 93.9128 -558.311
°OH^0 -196.537 96.8451 -544.265
°OH^0 -195.413 100.359 -541.597
°OH^0 -206.33 107.485 -532.007
°OH^0 -205.75 104.62 -528.08
°OH^0 -205.427 104.52 -527.955
°OH^0 -213.082 104.028 -525.493
°OH^0 -212.335 109.463 -525.973
°OH^0 -214.127 106.531 -521.981
°OH^0 -220.514 113.158 -514.05
°OH^0 -220.293 111.848 -513.14
°OH^0 -221.529 116.981 -512.083
°OH^0 -223.999 115.892 -509.286
°OH^0 -228.059 119.151 -506.299
°OH^0 -227.993 117.968 -502.499
°OH^0 -237.483 125.302 -490.094
°OH^0 -239.484 129.015 -484.532
°OH^0 -246.68 133.534 -471.622
°OH^0 -265.593 148.559 -454.081
°OH^0 -271.015 155.388 -442.295
°OH^0 -273.672 152.394 -437.546
°OH^0 -273.635 153.269 -437.729
°OH^0 -273.643 153.882 -433.747
°OH^0 -276.034 152.675 -428.206
°OH^0 -281.331 156.485 -423.908
°OH^0 -281.649 155.868 -424.645
°OH^0 -280.316 159.67 -424.47
°OH^0 -293.467 161.341 -411.312
°OH^0 -310.422 174.439 -384.903
°OH^0 -312.461 176.852 -387.967
°OH^0 -311.861 177.021 -387.915
°OH^0 -311.165 175.77 -386.406
°OH^0 -561.628 315.058 -490.48
°OH^0 -561.638 314.988 -490.957
°OH^0 -561.932 311.974 -500.236
°OH^0 -558.083 310.595 -517.923
°OH^0 -534.905 269.58 -523.043
°OH^0 -539.283 260.538 -520.777
°OH^0 -536.645 265.937 -514.173
°OH^0 -533.782 264.078 -504.906
°OH^0 -529.502 264.61 -494.805
°OH^0 -523.611 265.743 -489.37
°OH^0 -521.445 266.242 -486.643
°OH^0 -519.185 265.831 -484.486
°OH^0 -518.728 266.044 -483.665
°OH^0 -517.09 265.977 -484.557
°OH^0 -506.772 268.213 -473.243
°OH^0 -502.277 266.901 -468.473
°OH^0 -502.042 266.927 -468.339
°OH^0 -492.094 265.497 -460.028
°OH^0 -487.123 265.513 -455.001
°OH^0 -486.099 262.702 -454.466
°OH^0 -482.668 260.449 -452.809
°OH^0 -482.106 260.305 -450.697
°OH^0 -482.266 260.058 -449.957
°OH^0 -477.553 257.835 -444.143
°OH^0 -478.999 258.235 -444.785
°OH^0 -478.675 258.284 -445.349
°OH^0 -473.522 252.501 -440.101
°OH^0 -462.768 249.445 -427.329
°OH^0 -461.947 251.611 -425.161
°OH^0 -456.555 249.27 -417.052
°OH^0 -449.928 247.215 -410.576
°OH^0 -449.546 246.23 -410.22
°OH^0 -448.536 247.325 -409.053
°OH^0 -446.427 244.778 -405.02
°OH^0 -444.018 244.559 -403.371
°OH^0 -442.114 244.414 -403.925
°OH^0 -439.354 240.294 -392.121
°OH^0 -439.046 240.883 -392.226
°OH^0 -428.724 229.739 -375.976
°OH^0 -413.125 217.704 -361.078
°OH^0 -400.373 212.75 -355.984
°OH^0 -396.375 211.647 -356.906
°OH^0 -395.478 211.014 -354.261
°OH^0 -395.534 211.099 -352.649
°OH^0 -386.933 207.408 -349.741
°OH^0 -381.609 206.772 -349.55
°OH^0 -371.757 203.898 -351.66
°OH^0 -356.077 199.009 -354.635
°OH^0 -344.982 195.367 -355.254
°OH^0 -329.433 188.981 -365.864
°OH^0 -314.445 176.302 -381.531
°OH^0 -312.004 175.348 -382.932
°OH^0 -312.937 175.359 -383.318
°OH^0 -305.661 169.938 -391.692
°OH^0 -299.067 167.041 -402.485
°OH^0 -296.56 165.327 -405.814
°OH^0 -292.518 163.763 -412.239
°OH^0 -276.509 153.74 -433.505
°OH^0 -275.604 154.366 -432.891
°OH^0 -272.107 152.595 -437.521
°OH^0 -274.742 152.332 -438.333
°OH^0 -269.695 149.319 -442.688
°OH^0 -269.381 149.2 -443.243
°OH^0 -263.741 144.011 -450.301
°OH^0 -263.114 145.073 -451.522
°OH^0 -262.472 145.23 -452.06
°OH^0 -262.651 143.641 -449.722
°OH^0 -254.489 140.344 -462.63
°OH^0 -250.414 136.847 -469.551
°OH^0 -250.338 133.245 -469.513
°OH^0 -251.856 136.438 -470.711
°OH^0 -247.235 133.476 -470.87
°OH^0 -248.829 133.993 -473.958
°OH^0 -246.942 134.281 -476.271
°OH^0 -242.455 126.775 -483.149
°OH^0 -240.687 130.658 -482.326
°OH^0 -236.324 123.769 -491.458
°OH^0 -232.95 121.615 -495.262
°OH^0 -227.851 117.517 -504.026
°OH^0 -224.375 115.712 -507.827
°OH^0 -223.35 117.249 -507.336
°OH^0 -219.21 113.327 -515.314
°OH^0 -221.075 112.927 -514.313
°OH^0 -213.23 108.739 -522.724
°OH^0 -213.794 105.192 -526.026
°OH^0 -209.077 105.912 -525.284
°OH^0 -209.974 107.158 -527.044
°OH^0 -209.773 106.763 -527.361
°OH^0 -199.77 104.977 -538.115
°OH^0 -200.593 101.765 -538.306
°OH^0 -199.141 98.7311 -540.771
°OH^0 -193.446 97.4332 -547.798
°OH^0 -188.945 97.0495 -553.068
°OH^0 -186.996 92.9508 -556.118
°OH^0 -182.725 92.0906 -561.477
°OH^0 -181.577 90.3072 -563.985
°OH^0 -181.037 90.4825 -564.197
°OH^0 -181.058 89.857 -563.918
°OH^0 -180.004 90.1577 -568.478
°OH^0 -179.902 88.7074 -570.494
°OH^0 -177.451 87.9311 -569.835
°OH^0 -174.708 88.0707 -571.745
°OH^0 -170.611 84.1294 -581.024
°OH^0 -166.457 82.514 -582.171
°OH^0 -159.514 78.2742 -591.875
°OH^0 -158.543 78.7006 -593.589
°OH^0 -160.25 79.6624 -594.585
°OH^0 -161.229 76.7031 -593.949
°OH^0 -160.027 79.6243 -593.589
°OH^0 -160.196 75.2433 -597.295
°OH^0 -156.565 74.1434 -598.469
°OH^0 -151.764 73.1411 -602.507
°OH^0 -148.881 71.4858 -608.011
°OH^0 -149.595 70.9242 -608.317
°OH^0 -148.756 69.8309 -609.07
°OH^0 -141.781 67.0827 -619.165
°OH^0 -141.001 66.4652 -620.499
°OH^0 -140.442 66.875 -621.115
°OH^0 -141.798 69.1437 -621.212
°OH^0 -137.487 65.2174 -623.496
°OH^0 -139.036 65.0762 -623.387
°OH^0 -135.345 64.7538 -626.673
°OH^0 -134.106 64.1943 -628.338
°OH^0 -133.611 62.339 -630.198
°OH^0 -133.836 62.8668 -629.394
°OH^0 -127.975 58.4423 -635.79
°OH^0 -125.497 59.8867 -640.189
°OH^0 -128.682 59.0195 -642.3
°OH^0 -122.713 55.8717 -647.55
°OH^0 -121.003 54.885 -651.206
°OH^0 -118.363 53.5333 -653.768
°OH^0 -118.937 54.0804 -653.412
°OH^0 -118.865 54.1436 -654.049
°OH^0 -118.951 53.6577 -653.472
°OH^0 -118.165 52.0219 -656.826
°OH^0 -117.505 53.0912 -656.619
°OH^0 -110.67 49.3953 -663.121
°OH^0 -112.307 50.7086 -664.668
°OH^0 -110.331 46.8146 -669.403
°OH^0 -109.739 47.294 -670.992
°OH^0 -107.957 49.7969 -672.174
°OH^0 -107.261 47.1199 -674.734
°OH^0 -108.662 45.959 -676.55
°OH^0 -106.023 45.0599 -676.531
°OH^0 -105.643 45.3956 -676.641
°OH^0 -106.501 45.3635 -676.913
°OH^0 -106.04 45.4386 -677.161
°OH^0 -108.819 43.0725 -677.61
°OH^0 -103.939 44.4436 -679.772
°OH^0 -106.144 43.0743 -679.671
°OH^0 -99.9977 42.178 -685.937
°OH^0 -95.1219 42.1339 -691.628
°OH^0 -94.4107 38.2603 -696.377
°OH^0 -93.3845 39.5231 -700.952
°OH^0 -91.6903 36.6293 -702.275
°OH^0 -91.4153 37.5049 -699.009
°OH^0 -90.1196 36.6964 -704.022
°OH^0 -85.6142 31.2569 -707.802
°OH^0 -85.6471 32.8845 -711.086
°OH^0 -83.7736 32.8435 -714.963
°OH^0 -82.8767 30.7975 -717.476
°OH^0 -80.7867 27.9258 -720.612
°OH^0 -72.9363 26.9336 -733.013
°OH^0 -73.006 24.3574 -734.848
°OH^0 -70.3506 24.5371 -738.358
°OH^0 -69.9215 22.6293 -739.961
°OH^0 -69.4767 19.6951 -742.125
°OH^0 -68.8633 22.0791 -744.377
°OH^0 -67.2533 22.4828 -741.548
°OH^0 -68.5864 22.1825 -742.171
°OH^0 -68.1811 21.729 -742.656
°OH^0 -61.5249 17.0603 -756.802
°OH^0 -59.4826 15.3956 -760.722
°OH^0 -57.4239 13.4654 -762.995
°OH^0 -54.2118 12.7308 -773.908
°OH^0 -48.676 10.3821 -780.685
°OH^0 -48.7759 12.0732 -785.515
°OH^0 -48.1306 8.74094 -788.379
°OH^0 -48.2998 8.36297 -786.248
°OH^0 -47.1622 11.3238 -790.913
°OH^0 -48.7319 7.17435 -794.167
°OH^0 -45.9162 7.48856 -791.447
°OH^0 -45.5686 8.84646 -793.704
°OH^0 -43.0302 4.5763 -798.947
°OH^0 -42.5529 4.79915 -800.068
°OH^0 -40.2128 3.9464 -804.744
°OH^0 -42.1919 5.15548 -809.566
°OH^0 -37.0253 2.07603 -815.673
°OH^0 -33.2888 0.634076 -825.313
°OH^0 -31.8995 -0.839745 -827.699
°OH^0 -29.1323 -1.34706 -829.038
°OH^0 -32.0145 0.533409 -829.351
°OH^0 -28.22 -1.01162 -831.218
°OH^0 -26.2251 -3.34093 -841.196
°OH^0 -22.9702 -4.19677 -843.994
°OH^0 -21.313 -4.73548 -843.4
°OH^0 -21.8069 -4.12003 -846.682
°OH^0 -21.7363 -2.94579 -847.93
°OH^0 -18.2573 -7.15381 -853.868
°OH^0 -15.2714 -8.10838 -863.748
°OH^0 -15.1444 -7.76052 -863.431
°OH^0 -16.0599 -6.49223 -867.397
°OH^0 -16.0587 -5.50479 -871.673
°OH^0 -15.3026 -5.9337 -871.131
°OH^0 -16.4887 -8.31264 -870.756
°OH^0 -14.8343 -8.5757 -874.791
°OH^0 -15.2288 -6.13517 -879.03
°OH^0 -15.0732 -10.0165 -876.393
°OH^0 -13.6079 -7.22569 -877.809
°OH^0 -15.2493 -7.78236 -882.216
°OH^0 -14.5919 -6.61398 -881.669
°OH^0 -15.1104 -4.23168 -885.385
°OH^0 -15.164 -7.70581 -888.213
°OH^0 -15.0704 -6.9069 -899.5
°OH^0 -14.425 -6.81918 -899.162
°OH^0 -14.7291 -6.40656 -903.399
°OH^0 -15.1427 -5.93683 -909.703
°OH^0 -16.8674 -7.1856 -909.306
°OH^0 -15.5808 -6.03749 -908.423
°OH^0 -14.3304 -8.13267 -913.859
°OH^0 -16.6875 -8.12888 -915.82
°OH^0 -12.724 -6.7708 -918.899
°OH^0 -16.0306 -4.52641 -920.918
°OH^0 -18.3653 -5.30033 -922.756
°OH^0 -14.12 -5.86141 -927.085
°OH^0 -14.0571 -5.91306 -927.25
°OH^0 -14.519 -6.18386 -927.359
°OH^0 -16.3422 -5.46747 -933.672
°OH^0 -15.6901 -5.51831 -932.474
°OH^0 -14.5704 -3.73262 -934.497
°OH^0 -13.3884 -6.18496 -933.948
°OH^0 -16.0902 -4.54954 -931.248
°OH^0 -14.3263 -4.85311 -938.199
°OH^0 -14.6126 -5.58425 -938.566
°OH^0 -14.4821 -5.21057 -941.736
°OH^0 -13.9388 -5.21095 -942.84
°OH^0 -14.9285 -5.01085 -946.191
°OH^0 -13.8376 -2.89458 -955.515
°OH^0 -15.8517 -5.38956 -957.084
°OH^0 -14.4684 -4.26997 -959.512
°OH^0 -17.0046 -4.2872 -965.614
°OH^0 -14.1817 -3.40469 -974.431
°OH^0 -13.1429 -1.27267 -974.534
°OH^0 -13.4508 -4.72271 -974.383
°OH^0 -14.2175 -3.47163 -978.469
°OH^0 -11.9697 -2.90311 -998.386
°OH^0 -13.2877 -2.75406 -999.734
°OH^0 -14.0047 -2.68411 -1008.06
°OH^0 -14.8943 -2.11681 -1008.32
°OH^0 -14.2127 -0.11862 -1009.68
°OH^0 -12.5235 -0.249841 -1016.11
°OH^0 -14.0191 -3.44602 -1015.22
°OH^0 -10.4145 -2.3163 -1019.63
°OH^0 -13.3875 -1.68165 -1027.12
°OH^0 -12.275 -2.13172 -1030.6
°OH^0 -12.4794 -3.29101 -1031.18
°OH^0 -11.9672 -2.93859 -1029.55
°OH^0 -12.715 -1.24508 -1032.81
°OH^0 -16.4626 0.0983249 -1032.4
°OH^0 -11.7524 0.104664 -1032.22
°OH^0 -15.4516 -0.769001 -1036.96
°OH^0 -13.2469 -1.3208 -1040.06
°OH^0 -13.9703 -2.18555 -1040.99
°OH^0 -13.0219 -1.06701 -1044.19
°OH^0 -12.9293 -3.09198 -1048.37
°OH^0 -12.5917 -0.442667 -1047.78
°OH^0 -13.1516 -0.599176 -1047.89
°OH^0 -13.0722 -0.507011 -1054.07
°OH^0 -12.8706 -1.22986 -1053.49
°OH^0 -15.8324 -0.571118 -1065.28
°OH^0 -13.1262 -1.79182 -1067.19
°OH^0 -13.3532 -2.38134 -1066.21
°OH^0 -11.4071 -0.333658 -1067.42
°OH^0 -14.8186 -1.01176 -1071.71
°OH^0 -11.5988 -0.978669 -1073.23
°OH^0 -12.122 -0.424799 -1077.7
°OH^0 -12.1093 -0.90682 -1077.1
°OH^0 -11.5684 -1.35586 -1077.39
°OH^0 -11.4273 -1.31655 -1081.35
°OH^0 -11.8876 -0.283778 -1082.71
°OH^0 -14.0192 1.85806 -1085.74
°OH^0 -11.3625 0.569938 -1087.36
°OH^0 -11.5383 -0.200958 -1086.83
°OH^0 -10.6707 -0.84318 -1095.69
°OH^0 -10.1292 1.15367 -1098.96
°OH^0 -10.5477 1.30073 -1099.48
°OH^0 -11.0462 2.00092 -1102.01
°OH^0 -12.0961 0.112911 -1104.7
°OH^0 -11.9423 -0.911644 -1103.74
°OH^0 -12.0037 0.420779 -1107.84
°OH^0 -11.4194 0.811045 -1120.55
°OH^0 -8.17491 -0.772155 -1121.03
°OH^0 -10.7393 0.715188 -1127.18
°OH^0 -10.9011 -0.242878 -1128.86
°OH^0 -12.39 -0.139785 -1125.58
°OH^0 -10.2558 0.994089 -1130.31
°OH^0 -10.6129 -0.204586 -1127.01
°OH^0 -9.8886 0.75347 -1137.16
°OH^0 -9.72687 0.967867 -1139.86
°OH^0 -11.7907 -0.223931 -1143.28
°OH^0 -9.00126 1.37721 -1147.87
°OH^0 -7.63375 2.49924 -1154.73
°OH^0 -9.5256 1.17848 -1166.83
°OH^0 -9.43028 1.19906 -1165.73
°OH^0 -8.1724 1.6062 -1168.71
°OH^0 -8.88843 1.25108 -1170.99
°OH^0 -8.70641 0.95402 -1169.57
°OH^0 -10.372 -1.27279 -1179.82
°OH^0 -12.2654 2.30809 -1173.05
°OH^0 -9.4487 2.47348 -1173.13
°OH^0 -10.5449 2.31217 -1174.86
°OH^0 -6.62904 3.32526 -1182.9
°OH^0 -9.21239 3.12861 -1180.93
°OH^0 -10.6672 0.512032 -1194.13
°OH^0 -9.41121 5.5142 -1196.02
°OH^0 -9.33595 2.93799 -1196.18
°OH^0 -8.78734 3.72451 -1200.65
°OH^0 -5.74014 3.09347 -1203.01
°OH^0 -5.32381 2.98117 -1202.69
°OH^0 -7.40348 2.67935 -1203.21
°OH^0 -10.5297 2.84202 -1204.8
°OH^0 -5.32185 -2.25746 -1206.16
°OH^0 -9.27066 2.52171 -1210.97
°OH^0 -8.34999 2.01449 -1211.15
°OH^0 -8.5464 1.02561 -1219.68
°OH^0 -9.18442 2.15047 -1224.09
°OH^0 -6.62849 2.48885 -1224.44
°OH^0 -8.28563 5.11041 -1226.23
°OH^0 -8.20757 2.58453 -1229.23
°OH^0 -7.76982 2.85985 -1229.24
°OH^0 -11.9865 4.25211 -1231.85
°OH^0 -7.6789 1.19757 -1237.44
°OH^0 -7.47651 2.4062 -1243.19
°OH^0 -7.63279 2.1125 -1244.61
°OH^0 -10.2957 1.81147 -1243.99
°OH^0 -7.37238 1.59189 -1244.4
°OH^0 -7.37171 2.42502 -1246.03
°OH^0 -7.51591 2.43966 -1246.59
°OH^0 -8.90553 1.53644 -1248.7
°OH^0 -5.4042 3.22932 -1248.41
°OH^0 -8.60285 0.71201 -1250.09
°OH^0 -7.39441 0.256872 -1249.32
°OH^0 -7.39522 0.644595 -1251.68
°OH^0 -7.65275 0.682907 -1251.9
°OH^0 -6.3472 3.3473 -1257.02
°OH^0 -5.65428 3.27421 -1265.13
°OH^0 -7.09639 1.73625 -1268.86
°OH^0 -5.01301 6.73259 -1270.86
°OH^0 -6.87373 6.01914 -1282.84
°OH^0 -7.3621 3.58127 -1280.59
°OH^0 -8.73936 4.23009 -1288.99
°OH^0 -7.70473 3.00472 -1285.77
°OH^0 -7.48267 2.43824 -1287.74
°OH^0 -3.75663 2.76624 -1302.24
°OH^0 -5.67411 2.31339 -1305.97
°OH^0 -5.66357 1.91365 -1306.3
°OH^0 -5.82412 1.70177 -1306.65
°OH^0 -6.15951 1.99605 -1306.88
°OH^0 -5.89751 2.64256 -1306.2
°OH^0 -6.33317 1.81794 -1306.05
°OH^0 -6.99207 2.8866 -1307.99
°OH^0 -8.06259 2.75566 -1308.68
°OH^0 -4.91205 2.63009 -1327.06
°OH^0 -4.92353 1.96528 -1327.39
°OH^0 -7.19009 0.475982 -1325.78
°OH^0 -5.25691 3.23738 -1329.14
°OH^0 -3.62772 2.40169 -1337.3
°OH^0 -4.55101 1.51516 -1339.52
°OH^0 -4.38844 3.33619 -1345.45
°OH^0 -4.38181 1.55338 -1346.23
°OH^0 -2.08616 2.02825 -1349.66
°OH^0 -4.24229 1.43914 -1348.63
°OH^0 -5.90895 0.595438 -1354.99
°OH^0 -3.96511 1.86762 -1356.95
°OH^0 -10.1062 -2.07044 -1356.04
°OH^0 -4.24755 1.80406 -1362.8
°OH^0 -3.74257 1.16309 -1363.03
°OH^0 -4.73132 -0.503766 -1360.81
°OH^0 -5.1573 0.398785 -1361
°OH^0 -5.30774 1.57128 -1362.48
°OH^0 -4.18481 4.96385 -1367.28
°OH^0 -5.11681 1.51216 -1370.6
°OH^0 -2.95908 -0.0869151 -1380.85
°OH^0 -3.70559 0.634934 -1379.92
°OH^0 -2.12785 -0.0142909 -1389.08
°OH^0 -2.29408 0.486793 -1390.68
°OH^0 -2.37596 0.0300064 -1390.76
°OH^0 -3.84724 1.80894 -1391.94
°OH^0 -2.69343 0.344077 -1392.82
°OH^0 -2.43219 0.209048 -1406.82
°OH^0 -4.13212 -1.74518 -1408.84
°OH^0 -2.2303 0.149012 -1408.87
°OH^0 -2.75448 -0.89893 -1411.51
°OH^0 -2.35802 1.00997 -1410.54
°OH^0 -0.791962 -1.55109 -1411.18
°OH^0 1.67058 -2.84026 -1414.34
°OH^0 -2.15003 0.12793 -1414.72
°OH^0 -1.9556 0.169492 -1420.46
°OH^0 -0.844816 -0.228052 -1436.9
°OH^0 -1.04092 -0.00306234 -1449.61
°OH^0 -3.06702 1.60054 -1450.9
°OH^0 -0.327771 -0.175766 -1459.75
°OH^0 0.6204 -0.86573 -1459.82
°OH^0 0.510093 0.557192 -1477.34
°OH^0 -0.00675335 -0.0144681 -1477.41
°OH^0 0.0071405 0.0100702 -1480.97
°OH^0 -0.113158 -0.02824 -1484.41
°OH^0 -0.0376092 -0.00205653 -1494.99
°OH^0 0.483169 -1.59581 -1497.12
°OH^0 0.0426218 -0.0820655 -1495.98
°OH^0 0.113597 0.324161 -1499.04
°OH^0 -0.0395507 -0.56444 -1499.31
°OH^0 -207.197 105.839 -529.996
°OH^0 -4.28722 1.515 -1347.82
°OH^0 -6.99744 2.4782 -1275.67
°OH^0 -13.9815 -5.71482 -915.164
°OH^0 -61.4293 16.5527 -757.83
°OH^0 -82.9542 30.9488 -719.678
°OH^0 -82.2464 30.975 -719.321
°OH^0 -489.326 264.978 -457.95
°OH^0 -362.107 201.326 -352.939
°OH^0 -348.97 197.203 -355.653
°OH^0 -295.54 165.168 -407.586
°OH^0 -289.699 162.021 -415.399
°OH^0 -265.269 146.375 -448.687
°OH^0 -250.493 135.821 -469.543
°OH^0 -214.339 109.965 -520.861
°OH^0 -201.2 102.172 -537.692
°OH^0 -128.542 59.4455 -638.208
°OH^0 -109.552 47.6256 -669.981
°OH^0 -109.386 47.7161 -670.149
°OH^0 -97.0082 39.957 -692.092
°OH^0 -95.4115 38.7753 -694.345
°OH^0 -95.215 39.2507 -694.414
°OH^0 -77.8442 27.462 -726.169
°OH^0 -69.9641 22.8158 -739.895
°OH^0 -57.8343 14.5137 -766.4
°OH^0 -57.1831 14.2448 -766.76
°OH^0 -40.3925 3.84436 -806.968
°OH^0 -40.0578 4.30664 -806.529
°OH^0 -29.5452 -1.70019 -829.648
°OH^0 -30.2249 -1.20076 -829.418
°OH^0 -26.7633 -2.37336 -836.996
°OH^0 -26.55 -2.58622 -836.216
°OH^0 -24.9807 -3.25076 -840.05
°OH^0 -23.1397 -3.91934 -843.738
°OH^0 -14.9481 -7.38886 -877.146
°OH^0 -15.2266 -6.80366 -895.18
°OH^0 -14.8498 -6.24226 -916.549
°OH^0 -14.5222 -4.6361 -956.454
°OH^0 -14.4982 -4.18258 -955.988
°OH^0 -14.1677 -4.16001 -959.969
°OH^0 -13.531 -1.80864 -1018.52
°OH^0 -13.3157 -1.36773 -1036.83
°OH^0 -12.223 -0.60638 -1065.67
°OH^0 -12.4549 -0.911376 -1065.98
°OH^0 -11.8454 -0.216868 -1083.52
°OH^0 -10.874 0.0744524 -1107.86
°OH^0 -9.19633 1.36111 -1171.41
°OH^0 -9.18361 1.33074 -1175.19
°OH^0 -8.8587 1.58104 -1185.7
°OH^0 -6.95187 2.34972 -1275.43
°OH^0 -4.16768 1.29871 -1346.41
°OH^0 -3.97803 -1.59676 -1410.32
°OH^0 0.950582 -3.93278 -1468.6
°OH^0 0.938432 -3.87252 -1468.71
°OH^0 -2.37148 0.985835 -1435.46
°OH^0 -3.0759 1.18551 -1345.4
°OH^0 -5.39405 0.22612 -1302.15
°OH^0 -6.04278 0.908223 -1301.04
°OH^0 -6.32962 2.22699 -1280.19
°OH^0 -6.53298 1.74113 -1280.23
°OH^0 -6.77719 3.28852 -1276.34
°OH^0 -8.44045 1.24864 -1229.07
°OH^0 -11.1373 1.34297 -1145.61
°OH^0 -10.2158 0.609715 -1124.16
°OH^0 -14.716 1.50082 -1068.53
°OH^0 -12.9309 -4.33534 -996.553
°OH^0 -11.8954 -4.51563 -953.052
°OH^0 -12.7492 -4.60783 -953.569
°OH^0 -14.6563 -5.24003 -932.539
°OH^0 -13.9902 -4.44975 -932.584
°OH^0 -13.7987 -7.74938 -871.33
°OH^0 -14.1711 -7.75172 -870.932
°OH^0 -23.5869 -3.36336 -843.352
°OH^0 -60.6016 15.3338 -756.045
°OH^0 -76.3238 25.8481 -730.743
°OH^0 -76.0198 25.7426 -731.382
°OH^0 -116.512 50.5116 -661.435
°OH^0 -121.266 55.0328 -650.738
°OH^0 -180.475 88.9137 -566.054
°OH^0 -214.027 107.947 -522.276
°OH^0 -224.855 116.239 -506.818
°OH^0 -308.51 172.636 -388.408
°OH^0 -308.619 172.546 -388.399
°OH^0 -534.536 278.462 -518.451
°OH^0 -400.036 212.697 -355.982
°OH^0 -399.988 212.447 -356.124
°OH^0 -277.6 154.331 -432.44
°OH^0 -267.81 149.039 -444.855
°OH^0 -268.769 148.484 -443.639
°OH^0 -268.235 148.499 -444.405
°OH^0 -246.235 132.379 -475.918
°OH^0 -237.468 124.952 -490.267
°OH^0 -237.835 124.961 -490.235
°OH^0 -236.954 124.327 -490.559
°OH^0 -218.538 112.461 -515.729
°OH^0 -201.397 102.25 -537.577
°OH^0 -174.055 84.7617 -576.326
°OH^0 -172.657 84.1235 -573.914
°OH^0 -173.02 85.5791 -575.453
°OH^0 -142.098 67.5265 -618.238
°OH^0 -99.928 41.8478 -686.976
°OH^0 -98.1499 40.8337 -689.262
°OH^0 -98.4033 41.1531 -688.766
°OH^0 -97.7348 40.7207 -692.245
°OH^0 -87.0801 33.4626 -709.752
°OH^0 -76.4106 26.3086 -725.712
°OH^0 -48.6124 7.40635 -790.106
°OH^0 -44.2843 6.33982 -797.747
°OH^0 -29.9269 -0.932006 -829.392
°OH^0 -15.0024 -7.12295 -880.851
°OH^0 -14.6132 -6.4709 -915.265
°OH^0 -14.7431 -6.50131 -920.163
°OH^0 -13.7951 -8.48743 -947.137
°OH^0 -14.7169 -4.23346 -953.633
°OH^0 -12.3094 -3.54103 -959.909
°OH^0 -13.55 -0.338936 -1018.01
°OH^0 -13.5851 -1.23189 -1048.9
°OH^0 -13.2057 -0.384686 -1049.97
°OH^0 -10.8784 -0.0344628 -1084.81
°OH^0 -11.4941 -0.0854289 -1091.32
°OH^0 -10.9774 0.00222105 -1102.77
°OH^0 -10.342 -0.872452 -1105.92
°OH^0 -10.2367 0.465652 -1124.08
°OH^0 -10.1695 1.66529 -1146.85
°OH^0 -7.20547 2.14753 -1222.86
°OH^0 -6.71141 2.77988 -1288.41
°OH^0 -6.61046 2.1585 -1288.31
°OH^0 -6.47794 2.23684 -1293.07
°OH^0 -3.8525 1.06055 -1356.77
°OH^0 -4.54906 1.25777 -1356.02
°OH^0 -1.17223 -0.289113 -1439.51
°OH^0 -1.4008 -0.148567 -1438.83
°OH^0 -0.508546 -0.0868483 -1463.66
°OH^0 -0.00288698 0.0744094 -1473.8
°OH^0 -116.249 50.845 -661.191
°OH^0 -12.4557 -1.11467 -1065.86
H3O^1 4.34399 0.54821 -1487.3
H3O^1 1.8321 -2.45323 -1468.27
H3O^1 0.766182 1.40139 -1407.9
H3O^1 -2.73991 3.28765 -1348.43
H3O^1 -14.3116 -4.65864 -971.282
H3O^1 -21.2973 -6.67354 -853.288
H3O^1 -518.418 265.223 -482.476
H3O^1 -507.21 265.648 -473.42
H3O^1 -473.544 256.856 -441.487
H3O^1 -376.381 205.374 -349.498
H3O^1 -370.146 203.56 -350.157
H3O^1 -361.682 202.216 -353.244
H3O^1 -333.559 192.669 -364.036
H3O^1 -272.519 150.291 -443.922
H3O^1 -224.777 114.294 -507.966
H3O^1 -188.594 93.4047 -552.388
H3O^1 -164.113 79.5609 -588.344
H3O^1 -92.2572 38.6596 -696.476
H3O^1 -89.2345 33.9682 -703.774
H3O^1 -64.5077 17.9442 -749.553
H3O^1 -40.0718 6.87976 -805.727
H3O^1 -13.0769 -3.09542 -987.306
H3O^1 -14.9612 -3.99048 -987.804
H3O^1 -12.5203 0.971576 -1072.66
H3O^1 -11.6613 1.57102 -1156.57
H3O^1 -9.86533 1.06196 -1172.89
H3O^1 -7.45236 1.75526 -1184.35
H3O^1 -9.55642 0.508155 -1216.36
H3O^1 -7.81436 1.44707 -1244.53
H3O^1 -8.66248 2.79233 -1249.1
H3O^1 -4.19316 0.585319 -1337.25
H3O^1 -3.69095 -0.977378 -1375.71
H3O^1 -3.92789 -0.691823 -1430.43
H3O^1 -0.869514 1.73129 -1473.51
H3O^1 0.609259 0.507216 -1482.79
H3O^1 -0.687739 1.20322 -1496.79
H3O^1 -1.81421 1.3011 -1456.18
H3O^1 -5.05552 -1.57797 -1451.8
H3O^1 -2.92912 -0.225169 -1449.37
H3O^1 -4.13014 -0.442763 -1442.41
H3O^1 -1.96145 -0.806736 -1445.74
H3O^1 -2.51204 2.18528 -1389.92
H3O^1 -8.23607 0.511417 -1386.84
H3O^1 -2.80371 0.650348 -1383.27
H3O^1 -3.88342 1.98397 -1373.33
H3O^1 -5.19465 1.29911 -1375.92
H3O^1 -4.73106 3.24773 -1325.15
H3O^1 -4.65369 1.82499 -1305.72
H3O^1 -2.05276 2.56375 -1300.16
H3O^1 -4.32685 1.22277 -1294.11
H3O^1 -1.09924 3.56953 -1256.21
H3O^1 -5.9624 6.57208 -1253.38
H3O^1 -9.46649 2.51224 -1247.95
H3O^1 -7.1044 2.0174 -1231.64
H3O^1 -8.9987 -0.802472 -1225.42
H3O^1 -9.98461 0.3202 -1220.88
H3O^1 -6.96098 1.74332 -1220.35
H3O^1 -8.60304 -0.463877 -1155.43
H3O^1 -9.49928 -1.44363 -1074.69
H3O^1 -12.4125 -3.3802 -1068.43
H3O^1 -15.5754 -4.25494 -939.487
H3O^1 -13.2226 -5.53093 -932.343
H3O^1 -14.0831 -5.61529 -888.208
H3O^1 -15.0657 -7.06458 -877.517
H3O^1 -14.1008 -8.05809 -878.306
H3O^1 -19.2681 -6.32625 -854.641
H3O^1 -36.4847 1.9335 -819.011
H3O^1 -48.0919 5.6458 -791.814
H3O^1 -89.0275 32.8173 -708.944
H3O^1 -105.19 45.597 -677.857
H3O^1 -123.911 54.9967 -648.811
H3O^1 -141.13 63.5521 -617.791
H3O^1 -142.211 67.6128 -616.601
H3O^1 -560.786 312.258 -514.577
H3O^1 -553.64 305.285 -521.551
H3O^1 -548.621 295.87 -517.224
H3O^1 -535.097 274.381 -519.48
H3O^1 -517.555 267.312 -484.18
H3O^1 -502.491 265.625 -468.758
H3O^1 -503.532 264.478 -468.706
H3O^1 -479.71 258.581 -449.481
H3O^1 -475.502 259.203 -439.845
H3O^1 -473.469 254.032 -439.903
H3O^1 -462.869 251.102 -425.443
H3O^1 -441.287 242.87 -397.709
H3O^1 -440.762 243.06 -393.759
H3O^1 -417.443 220.005 -366.845
H3O^1 -413.574 219.939 -362.724
H3O^1 -406.342 214.257 -359.348
H3O^1 -407.218 216.329 -357.697
H3O^1 -404.544 214.312 -357.661
H3O^1 -397.382 211.748 -355.122
H3O^1 -394.138 212.504 -353.524
H3O^1 -393.043 210.079 -355.099
H3O^1 -393.059 208.253 -353.959
H3O^1 -384.18 207.562 -351.002
H3O^1 -379.348 206.785 -350.402
H3O^1 -378.14 205.982 -348.555
H3O^1 -380.189 206.372 -351.522
H3O^1 -344.536 198.511 -357.459
H3O^1 -337.875 193.223 -360.173
H3O^1 -332.171 192.923 -360.269
H3O^1 -335.016 190.639 -364.379
H3O^1 -328.4 186.031 -365.641
H3O^1 -328.937 190.086 -367.869
H3O^1 -327.636 189.894 -366.237
H3O^1 -328.1 188.344 -366.88
H3O^1 -320.842 181.669 -373.618
H3O^1 -312.713 174.037 -383.918
H3O^1 -304.77 171.349 -396.836
H3O^1 -304.151 170.136 -396.22
H3O^1 -301.136 168.152 -399.48
H3O^1 -293.383 163.888 -409.696
H3O^1 -287.373 160.42 -419.3
H3O^1 -282.262 157.392 -424.233
H3O^1 -282.314 158.574 -424.902
H3O^1 -281.335 157.077 -426.804
H3O^1 -276.735 155.917 -432.463
H3O^1 -274.346 152.901 -437.362
H3O^1 -262.449 143.415 -456.236
H3O^1 -259.573 141.808 -455.911
H3O^1 -247.517 133.509 -476.365
H3O^1 -243.802 131.35 -478.307
H3O^1 -241.61 125.996 -485.536
H3O^1 -236.609 125.637 -486.773
H3O^1 -225.266 116.602 -505.212
H3O^1 -226.217 118.166 -504.858
H3O^1 -223.666 114.875 -509.849
H3O^1 -220.074 113.191 -513.066
H3O^1 -218.67 112.111 -516.639
H3O^1 -212.522 110.866 -521.97
H3O^1 -214.03 107.527 -524.611
H3O^1 -209.53 107.172 -526.69
H3O^1 -206.521 101.443 -529.745
H3O^1 -203.53 102.592 -533.194
H3O^1 -202.58 101.113 -534.466
H3O^1 -195.157 98.879 -543.627
H3O^1 -193.807 98.4328 -547.749
H3O^1 -190.558 95.9422 -553.003
H3O^1 -189.687 95.829 -553.144
H3O^1 -186.705 96.1577 -559.417
H3O^1 -185.275 91.2085 -559.568
H3O^1 -180.333 90.8298 -564.494
H3O^1 -174.129 87.9003 -570.289
H3O^1 -164.484 80.4784 -587.99
H3O^1 -161.964 79.3572 -588.925
H3O^1 -155.837 76.7778 -596.831
H3O^1 -152.822 71.6738 -603.031
H3O^1 -148.797 69.3586 -609.068
H3O^1 -144.499 69.9787 -616.092
H3O^1 -139.922 64.9475 -621.055
H3O^1 -137.328 66.4275 -624.482
H3O^1 -126.068 55.6385 -641.232
H3O^1 -119.614 52.3175 -654.459
H3O^1 -115.468 53.3572 -657.411
H3O^1 -111.036 47.2303 -670.229
H3O^1 -112.158 48.6538 -670.709
H3O^1 -106.918 46.742 -674.165
H3O^1 -106.789 45.7985 -677.02
H3O^1 -103.842 45.1435 -681.7
H3O^1 -102.66 44.8652 -681.906
H3O^1 -96.7199 41.4239 -686.756
H3O^1 -98.8813 41.1042 -690.493
H3O^1 -98.4751 40.6811 -692.232
H3O^1 -97.1189 40.3373 -694.56
H3O^1 -93.9982 35.7541 -695.998
H3O^1 -92.9883 38.411 -701.457
H3O^1 -92.365 37.5613 -700.079
H3O^1 -90.3037 33.4201 -703.441
H3O^1 -90.373 35.5198 -705.767
H3O^1 -81.5081 29.8105 -721.621
H3O^1 -77.6802 26.2939 -726.408
H3O^1 -71.5262 24.4766 -737.818
H3O^1 -71.4985 24.6156 -736.77
H3O^1 -67.5608 22.4068 -744.964
H3O^1 -67.9823 20.5235 -746.374
H3O^1 -63.4664 17.5673 -747.177
H3O^1 -64.1557 21.0371 -752.641
H3O^1 -62.7125 17.9798 -755.703
H3O^1 -61.1249 16.9957 -762.271
H3O^1 -58.5255 15.0242 -767.334
H3O^1 -54.4244 13.6199 -769.764
H3O^1 -52.2827 14.3054 -773.409
H3O^1 -51.5439 11.4765 -777.197
H3O^1 -54.0421 12.3552 -774.944
H3O^1 -53.4916 9.77118 -778.334
H3O^1 -52.8976 11.2649 -779.367
H3O^1 -48.3979 10.0106 -785.677
H3O^1 -47.2665 5.09794 -792.566
H3O^1 -46.6214 9.59525 -795.011
H3O^1 -45.8614 5.33764 -793.386
H3O^1 -42.0402 4.06689 -802.155
H3O^1 -41.9254 4.15428 -803.885
H3O^1 -41.3716 5.42845 -803.863
H3O^1 -40.4248 3.1478 -802.532
H3O^1 -39.0585 3.34864 -808.64
H3O^1 -37.0649 1.50974 -812.753
H3O^1 -33.543 2.45572 -814.222
H3O^1 -36.0252 1.67796 -818.642
H3O^1 -31.0822 2.67653 -821.642
H3O^1 -29.3301 -3.93177 -829.542
H3O^1 -26.2943 -2.40795 -834.091
H3O^1 -24.6742 -4.08285 -841.347
H3O^1 -19.6553 -4.74148 -850.809
H3O^1 -20.0351 -4.38549 -849.281
H3O^1 -21.2174 -6.84869 -852.064
H3O^1 -17.0988 -7.7199 -853.353
H3O^1 -18.419 -4.35788 -855.255
H3O^1 -16.3087 -7.95353 -859.037
H3O^1 -15.9142 -6.41379 -865.515
H3O^1 -14.6643 -7.45869 -869.628
H3O^1 -17.0184 -8.86149 -891.524
H3O^1 -14.182 -3.9961 -897.707
H3O^1 -13.006 -7.87359 -899.615
H3O^1 -15.8578 -7.47226 -900.953
H3O^1 -14.7906 -5.24604 -903.572
H3O^1 -15.4773 -5.8691 -907.414
H3O^1 -14.5714 -8.39212 -912.662
H3O^1 -14.1803 -7.4912 -916.051
H3O^1 -14.1248 -2.73581 -918.148
H3O^1 -13.5048 -6.31976 -934.523
H3O^1 -14.3071 -7.17615 -934.771
H3O^1 -13.9331 -3.88489 -948.68
H3O^1 -13.6065 -4.31312 -964.085
H3O^1 -15.8752 -3.00457 -968.83
H3O^1 -15.3154 -2.32355 -980.568
H3O^1 -14.5333 -1.61527 -982.493
H3O^1 -12.5448 -2.01577 -980.745
H3O^1 -13.7833 -3.58742 -986.647
H3O^1 -13.7394 -3.76629 -986.464
H3O^1 -13.7712 -3.8259 -987.911
H3O^1 -12.871 -2.26822 -990.905
H3O^1 -13.7181 -2.67491 -992.244
H3O^1 -13.7555 -4.53948 -992.039
H3O^1 -12.3289 -1.48304 -995.806
H3O^1 -13.272 -3.07869 -996.671
H3O^1 -13.7752 -5.22286 -997.587
H3O^1 -12.7874 -2.317 -996.574
H3O^1 -15.5399 0.508758 -1001.64
H3O^1 -13.6437 -2.06914 -1017.14
H3O^1 -11.7263 -1.28293 -1020.68
H3O^1 -11.6735 -2.14106 -1028.52
H3O^1 -10.9595 -0.206833 -1034.43
H3O^1 -13.5195 -1.98101 -1037.33
H3O^1 -13.7152 -2.63275 -1044.75
H3O^1 -11.1879 -0.331467 -1053.12
H3O^1 -13.3729 -3.5651 -1057.45
H3O^1 -13.7068 -0.521777 -1056.79
H3O^1 -12.2421 0.820306 -1060.56
H3O^1 -12.2595 0.224603 -1068.51
H3O^1 -13.4168 1.74684 -1073.14
H3O^1 -11.654 0.124954 -1086.53
H3O^1 -11.9426 1.7883 -1087.28
H3O^1 -12.5945 0.736624 -1094.3
H3O^1 -13.2569 1.30213 -1093.05
H3O^1 -12.3958 1.83374 -1095.87
H3O^1 -10.7358 -0.817602 -1098.64
H3O^1 -12.5061 -1.09668 -1103.64
H3O^1 -13.011 -0.392509 -1109.69
H3O^1 -10.4006 0.0198885 -1125.85
H3O^1 -9.69585 -0.107369 -1135.08
H3O^1 -11.2442 0.410304 -1136.83
H3O^1 -8.14847 -0.688415 -1139.99
H3O^1 -9.1745 2.18472 -1145.28
H3O^1 -9.98269 1.30746 -1146.85
H3O^1 -7.84681 -2.51566 -1147.04
H3O^1 -10.912 0.754204 -1151.83
H3O^1 -8.33588 -1.87261 -1154.5
H3O^1 -11.5904 1.84032 -1158.69
H3O^1 -8.81972 1.03881 -1160.8
H3O^1 -7.30879 1.87117 -1176.11
H3O^1 -10.1878 2.20357 -1176.41
H3O^1 -8.53384 1.35368 -1177.14
H3O^1 -7.90152 0.982087 -1181.88
H3O^1 -6.54257 0.485445 -1186.69
H3O^1 -9.73818 1.72429 -1196.57
H3O^1 -8.37301 0.847964 -1199.05
H3O^1 -10.7154 2.63674 -1213.3
H3O^1 -9.15572 0.699101 -1224.46
H3O^1 -9.53939 3.34954 -1230.34
H3O^1 -9.02313 2.85145 -1230.36
H3O^1 -8.48823 1.43694 -1234.54
H3O^1 -7.80344 1.66318 -1234.32
H3O^1 -7.84965 3.4734 -1251.1
H3O^1 -8.64389 3.63204 -1249.82
H3O^1 -7.664 3.12476 -1254.03
H3O^1 -8.99695 3.74644 -1258.96
H3O^1 -9.58746 3.31202 -1264.93
H3O^1 -5.95059 1.97724 -1266.18
H3O^1 -6.77897 5.07355 -1267.31
H3O^1 -8.89158 3.26201 -1267.46
H3O^1 -6.33281 2.92459 -1272.72
H3O^1 -8.07103 3.32223 -1278.31
H3O^1 -5.69099 2.87525 -1282.38
H3O^1 -6.93644 2.4501 -1286.91
H3O^1 -5.95803 1.66631 -1300.39
H3O^1 -5.71382 2.16546 -1298.87
H3O^1 -5.99538 2.8973 -1312.98
H3O^1 -4.91699 3.91256 -1313.89
H3O^1 -6.44855 1.34519 -1315.9
H3O^1 -4.77022 2.94605 -1317.26
H3O^1 -6.4025 2.64746 -1320.46
H3O^1 -6.1904 0.541007 -1325.94
H3O^1 -4.4307 2.18474 -1331.88
H3O^1 -4.31047 0.46431 -1338.97
H3O^1 -4.21901 -0.693509 -1342.91
H3O^1 -4.08266 1.49393 -1349.1
H3O^1 -3.39707 0.725567 -1362.48
H3O^1 -3.386 1.96223 -1366.25
H3O^1 -2.94479 2.78492 -1366.16
H3O^1 -4.55223 0.694521 -1374.93
H3O^1 -3.55852 0.584284 -1384.91
H3O^1 -3.24587 0.26177 -1387.63
H3O^1 -2.7642 1.3881 -1391.42
H3O^1 -0.259793 -1.53977 -1397.26
H3O^1 -3.07515 2.21199 -1398.99
H3O^1 -2.14781 1.00337 -1403.5
H3O^1 -2.03752 -1.13072 -1406.98
H3O^1 -1.87815 -3.55287 -1412.85
H3O^1 -3.77156 -0.915319 -1419.67
H3O^1 -1.12091 -1.01629 -1420.17
H3O^1 -5.1032 0.473769 -1421.92
H3O^1 -0.894428 1.03731 -1424.64
H3O^1 -0.314217 0.100507 -1426.64
H3O^1 -2.1421 0.0703297 -1430.8
H3O^1 -0.470533 0.436384 -1436.27
H3O^1 -1.14178 -0.0858867 -1437.01
H3O^1 -0.561748 -2.40354 -1435.73
H3O^1 -2.53364 0.922268 -1439.37
H3O^1 -0.612542 -0.369929 -1456.39
H3O^1 -0.327094 -0.681791 -1456.54
H3O^1 -1.29922 0.942993 -1456.35
H3O^1 0.267179 0.00741271 -1455.97
H3O^1 -1.16694 -1.26425 -1458.86
H3O^1 -1.79937 -0.217962 -1469.56
H3O^1 0.538468 2.87212 -1471.4
H3O^1 1.134 0.840891 -1485.97
H3O^1 0.800561 -1.24166 -1488.25
H3O^1 1.03301 -2.29286 -1494.21
H3O^1 0.218738 -0.0661139 -1499.42
H3O^1 -1.24669 1.07557 -1499.48
H3O^1 -0.618572 -3.36595 -1491.2
H3O^1 1.43889 -1.83559 -1493.26
H3O^1 1.3041 3.80357 -1478.33
H3O^1 -0.396716 -0.51299 -1477.68
H3O^1 0.160101 0.906311 -1478.27
H3O^1 -0.139009 -1.58763 -1471.83
H3O^1 2.75834 1.47639 -1471.95
H3O^1 1.1395 -2.93516 -1468.96
H3O^1 0.692957 1.20688 -1460.62
H3O^1 -0.481129 -0.271853 -1460.88
H3O^1 -2.70309 -4.05256 -1458.62
H3O^1 2.91765 0.608114 -1453.46
H3O^1 -1.46358 -2.64243 -1449.01
H3O^1 1.14982 0.567294 -1444.23
H3O^1 0.722934 0.884716 -1441.43
H3O^1 -1.99638 0.836166 -1437.83
H3O^1 -0.752006 -0.110065 -1435.73
H3O^1 -1.62536 -2.41148 -1431.77
H3O^1 -0.675138 2.30656 -1424.84
H3O^1 -2.75302 -0.372791 -1418.52
H3O^1 -0.824035 0.983884 -1415.45
H3O^1 -3.64376 -0.224743 -1408.86
H3O^1 -2.05996 -2.52137 -1405.16
H3O^1 -1.95294 -0.521223 -1393.5
H3O^1 -3.64305 0.192696 -1389.03
H3O^1 -9.40683 0.704427 -1388.46
H3O^1 -4.80076 -0.0227291 -1383.2
H3O^1 -2.563 0.434962 -1383.34
H3O^1 -3.64886 3.29841 -1381.83
H3O^1 -2.92791 0.0853698 -1381.22
H3O^1 -2.49125 -0.471182 -1378.43
H3O^1 -5.9626 -0.288768 -1375.54
H3O^1 -1.51929 2.43809 -1368.27
H3O^1 0.689746 2.94672 -1367.09
H3O^1 -4.33182 3.37134 -1367.88
H3O^1 -3.23611 1.80441 -1356.63
H3O^1 -1.54638 0.513352 -1342.48
H3O^1 -3.15387 -1.39577 -1344.66
H3O^1 -6.25822 1.81151 -1336.13
H3O^1 -5.78932 1.78082 -1330.23
H3O^1 -6.26978 -0.194899 -1313.1
H3O^1 -4.35745 0.924104 -1313.7
H3O^1 -3.34799 -1.16385 -1316.81
H3O^1 -5.81326 2.60977 -1315.31
H3O^1 -5.53322 0.904374 -1307.19
H3O^1 -4.73869 1.04786 -1306.21
H3O^1 -5.72019 1.82437 -1304.6
H3O^1 -3.734 1.54988 -1302.91
H3O^1 -6.09976 1.46743 -1300.75
H3O^1 -7.39628 1.7393 -1301.76
H3O^1 -5.35061 -0.54314 -1299.63
H3O^1 -7.79459 2.13458 -1295.74
H3O^1 -7.55923 2.29626 -1295.88
H3O^1 -7.3375 3.47511 -1281.62
H3O^1 -6.6107 2.20931 -1279.47
H3O^1 -7.47789 2.07445 -1275.97
H3O^1 -7.28428 1.75197 -1267.68
H3O^1 -8.11397 1.3473 -1258.89
H3O^1 -7.19843 1.75051 -1255.63
H3O^1 -10.5801 2.14225 -1256.86
H3O^1 -6.70638 0.827883 -1248.96
H3O^1 -10.4054 2.56338 -1234.24
H3O^1 -6.01912 -0.117314 -1233.78
H3O^1 -7.42133 2.32055 -1229.92
H3O^1 -7.63609 -0.747388 -1225.26
H3O^1 -10.3225 6.99869 -1222.21
H3O^1 -11.4957 7.69381 -1220.53
H3O^1 -9.0882 2.37592 -1229.24
H3O^1 -9.63724 2.22913 -1225.46
H3O^1 -8.91912 2.19897 -1226.15
H3O^1 -8.2474 3.05792 -1218.71
H3O^1 -6.88407 0.113887 -1203.48
H3O^1 -8.70636 1.98259 -1198.51
H3O^1 -3.73082 3.13865 -1195.64
H3O^1 -9.92491 -1.11218 -1177.2
H3O^1 -6.43807 0.382827 -1180.58
H3O^1 -7.88913 -0.691552 -1180.17
H3O^1 -12.5937 2.71971 -1166.56
H3O^1 -10.844 -0.493409 -1168.11
H3O^1 -9.60191 3.86279 -1151.82
H3O^1 -8.66125 1.87903 -1154.34
H3O^1 -8.96659 -0.859091 -1151.46
H3O^1 -6.34125 0.962567 -1139.02
H3O^1 -11.6853 2.6424 -1139.92
H3O^1 -11.9982 3.30359 -1137.14
H3O^1 -9.28753 -0.416859 -1135.32
H3O^1 -8.42536 0.824854 -1136.33
H3O^1 -10.6556 0.879706 -1128.35
H3O^1 -9.77517 -0.773025 -1123.31
H3O^1 -11.0325 0.169673 -1120.5
H3O^1 -8.64155 -1.3407 -1104.28
H3O^1 -12.1125 1.59253 -1105.45
H3O^1 -11.5637 1.24269 -1091.1
H3O^1 -12.678 -0.438687 -1084.42
H3O^1 -12.1908 -2.48346 -1084.55
H3O^1 -13.4504 8.06149 -1062.23
H3O^1 -12.3149 0.453088 -1068.55
H3O^1 -10.4439 -2.89148 -1065.39
H3O^1 -12.6772 -1.68239 -1038.27
H3O^1 -12.1587 0.159183 -1034.02
H3O^1 -15.5709 0.74996 -1031.52
H3O^1 -14.0867 -1.13057 -1033.71
H3O^1 -13.8787 -3.15562 -1031.06
H3O^1 -13.0275 -0.79417 -1024.6
H3O^1 -11.7793 0.0482371 -1025.72
H3O^1 -15.3519 -1.95158 -1000.94
H3O^1 -11.8552 -4.14495 -993.928
H3O^1 -12.9789 -2.80292 -994.774
H3O^1 -12.533 -3.28816 -994.23
H3O^1 -10.6791 -3.43562 -997.42
H3O^1 -14.0918 -2.19617 -993.618
H3O^1 -12.3894 -0.772392 -994.886
H3O^1 -15.5605 -3.32563 -972.21
H3O^1 -13.5284 -0.807192 -970.051
H3O^1 -14.5802 -2.81586 -967.27
H3O^1 -13.9534 -4.18517 -961.564
H3O^1 -17.7531 -8.7662 -963.875
H3O^1 -12.1345 -3.23879 -950.962
H3O^1 -13.388 -2.47941 -937.74
H3O^1 -14.5365 -8.2046 -923.574
H3O^1 -13.3401 -6.60551 -897.912
H3O^1 -16.1147 -7.46722 -894.086
H3O^1 -13.8031 -6.12333 -892.442
H3O^1 -14.4905 -6.31637 -887.262
H3O^1 -16.0356 -6.43695 -887.097
H3O^1 -16.137 -7.57003 -871.538
H3O^1 -22.1721 -2.7698 -845.559
H3O^1 -22.6603 0.465633 -842.288
H3O^1 -23.3845 -1.75052 -841.335
H3O^1 -29.2703 -1.14354 -829.101
H3O^1 -33.4397 0.746789 -820.951
H3O^1 -35.4031 2.65672 -813.913
H3O^1 -38.8542 1.80205 -815.456
H3O^1 -36.8927 5.97589 -810.335
H3O^1 -42.0353 4.80148 -805.466
H3O^1 -41.7414 4.89835 -803.152
H3O^1 -41.502 4.71431 -804.183
H3O^1 -41.1831 7.13828 -801.93
H3O^1 -45.6958 7.91068 -794.164
H3O^1 -48.9595 5.99811 -790.189
H3O^1 -44.9819 3.67357 -793.068
H3O^1 -48.8042 5.78157 -787.659
H3O^1 -58.8326 9.64366 -777.813
H3O^1 -55.2142 15.1062 -771.632
H3O^1 -59.367 18.2697 -761.89
H3O^1 -57.7553 16.9722 -755.57
H3O^1 -60.8452 16.069 -757.66
H3O^1 -68.4391 22.9798 -743.742
H3O^1 -68.671 23.5187 -742.006
H3O^1 -71.7047 24.4026 -734.916
H3O^1 -82.9536 31.1748 -715.816
H3O^1 -84.7161 31.6282 -714.938
H3O^1 -92.1914 37.2518 -700.02
H3O^1 -96.2181 41.1485 -692.013
H3O^1 -100.004 43.0192 -687.609
H3O^1 -103.22 44.0956 -681.819
H3O^1 -102.502 52.4815 -676.092
H3O^1 -112.579 47.8183 -668.784
H3O^1 -108.747 49.0113 -668.266
H3O^1 -129.346 58.2705 -636.945
H3O^1 -128.352 55.4485 -637.806
H3O^1 -132.778 61.5146 -632.626
H3O^1 -132.826 63.0647 -629.763
H3O^1 -173.257 85.8318 -578.121
H3O^1 -172.074 81.9487 -573.193
H3O^1 -185.11 93.7058 -560.588
H3O^1 -185.656 95.0929 -559.964
H3O^1 -213.073 112.711 -519.378
H3O^1 -219.982 111.735 -517.784
H3O^1 -232.647 119.123 -500.098
H3O^1 -247.489 133.086 -474.927
H3O^1 -276.292 151.755 -433.443
H3O^1 -559.825 314.359 -485.391
H3O^1 -562.91 312.324 -511.193
H3O^1 -560.942 313.19 -513.861
H3O^1 -558.832 312.822 -515.135
H3O^1 -547.94 292.732 -517.957
H3O^1 -546.511 293.54 -518.886
H3O^1 -540.75 283.88 -518.668
H3O^1 -536.683 284.074 -520.77
H3O^1 -535.967 274.28 -518.938
H3O^1 -533.746 270.986 -517.809
H3O^1 -535.741 264.636 -527.515
H3O^1 -539.577 261.291 -526.039
H3O^1 -537.497 261.8 -515.957
H3O^1 -534.458 263.429 -510.928
H3O^1 -535.754 265.177 -505.829
H3O^1 -531.533 264.845 -503.967
H3O^1 -529.372 265.588 -497.901
H3O^1 -531.143 266.745 -496.012
H3O^1 -523.493 266.713 -490.157
H3O^1 -521.698 265.472 -486.946
H3O^1 -523.123 265.79 -485.666
H3O^1 -514.58 264.764 -479.173
H3O^1 -513.996 266.214 -479.689
H3O^1 -511.862 266.173 -476.789
H3O^1 -512.077 264.432 -475.906
H3O^1 -508.821 266.396 -473.399
H3O^1 -509.093 267.162 -473.054
H3O^1 -507.173 265.095 -470.79
H3O^1 -505.617 266.375 -469.703
H3O^1 -498.958 265.751 -467.045
H3O^1 -497.224 267.8 -465.054
H3O^1 -495.623 266.016 -462.736
H3O^1 -496.748 266.691 -463.11
H3O^1 -498.054 264.419 -461.069
H3O^1 -494.795 264.756 -462.476
H3O^1 -489.463 263.068 -459.493
H3O^1 -485.27 262.161 -454.705
H3O^1 -483.774 260.037 -451.851
H3O^1 -481.169 259.395 -449.225
H3O^1 -480.506 259.547 -444.64
H3O^1 -477.881 260.338 -444.524
H3O^1 -476.409 257.152 -442.388
H3O^1 -474.413 258.736 -439.798
H3O^1 -471.969 254.066 -437.799
H3O^1 -473.109 255.636 -436.84
H3O^1 -472.218 256.863 -437.712
H3O^1 -468.915 254.149 -436.798
H3O^1 -468.268 253.688 -434.312
H3O^1 -467.405 253.809 -430.759
H3O^1 -469.769 252.655 -432.741
H3O^1 -464.751 255.623 -430.817
H3O^1 -460.389 250.711 -424.649
H3O^1 -459.407 251.145 -418.826
H3O^1 -457.899 249.269 -421.664
H3O^1 -457.852 250.317 -421.751
H3O^1 -456.814 251.056 -417.655
H3O^1 -455.919 250.098 -418.96
H3O^1 -452.777 247.25 -410.652
H3O^1 -447.91 247.544 -413.261
H3O^1 -447.145 247.289 -409.589
H3O^1 -440.955 245.144 -404.212
H3O^1 -442.014 242.926 -400.571
H3O^1 -441.522 243.789 -400.709
H3O^1 -443.185 243.86 -398.24
H3O^1 -441.716 245.087 -397.928
H3O^1 -441.699 246.879 -398.116
H3O^1 -441.228 245.623 -396.943
H3O^1 -442.379 242.571 -397.75
H3O^1 -440.633 240.839 -393.357
H3O^1 -437.693 241.366 -393.489
H3O^1 -438.245 238.93 -393.868
H3O^1 -437.703 238.484 -386.193
H3O^1 -436.407 235.865 -384.591
H3O^1 -434.739 235.562 -380.846
H3O^1 -433.552 232.358 -379.269
H3O^1 -431.956 233.14 -378.686
H3O^1 -432.407 232.527 -380.529
H3O^1 -431.277 231.421 -378.118
H3O^1 -431.365 231.957 -378.408
H3O^1 -429.878 233.814 -376.224
H3O^1 -427.766 229.465 -376.805
H3O^1 -426.275 226.425 -372.909
H3O^1 -424.406 225.284 -370.165
H3O^1 -421.283 223.677 -368.794
H3O^1 -421.404 222.415 -368.124
H3O^1 -420.126 223.647 -367.93
H3O^1 -419.623 219.364 -368.06
H3O^1 -419.679 221.9 -368.272
H3O^1 -417.209 221.304 -365.341
H3O^1 -417.797 221.017 -364.608
H3O^1 -415.418 219.399 -367.432
H3O^1 -413.24 218.44 -366.119
H3O^1 -414.327 220.258 -362.02
H3O^1 -412.172 216.982 -361.482
H3O^1 -411.056 216.351 -361.187
H3O^1 -409.156 216.94 -360.995
H3O^1 -410.369 213.884 -359.957
H3O^1 -407.963 216.337 -358.795
H3O^1 -405.925 214.988 -358.993
H3O^1 -406.481 212.958 -358.537
H3O^1 -406.12 212.866 -356.533
H3O^1 -405.112 214.001 -357.298
H3O^1 -403.805 214.7 -357.576
H3O^1 -402.646 211.758 -357.493
H3O^1 -401.391 214.345 -358.19
H3O^1 -396.169 212.019 -353.777
H3O^1 -392.065 209.281 -352.211
H3O^1 -376.804 206.531 -351.051
H3O^1 -378.619 205.805 -348.274
H3O^1 -375.907 205.022 -350.297
H3O^1 -372.601 203.519 -350.308
H3O^1 -372.986 204.766 -348.858
H3O^1 -372.58 204.961 -351.942
H3O^1 -372.672 203.093 -352.597
H3O^1 -364.653 202.258 -353.49
H3O^1 -362.61 202.886 -352.854
H3O^1 -361.883 199.761 -352.254
H3O^1 -360.176 200.776 -353.863
H3O^1 -361.35 200.139 -353.115
H3O^1 -357.729 200.457 -354.233
H3O^1 -358.289 199.725 -354.954
H3O^1 -357.199 199.363 -355.225
H3O^1 -356.272 199.578 -354.018
H3O^1 -357.729 198.465 -355.386
H3O^1 -357.168 199.832 -352.3
H3O^1 -353.865 195.766 -353.818
H3O^1 -352.996 199.233 -357.548
H3O^1 -350.586 198.357 -356.189
H3O^1 -350.736 197.541 -355.438
H3O^1 -352.979 196.442 -355.849
H3O^1 -348.792 196.623 -355.299
H3O^1 -344.44 197.138 -357.282
H3O^1 -344.118 195.475 -356.943
H3O^1 -341.593 195.342 -357.543
H3O^1 -338.168 193.857 -358.807
H3O^1 -334.663 195.234 -359.953
H3O^1 -337.098 192.227 -360.321
H3O^1 -336.371 194.487 -361.228
H3O^1 -337.23 194.198 -358.694
H3O^1 -338.8 193.937 -362.851
H3O^1 -336.262 192.238 -362.684
H3O^1 -331.401 191.817 -364.066
H3O^1 -331.509 190.021 -363.853
H3O^1 -332.707 190.474 -364.914
H3O^1 -329.652 189.747 -363.327
H3O^1 -329.544 189.475 -364.948
H3O^1 -327.435 188.655 -366.295
H3O^1 -327.906 189.37 -366.737
H3O^1 -328.601 187.625 -368.549
H3O^1 -327.367 187.995 -367.599
H3O^1 -324.284 187.478 -367.752
H3O^1 -324.99 186.097 -370.598
H3O^1 -323.982 184.657 -368.718
H3O^1 -327.847 183.609 -371.584
H3O^1 -325.221 186.363 -369.478
H3O^1 -324.227 184.067 -371.87
H3O^1 -323.519 184.921 -370.74
H3O^1 -321.897 182.36 -368.046
H3O^1 -323.871 182.129 -372.595
H3O^1 -322.087 182.953 -373.906
H3O^1 -319.591 180.84 -374.014
H3O^1 -319.346 180.706 -374.343
H3O^1 -317.769 177.803 -374.587
H3O^1 -317.496 180.153 -377.006
H3O^1 -319.306 179.73 -377.614
H3O^1 -319.215 178.854 -374.821
H3O^1 -319.487 179.856 -376.033
H3O^1 -316.434 179.737 -377.605
H3O^1 -316.224 177.292 -378.308
H3O^1 -313.355 176.733 -381.585
H3O^1 -313.947 175.963 -380.242
H3O^1 -314.371 176.496 -383.322
H3O^1 -313.505 174.892 -381.941
H3O^1 -313.602 176.997 -382.922
H3O^1 -312.885 176.024 -383.686
H3O^1 -312.23 175.384 -384.666
H3O^1 -312.086 173.642 -386.178
H3O^1 -310.949 173.621 -386.021
H3O^1 -309.214 174.453 -386.112
H3O^1 -308.45 172.436 -388.974
H3O^1 -308.462 173.111 -390.459
H3O^1 -307.683 171.428 -390.851
H3O^1 -307.02 170.057 -391.036
H3O^1 -309.083 172.828 -392.134
H3O^1 -308.851 169.56 -390.999
H3O^1 -306.334 169.707 -391.941
H3O^1 -305.36 170.896 -394.765
H3O^1 -304.53 170.65 -393.656
H3O^1 -305.055 170.862 -391.725
H3O^1 -305.518 169.562 -394.842
H3O^1 -303.324 170.019 -393.562
H3O^1 -303.825 168.312 -396.605
H3O^1 -304.705 168.046 -398.839
H3O^1 -302.109 168.218 -400.301
H3O^1 -302.913 169.468 -398.757
H3O^1 -302.109 169.862 -401.036
H3O^1 -301.06 166.684 -398.89
H3O^1 -302.073 166.792 -399.962
H3O^1 -302.697 167.784 -402.206
H3O^1 -302.141 165.295 -402.047
H3O^1 -302.339 169.282 -401.905
H3O^1 -298.748 169.412 -402.948
H3O^1 -297.775 167.909 -403.377
H3O^1 -298.272 167 -407.033
H3O^1 -297.198 164.408 -405.797
H3O^1 -295.85 165.846 -407.724
H3O^1 -294.64 164.708 -406.421
H3O^1 -297.294 166.814 -407.638
H3O^1 -293.642 162.644 -408.968
H3O^1 -292.722 161.456 -412.774
H3O^1 -292.036 163.355 -411.975
H3O^1 -291.719 161.827 -412.431
H3O^1 -290.284 162.112 -411.819
H3O^1 -291.912 160.133 -413.959
H3O^1 -287.064 159.56 -417.797
H3O^1 -287.266 160.39 -418.179
H3O^1 -285.519 158.23 -416.044
H3O^1 -286.405 160.042 -420.085
H3O^1 -285.981 159.75 -423.302
H3O^1 -285.147 159.234 -421.309
H3O^1 -283.457 159.346 -422.993
H3O^1 -284.972 158.726 -424.611
H3O^1 -281.923 159.386 -421.936
H3O^1 -282.867 157.466 -427.271
H3O^1 -278.699 157.776 -427.981
H3O^1 -282.534 155.766 -425.485
H3O^1 -279.493 156.523 -427.413
H3O^1 -280.294 154.931 -427.49
H3O^1 -280.986 154.659 -428.866
H3O^1 -279.634 157.729 -430.449
H3O^1 -279.422 155.704 -430.44
H3O^1 -278.401 153.884 -433.038
H3O^1 -277.09 155.034 -432.567
H3O^1 -277.928 154.053 -430.88
H3O^1 -277.406 154.828 -433.752
H3O^1 -277.583 153.151 -434.437
H3O^1 -277.59 152.307 -434.71
H3O^1 -275.719 151.781 -434.904
H3O^1 -273.413 153.519 -436.248
H3O^1 -273.213 152.886 -438.046
H3O^1 -271.336 150.43 -441.837
H3O^1 -271.616 150.867 -441.572
H3O^1 -273.385 149.761 -440.464
H3O^1 -270.445 148.318 -443.066
H3O^1 -267.077 149.304 -443.366
H3O^1 -267.813 146.945 -444.237
H3O^1 -266.877 146.738 -446.096
H3O^1 -264.969 145.706 -445.542
H3O^1 -265.965 148.01 -447.799
H3O^1 -265.958 147.064 -447.343
H3O^1 -263.05 145.476 -449.395
H3O^1 -263.483 144.301 -448.904
H3O^1 -261.477 147.711 -452.672
H3O^1 -261.969 143.842 -451.077
H3O^1 -262.953 144.493 -453.531
H3O^1 -259.851 142.052 -456.617
H3O^1 -258.483 141.625 -456.593
H3O^1 -258.439 140.471 -456.491
H3O^1 -259.218 142.587 -454.686
H3O^1 -259.337 140.354 -459.31
H3O^1 -257.839 141.755 -458.636
H3O^1 -254.777 140.599 -458.277
H3O^1 -256.853 139.903 -462.645
H3O^1 -255.215 138.712 -462.177
H3O^1 -257.007 140.378 -462.624
H3O^1 -251.984 138.411 -464.547
H3O^1 -251.624 137.249 -463.775
H3O^1 -252.622 135.421 -468.665
H3O^1 -250.193 135.121 -468.723
H3O^1 -252.63 136.255 -467.239
H3O^1 -251.169 137.665 -468.107
H3O^1 -250.804 138.273 -468.337
H3O^1 -250.719 134.468 -470.079
H3O^1 -247.748 133.919 -473.543
H3O^1 -243.026 132.307 -476.046
H3O^1 -245.609 133.036 -479.038
H3O^1 -243.146 131.462 -478.694
H3O^1 -245.962 129.025 -480.551
H3O^1 -245.61 130.13 -476.906
H3O^1 -243.789 131.151 -478.253
H3O^1 -243.859 126.791 -482.466
H3O^1 -243.138 130.788 -482.13
H3O^1 -240.428 129.624 -482.608
H3O^1 -242.288 126.742 -482.938
H3O^1 -241.456 127.434 -485.642
H3O^1 -239.219 127.141 -484.28
H3O^1 -239.551 126.567 -488.586
H3O^1 -238.548 127.04 -486.335
H3O^1 -236.508 128.026 -488.837
H3O^1 -239.027 126.123 -488.431
H3O^1 -238.864 125.073 -487.53
H3O^1 -237.94 125.414 -490.28
H3O^1 -237.636 123.5 -489.987
H3O^1 -237.241 125.441 -490.851
H3O^1 -234.989 123.478 -492.773
H3O^1 -234.26 123.834 -490.84
H3O^1 -236.756 123.58 -490.884
H3O^1 -237.59 122.495 -493.92
H3O^1 -235.5 123.308 -492.369
H3O^1 -235.604 121.709 -494.325
H3O^1 -233.514 122.329 -492.62
H3O^1 -231.94 121.264 -497.325
H3O^1 -231.918 120.023 -501.548
H3O^1 -231.681 118.362 -498.234
H3O^1 -230.775 117.849 -498.199
H3O^1 -230.182 116.915 -501.904
H3O^1 -227.976 119.974 -503.136
H3O^1 -229.775 118.313 -502.087
H3O^1 -227.339 118.566 -501.873
H3O^1 -228.901 119.201 -502.7
H3O^1 -228.607 117.851 -504.12
H3O^1 -227.309 115.921 -506.572
H3O^1 -224.764 115.561 -507.714
H3O^1 -225.431 115.99 -507.378
H3O^1 -221.689 114.864 -509.852
H3O^1 -222.258 114.226 -511.741
H3O^1 -223.075 114.281 -510.094
H3O^1 -220.041 113.368 -509.953
H3O^1 -221.436 111.436 -513.319
H3O^1 -220.203 110.98 -516.35
H3O^1 -219.912 114.214 -514.616
H3O^1 -218.082 112.591 -513.354
H3O^1 -217.347 110.869 -518.312
H3O^1 -217.956 114.267 -513.428
H3O^1 -218.522 111.65 -516.709
H3O^1 -215.95 111.226 -517.686
H3O^1 -216.283 111.308 -516.275
H3O^1 -215.29 111.869 -517.013
H3O^1 -215.177 112.187 -518.094
H3O^1 -217.008 112.002 -518.293
H3O^1 -216.402 110.895 -517.461
H3O^1 -217.443 110.187 -519.372
H3O^1 -211.303 107.486 -524.545
H3O^1 -211.834 108.01 -524.805
H3O^1 -210.352 108.862 -526.725
H3O^1 -209.126 106.834 -528.413
H3O^1 -210.891 106.966 -528.679
H3O^1 -209.171 105.712 -525.656
H3O^1 -208.069 106.096 -528.668
H3O^1 -207.314 105.206 -529.994
H3O^1 -205.406 108.037 -529.169
H3O^1 -206.465 105.049 -532.792
H3O^1 -202.937 104.527 -532.024
H3O^1 -205.719 104.135 -533.778
H3O^1 -202.729 104.17 -535.449
H3O^1 -201.349 103.577 -535.629
H3O^1 -201.724 103.822 -534.071
H3O^1 -202.124 103.942 -538.032
H3O^1 -197.936 100.901 -539.034
H3O^1 -200.113 102.874 -539.998
H3O^1 -199.38 102.571 -539.318
H3O^1 -198.993 102.36 -541.983
H3O^1 -198.276 101.291 -541.279
H3O^1 -198.204 100.575 -541.83
H3O^1 -199.035 100.618 -541.448
H3O^1 -195.239 99.9232 -546
H3O^1 -195.753 100.638 -544.609
H3O^1 -194.414 97.8117 -544.864
H3O^1 -193.874 99.994 -548.364
H3O^1 -191.427 97.9615 -547.547
H3O^1 -188.566 94.163 -551.009
H3O^1 -190.34 95.5966 -556.629
H3O^1 -190.691 96.619 -551.36
H3O^1 -188.206 95.4521 -551.796
H3O^1 -188.048 94.3347 -552.745
H3O^1 -188.007 95.0187 -556.699
H3O^1 -187.717 95.7436 -557.44
H3O^1 -185.48 92.7826 -555.564
H3O^1 -186.367 92.9815 -557.787
H3O^1 -185.46 91.5874 -558.945
H3O^1 -184.435 92.3034 -560.11
H3O^1 -185.417 91.1852 -559.267
H3O^1 -181.273 89.4509 -566.554
H3O^1 -179.401 92.5237 -565.739
H3O^1 -178.351 91.1679 -566.749
H3O^1 -178.599 91.2903 -568.214
H3O^1 -175.75 87.34 -569.935
H3O^1 -173.258 87.9363 -570.9
H3O^1 -176.372 87.0508 -570.616
H3O^1 -178.644 87.5205 -571.644
H3O^1 -175.242 86.2783 -573.409
H3O^1 -175.105 86.7345 -571.982
H3O^1 -174.667 85.4608 -572.128
H3O^1 -174.466 85.8945 -574.28
H3O^1 -171.986 85.9737 -576.882
H3O^1 -170.536 81.6462 -578.37
H3O^1 -169.951 83.8724 -582.345
H3O^1 -168.133 83.7497 -581.662
H3O^1 -167.325 81.6446 -580.058
H3O^1 -167.54 80.1561 -582.45
H3O^1 -164.569 83.0962 -584.994
H3O^1 -162.012 78.2164 -588.293
H3O^1 -163.54 79.1948 -589.118
H3O^1 -159.003 77.262 -594.86
H3O^1 -157.419 77.3256 -595.764
H3O^1 -157.576 73.784 -594.139
H3O^1 -156.977 77.5061 -597.093
H3O^1 -157.04 77.8987 -597.08
H3O^1 -156.92 77.8065 -597.007
H3O^1 -156.105 76.4467 -598.625
H3O^1 -155.508 74.892 -597.48
H3O^1 -154.848 74.5215 -597.457
H3O^1 -157.172 74.9009 -599.239
H3O^1 -153.47 73.74 -600.863
H3O^1 -153.763 74.2972 -600.057
H3O^1 -155.81 73.2078 -600.12
H3O^1 -154.104 75.4742 -602.927
H3O^1 -154.096 75.3526 -601.139
H3O^1 -150.584 72.9241 -604.839
H3O^1 -151.159 74.1229 -603.624
H3O^1 -147.316 71.726 -606.725
H3O^1 -149.563 71.8374 -606.812
H3O^1 -148.667 72.5857 -608.405
H3O^1 -149.808 71.6942 -610.412
H3O^1 -147.174 68.384 -610.126
H3O^1 -149.341 70.4322 -610.967
H3O^1 -147.034 71.4169 -613.816
H3O^1 -147.892 71.7388 -611.265
H3O^1 -147.34 70.8017 -611.154
H3O^1 -144.08 69.5114 -616.451
H3O^1 -146.108 66.3637 -613.391
H3O^1 -145.078 68.6042 -613.438
H3O^1 -144.502 70.1826 -611.631
H3O^1 -143.006 68.1126 -614.699
H3O^1 -142.634 70.2814 -618.461
H3O^1 -143.12 67.4965 -617.621
H3O^1 -143.191 69.7004 -620.744
H3O^1 -140.803 67.0307 -621.408
H3O^1 -139.765 65.6727 -623.605
H3O^1 -139.29 66.3794 -622.603
H3O^1 -141.191 66.316 -623.86
H3O^1 -140.981 65.9059 -623.051
H3O^1 -137.405 64.025 -625.365
H3O^1 -138.412 64.8448 -625.086
H3O^1 -136.448 62.4242 -626.996
H3O^1 -135.242 63.2406 -627.262
H3O^1 -135.738 63.3785 -627.966
H3O^1 -135.759 63.1016 -628.305
H3O^1 -132.934 63.6122 -630.506
H3O^1 -133.866 62.0927 -630.287
H3O^1 -133.109 62.8795 -632.219
H3O^1 -132.948 62.8435 -630.538
H3O^1 -134.006 58.9725 -631.124
H3O^1 -131.889 61.4958 -634.006
H3O^1 -131.694 63.3796 -631.442
H3O^1 -130.295 59.4698 -636.51
H3O^1 -129.507 60.7994 -635.769
H3O^1 -127.509 57.476 -639.349
H3O^1 -127.103 58.2257 -639.57
H3O^1 -127.172 56.4794 -639.1
H3O^1 -125.698 58.2999 -644.134
H3O^1 -126.204 58.7925 -642.425
H3O^1 -124.693 57.8965 -640.543
H3O^1 -126.537 59.0504 -644.181
H3O^1 -124.112 58.8211 -641.226
H3O^1 -124.404 56.8213 -643.864
H3O^1 -121.352 55.0913 -647.247
H3O^1 -122.472 56.7662 -648.506
H3O^1 -122.697 55.2408 -649.269
H3O^1 -118.558 55.9214 -652.958
H3O^1 -118.888 54.8795 -652.736
H3O^1 -121.071 54.7331 -656.383
H3O^1 -119.564 51.3501 -656.129
H3O^1 -118.244 51.6493 -656.22
H3O^1 -115.911 53.8878 -658.295
H3O^1 -115.818 50.3819 -657.238
H3O^1 -113.622 50.8039 -660.838
H3O^1 -111.364 50.3561 -663.645
H3O^1 -112.249 49.9814 -664.945
H3O^1 -112.462 50.1146 -660.935
H3O^1 -112.383 51.6229 -665.075
H3O^1 -110.106 47.1795 -668.797
H3O^1 -108.707 45.8487 -670.292
H3O^1 -109.213 46.0428 -671.435
H3O^1 -106.376 45.7761 -674.141
H3O^1 -106.196 44.8563 -677.063
H3O^1 -106.884 46.5395 -674.082
H3O^1 -107.924 45.8831 -678.48
H3O^1 -102.174 44.8649 -675.761
H3O^1 -102.764 43.6803 -677.2
H3O^1 -103.479 46.8925 -679.123
H3O^1 -105.865 44.4854 -680.45
H3O^1 -103.915 41.6581 -678.484
H3O^1 -102.7 44.1933 -683.882
H3O^1 -100.197 42.7209 -684.838
H3O^1 -97.9745 41.3632 -687.523
H3O^1 -95.2038 39.6671 -692.142
H3O^1 -94.3959 35.18 -694.996
H3O^1 -93.3756 36.9546 -696.961
H3O^1 -95.5924 37.6382 -697.05
H3O^1 -93.0347 35.2219 -699.407
H3O^1 -92.8044 37.2232 -700.193
H3O^1 -93.7164 35.3295 -697.949
H3O^1 -90.2032 33.319 -700.364
H3O^1 -88.5739 36.5125 -705.07
H3O^1 -90.5499 34.5641 -702.888
H3O^1 -91.1616 34.1271 -704.155
H3O^1 -90.4857 36.245 -705.182
H3O^1 -89.3484 34.5602 -706.138
H3O^1 -89.4795 35.3411 -707.729
H3O^1 -88.2655 32.5266 -707.282
H3O^1 -86.4187 34.3668 -706.865
H3O^1 -87.2072 32.9268 -710.338
H3O^1 -85.9771 33.0983 -710.783
H3O^1 -85.3762 33.0936 -709.863
H3O^1 -85.9213 34.5427 -711.425
H3O^1 -84.1054 32.7327 -711.135
H3O^1 -84.8087 32.715 -712.558
H3O^1 -84.1617 31.2584 -715.797
H3O^1 -83.7282 32.6954 -714.554
H3O^1 -83.2773 30.4865 -715.309
H3O^1 -85.0732 32.3147 -715.61
H3O^1 -83.047 30.9143 -716.698
H3O^1 -81.6182 29.3181 -720.309
H3O^1 -81.8394 32.1121 -721.072
H3O^1 -80.3342 26.6986 -724.578
H3O^1 -79.2098 27.8658 -721.915
H3O^1 -79.419 26.7413 -722.68
H3O^1 -79.216 26.6589 -722.714
H3O^1 -81.0594 27.4945 -724.863
H3O^1 -79.0256 29.6984 -726.659
H3O^1 -77.3615 26.4814 -726.313
H3O^1 -75.9731 25.9004 -727.022
H3O^1 -76.5787 26.5448 -728.563
H3O^1 -75.4699 25.8926 -730.325
H3O^1 -75.3186 26.5961 -731.906
H3O^1 -73.1252 26.167 -728.168
H3O^1 -73.6655 27.6928 -733.09
H3O^1 -74.5497 24.8411 -733.085
H3O^1 -74.3125 24.5001 -735.822
H3O^1 -73.5549 26.8192 -736.935
H3O^1 -71.2612 25.2318 -738.044
H3O^1 -72.2593 22.1882 -737.038
H3O^1 -69.407 22.828 -739.492
H3O^1 -67.46 22.4883 -741.011
H3O^1 -68.1654 22.8281 -742.023
H3O^1 -68.1427 21.5093 -739.972
H3O^1 -70.0994 21.4811 -741.484
H3O^1 -68.1956 24.1725 -742.277
H3O^1 -67.3416 21.6658 -741.698
H3O^1 -68.0312 23.9269 -742.67
H3O^1 -65.647 21.2839 -742.441
H3O^1 -67.062 23.7292 -745.225
H3O^1 -60.6551 20.5162 -746.18
H3O^1 -64.9995 20.0698 -745.84
H3O^1 -64.1278 19.8666 -749.998
H3O^1 -64.8656 19.8337 -748.88
H3O^1 -65.2166 19.2725 -752.294
H3O^1 -63.4737 20.4342 -750.894
H3O^1 -63.9368 19.1327 -750.668
H3O^1 -64.6358 17.4971 -753.699
H3O^1 -64.4058 18.8432 -756.232
H3O^1 -61.8709 18.247 -755.388
H3O^1 -61.5514 16.5936 -756.468
H3O^1 -62.3751 14.9709 -757.503
H3O^1 -61.6513 17.5695 -760.54
H3O^1 -58.4595 15.755 -762.483
H3O^1 -57.938 14.9704 -764.414
H3O^1 -58.3781 15.9019 -767.323
H3O^1 -58.9152 14.5573 -764.046
H3O^1 -53.2241 14.9229 -766.432
H3O^1 -54.3961 13.4701 -769.016
H3O^1 -55.2631 14.511 -769.292
H3O^1 -55.4141 14.1009 -770.685
H3O^1 -54.196 14.1455 -771.927
H3O^1 -54.1016 12.6138 -778.609
H3O^1 -53.6516 11.4921 -777.972
H3O^1 -53.3195 11.1863 -775.191
H3O^1 -52.0343 10.6345 -779.78
H3O^1 -49.2362 8.63041 -783.515
H3O^1 -50.8218 8.73631 -785.921
H3O^1 -48.543 9.55118 -786.361
H3O^1 -50.0887 9.47566 -785.831
H3O^1 -47.1619 10.4068 -787.64
H3O^1 -46.9699 7.88222 -786.212
H3O^1 -44.4585 9.3501 -795.122
H3O^1 -44.6332 9.10649 -793.588
H3O^1 -46.2516 9.62362 -794.498
H3O^1 -44.3584 6.90659 -796.981
H3O^1 -43.7563 6.09263 -798.596
H3O^1 -43.7912 6.52654 -793.79
H3O^1 -43.5777 6.88636 -796.706
H3O^1 -42.8089 8.09595 -799.313
H3O^1 -42.98 5.78878 -799.466
H3O^1 -43.5909 4.69142 -800.797
H3O^1 -44.0259 5.43334 -800.959
H3O^1 -43.111 2.27888 -806.221
H3O^1 -41.7237 4.036 -804.561
H3O^1 -41.606 4.66209 -804.293
H3O^1 -38.0753 1.75801 -811.574
H3O^1 -39.6 1.35669 -811.664
H3O^1 -38.902 1.98799 -811.614
H3O^1 -36.2134 1.91117 -811.827
H3O^1 -38.36 1.30998 -812.274
H3O^1 -40.8537 0.419058 -817.54
H3O^1 -36.9779 1.84085 -814.249
H3O^1 -36.3655 1.99832 -814.233
H3O^1 -37.954 3.28862 -815.629
H3O^1 -37.5634 4.12587 -816.021
H3O^1 -36.5829 1.20437 -815.177
H3O^1 -33.7171 1.95779 -823.004
H3O^1 -32.2818 0.597934 -820.376
H3O^1 -30.1896 2.35969 -824.142
H3O^1 -34.0834 0.524748 -825.433
H3O^1 -32.4415 0.323389 -826.442
H3O^1 -25.5847 -2.14137 -831.472
H3O^1 -27.25 -2.544 -833.27
H3O^1 -27.9506 -1.23799 -839.824
H3O^1 -26.3905 -5.26715 -837.28
H3O^1 -25.648 -3.23595 -838.933
H3O^1 -25.5231 -3.14447 -840.231
H3O^1 -22.9577 -3.61769 -843.496
H3O^1 -23.0769 -3.76621 -844.541
H3O^1 -21.4777 -3.96456 -845.7
H3O^1 -20.3659 -5.77523 -843.785
H3O^1 -18.4596 -5.77332 -845.531
H3O^1 -21.4203 -5.2022 -850.066
H3O^1 -19.5116 -4.96883 -849.324
H3O^1 -19.9394 -5.4046 -849.196
H3O^1 -20.0817 -4.56183 -848.985
H3O^1 -17.4201 -6.70332 -850.85
H3O^1 -14.8187 -6.72527 -857.457
H3O^1 -13.77 -9.42063 -859.359
H3O^1 -14.5905 -7.79748 -860.534
H3O^1 -14.0345 -9.76077 -861.335
H3O^1 -15.0461 -7.70493 -865.835
H3O^1 -16.9239 -6.66171 -863.727
H3O^1 -12.5217 -6.67925 -866.347
H3O^1 -16.1821 -7.76058 -868.084
H3O^1 -12.6193 -6.99732 -868.857
H3O^1 -15.402 -7.06206 -872.897
H3O^1 -15.8075 -7.90406 -873.51
H3O^1 -14.4307 -7.02649 -877.517
H3O^1 -15.7038 -7.7472 -877.279
H3O^1 -15.6628 -6.94329 -876.689
H3O^1 -15.0487 -9.05953 -875.476
H3O^1 -17.1114 -5.2261 -879.197
H3O^1 -17.2756 -7.50032 -880.508
H3O^1 -14.2333 -5.96401 -881.163
H3O^1 -13.609 -7.86919 -881.603
H3O^1 -14.6283 -6.46126 -885.108
H3O^1 -15.8562 -9.87588 -882.228
H3O^1 -16.5018 -8.76973 -883.378
H3O^1 -15.7245 -7.33939 -885.155
H3O^1 -15.9655 -9.43136 -887.354
H3O^1 -14.2144 -7.05962 -885.848
H3O^1 -15.3988 -7.01184 -887.077
H3O^1 -13.1496 -6.21519 -890.589
H3O^1 -14.6049 -6.89947 -891.809
H3O^1 -15.265 -7.05527 -889.781
H3O^1 -14.3398 -6.18279 -894.172
H3O^1 -14.7367 -6.45739 -896.852
H3O^1 -15.1442 -6.98796 -899.321
H3O^1 -11.4517 -6.33529 -898.537
H3O^1 -16.6978 -7.01034 -902.693
H3O^1 -16.3326 -7.96276 -902.5
H3O^1 -15.6846 -7.49271 -902.476
H3O^1 -14.9059 -8.11833 -900.597
H3O^1 -14.6499 -5.87811 -903.522
H3O^1 -15.1772 -5.6859 -904.488
H3O^1 -15.6627 -7.4213 -904.744
H3O^1 -14.6315 -5.3591 -904.43
H3O^1 -15.1104 -8.0244 -907.265
H3O^1 -14.7024 -5.56597 -914.897
H3O^1 -15.1646 -7.09465 -915.023
H3O^1 -13.7355 -6.35436 -918.717
H3O^1 -14.433 -6.73826 -916.415
H3O^1 -16.0858 -7.03299 -918.145
H3O^1 -14.1648 -6.51888 -921.561
H3O^1 -13.2724 -5.72273 -922.243
H3O^1 -12.4267 -8.06365 -921.271
H3O^1 -15.0862 -5.5304 -924.359
H3O^1 -14.9219 -5.5928 -924.404
H3O^1 -13.2626 -4.93744 -928.107
H3O^1 -16.8365 -7.90875 -927.666
H3O^1 -14.3532 -5.36191 -926.641
H3O^1 -15.8046 -5.5301 -933.241
H3O^1 -15.2192 -5.18391 -933.74
H3O^1 -15.7484 -7.03627 -933.879
H3O^1 -14.2744 -5.92758 -934.356
H3O^1 -13.2614 -6.72963 -935.871
H3O^1 -13.9246 -6.07398 -939.576
H3O^1 -14.8488 -7.7605 -940.573
H3O^1 -14.8132 -5.2674 -943.208
H3O^1 -14.3968 -3.79795 -942.316
H3O^1 -13.8644 -5.59334 -943.201
H3O^1 -15.0724 -4.60336 -946.614
H3O^1 -13.3017 -4.41315 -948.452
H3O^1 -14.1449 -5.95926 -953.446
H3O^1 -14.5518 -4.98174 -951.967
H3O^1 -14.1366 -2.79732 -953.277
H3O^1 -14.5818 -3.58817 -953
H3O^1 -11.2649 -3.55016 -954.362
H3O^1 -14.9121 -5.52424 -953.386
H3O^1 -14.9691 -4.58205 -955.285
H3O^1 -14.1524 -3.46778 -953.302
H3O^1 -14.0586 -3.77379 -957.707
H3O^1 -15.4092 -5.46428 -958.098
H3O^1 -14.1922 -3.83937 -957.527
H3O^1 -15.832 -3.09587 -958.506
H3O^1 -14.1375 -5.01591 -958.954
H3O^1 -15.3724 -3.28587 -959.915
H3O^1 -16.1852 -3.05922 -961.765
H3O^1 -15.9264 -4.32462 -961.354
H3O^1 -13.5324 -5.26058 -964.722
H3O^1 -14.1938 -4.45678 -968.809
H3O^1 -15.8651 -3.64611 -968.103
H3O^1 -15.1975 -2.32259 -966.068
H3O^1 -13.4492 -3.14719 -966.138
H3O^1 -13.8288 -1.30968 -972.71
H3O^1 -13.5546 -2.76973 -970.188
H3O^1 -11.7507 -3.7127 -974.447
H3O^1 -16.2664 -1.67651 -973.481
H3O^1 -11.1511 -3.43481 -977.647
H3O^1 -12.3591 -3.63251 -980.644
H3O^1 -15.5796 -1.6478 -981.68
H3O^1 -14.7078 -2.50456 -983.846
H3O^1 -13.6006 -0.533374 -984.435
H3O^1 -14.253 -4.45803 -986.748
H3O^1 -13.3709 -3.18573 -992.25
H3O^1 -15.287 -1.41693 -991.4
H3O^1 -12.8184 -4.1093 -994.319
H3O^1 -13.2076 -3.45005 -995.834
H3O^1 -14.3602 -1.27987 -997.383
H3O^1 -14.4446 0.159948 -999.574
H3O^1 -15.0702 -2.89108 -998.43
H3O^1 -13.214 -3.30833 -998.209
H3O^1 -14.3205 -2.49348 -1000.3
H3O^1 -12.2309 -0.652793 -1001.66
H3O^1 -13.5213 -3.56172 -1005.18
H3O^1 -15.6892 -2.6949 -1002.9
H3O^1 -13.1683 -2.83398 -1004.49
H3O^1 -13.1316 -4.47659 -1006.9
H3O^1 -11.9869 -0.421901 -1011.47
H3O^1 -13.7974 -2.41477 -1009.34
H3O^1 -11.9499 -0.852898 -1011.85
H3O^1 -13.4152 -1.50417 -1014.41
H3O^1 -13.3472 -1.16906 -1016.5
H3O^1 -13.2871 -2.10584 -1015.34
H3O^1 -12.9321 0.0725331 -1016.76
H3O^1 -13.8864 -0.168083 -1019.61
H3O^1 -14.0487 -2.3962 -1024.33
H3O^1 -12.8933 -2.57059 -1025.43
H3O^1 -14.3219 -3.46168 -1024.55
H3O^1 -13.3006 0.715443 -1027.78
H3O^1 -13.2844 -2.70513 -1029.46
H3O^1 -13.8998 -1.75934 -1032.77
H3O^1 -13.2438 -0.998193 -1034.66
H3O^1 -11.4748 -0.90153 -1036.55
H3O^1 -14.171 -2.07483 -1041.98
H3O^1 -13.1069 -1.38186 -1044.38
H3O^1 -12.0351 0.235139 -1047.17
H3O^1 -11.737 -1.79038 -1047.56
H3O^1 -12.9168 -2.02533 -1048.2
H3O^1 -13.3035 -1.30806 -1055
H3O^1 -13.1707 -2.61485 -1049.97
H3O^1 -12.8456 1.31459 -1052.15
H3O^1 -13.9235 -2.23644 -1054.51
H3O^1 -13.5403 -1.44055 -1056.26
H3O^1 -14.28 -1.25895 -1056.51
H3O^1 -13.1839 -0.588575 -1058.14
H3O^1 -13.1338 -0.955134 -1058.15
H3O^1 -13.4057 -1.41678 -1060.56
H3O^1 -12.6698 -1.29912 -1063.43
H3O^1 -14.0121 -3.58553 -1062.87
H3O^1 -10.7761 -2.76309 -1067.41
H3O^1 -12.0115 -1.34504 -1066.79
H3O^1 -11.3293 -0.706268 -1069.58
H3O^1 -12.8136 -0.767349 -1070.87
H3O^1 -11.4961 -0.949251 -1073.05
H3O^1 -11.6558 -2.96771 -1078.77
H3O^1 -11.5796 -1.15988 -1076.99
H3O^1 -12.6043 -3.61865 -1078.67
H3O^1 -12.6945 -0.804048 -1079.99
H3O^1 -11.3455 -0.244237 -1078.28
H3O^1 -10.4108 -1.66124 -1081.49
H3O^1 -10.8213 -2.18437 -1082.42
H3O^1 -12.1501 -2.79948 -1081.92
H3O^1 -10.8599 0.462712 -1086.11
H3O^1 -10.6131 0.459419 -1085.58
H3O^1 -11.0014 0.263913 -1085.43
H3O^1 -12.2319 -1.45976 -1086.44
H3O^1 -12.9253 -1.68078 -1086.87
H3O^1 -12.1915 1.75546 -1088
H3O^1 -9.85443 -0.475768 -1092.23
H3O^1 -11.3057 0.250373 -1096.97
H3O^1 -10.406 0.543734 -1101.97
H3O^1 -12.074 -1.83729 -1102.62
H3O^1 -12.1551 2.46896 -1103.98
H3O^1 -12.5044 1.26398 -1103.25
H3O^1 -11.1261 0.9788 -1103.82
H3O^1 -11.4941 0.691609 -1107.17
H3O^1 -10.1826 1.03487 -1105.59
H3O^1 -12.2325 0.483544 -1109.55
H3O^1 -9.87138 -0.280589 -1113.22
H3O^1 -8.2482 -0.0745647 -1116.44
H3O^1 -10.2167 2.34632 -1118.95
H3O^1 -9.00304 1.04813 -1121.6
H3O^1 -11.8134 -0.0921517 -1123.66
H3O^1 -8.70049 0.286044 -1127.97
H3O^1 -12.7794 0.809725 -1132.92
H3O^1 -10.4305 1.15013 -1132.06
H3O^1 -11.9523 1.73142 -1134.35
H3O^1 -10.1357 2.35346 -1134.16
H3O^1 -8.92885 0.165827 -1137.16
H3O^1 -8.92337 1.09933 -1136.12
H3O^1 -9.7818 -0.642049 -1136.69
H3O^1 -10.0749 0.3157 -1137.93
H3O^1 -10.6266 0.636299 -1138.35
H3O^1 -10.7047 0.0347625 -1143.14
H3O^1 -8.15423 1.3005 -1148.58
H3O^1 -9.26396 -0.257696 -1156.21
H3O^1 -6.77542 0.788557 -1157.52
H3O^1 -8.95079 1.57184 -1160.79
H3O^1 -9.81815 0.213358 -1161.71
H3O^1 -10.8182 1.08108 -1161.01
H3O^1 -10.1192 -0.740583 -1165.65
H3O^1 -7.88207 1.71543 -1163.07
H3O^1 -9.55588 1.32615 -1166.37
H3O^1 -8.02465 1.4483 -1165.53
H3O^1 -7.31619 1.32195 -1169.55
H3O^1 -8.27871 2.00165 -1170.01
H3O^1 -9.73439 3.02341 -1173.93
H3O^1 -7.95922 2.58229 -1171.26
H3O^1 -7.10623 -2.43592 -1179.51
H3O^1 -7.21691 -0.152669 -1177.49
H3O^1 -7.63176 0.0333042 -1177.35
H3O^1 -8.85728 1.53949 -1179.75
H3O^1 -9.39417 1.72143 -1177.81
H3O^1 -8.36137 -0.930635 -1179.25
H3O^1 -8.95698 1.2974 -1182.58
H3O^1 -10.8339 3.04495 -1182.53
H3O^1 -10.0799 -0.291135 -1182.62
H3O^1 -6.36522 -0.0794605 -1182.33
H3O^1 -11.1855 3.07487 -1184.1
H3O^1 -10.2253 1.97403 -1183.03
H3O^1 -8.98163 3.24654 -1183.16
H3O^1 -7.52074 3.33873 -1185.33
H3O^1 -10.4176 2.61834 -1184.33
H3O^1 -9.17559 0.508998 -1186.62
H3O^1 -9.15363 2.21226 -1192.67
H3O^1 -11.6292 1.91438 -1193.47
H3O^1 -6.12419 1.84116 -1194.94
H3O^1 -8.19859 0.159198 -1199.34
H3O^1 -8.86164 3.03546 -1200.63
H3O^1 -10.7213 1.9845 -1205.01
H3O^1 -8.14336 -0.193724 -1209.94
H3O^1 -6.95315 2.1661 -1208.65
H3O^1 -7.96017 4.67411 -1207.74
H3O^1 -9.36768 2.01142 -1215.19
H3O^1 -6.83163 3.4277 -1213.06
H3O^1 -8.35152 3.41275 -1213.48
H3O^1 -8.57496 2.08816 -1217.85
H3O^1 -9.8763 2.05572 -1218.45
H3O^1 -7.66863 2.62254 -1218.65
H3O^1 -7.02778 1.79143 -1222.06
H3O^1 -8.33274 1.74443 -1221.33
H3O^1 -6.71537 0.627533 -1221.81
H3O^1 -8.82147 0.345881 -1222.56
H3O^1 -6.98902 1.24245 -1221.83
H3O^1 -5.86729 4.35916 -1224.39
H3O^1 -7.91608 2.09026 -1226.17
H3O^1 -8.1585 3.00509 -1229.63
H3O^1 -10.0471 0.496386 -1225.86
H3O^1 -5.60263 2.72986 -1230.48
H3O^1 -7.29614 1.56066 -1230.46
H3O^1 -8.37943 1.59657 -1232.14
H3O^1 -8.1553 2.4202 -1235.18
H3O^1 -8.05868 2.09364 -1233.74
H3O^1 -7.58509 0.579747 -1234.94
H3O^1 -8.78435 0.955205 -1236.93
H3O^1 -8.63669 1.82009 -1235.18
H3O^1 -9.32834 1.87268 -1236.23
H3O^1 -8.52109 2.26016 -1240.97
H3O^1 -8.16023 1.89426 -1238.86
H3O^1 -8.50051 0.476168 -1238.24
H3O^1 -10.0909 0.689782 -1239.96
H3O^1 -6.91439 1.75181 -1240.94
H3O^1 -6.56335 0.837999 -1243.23
H3O^1 -5.79485 1.34456 -1244.6
H3O^1 -6.16619 0.434972 -1246.63
H3O^1 -7.88476 4.07729 -1250.39
H3O^1 -5.90424 2.17806 -1254.02
H3O^1 -7.93253 1.8483 -1252.93
H3O^1 -5.60755 4.34627 -1254
H3O^1 -6.24311 4.211 -1253.52
H3O^1 -9.58898 2.755 -1256.59
H3O^1 -6.03984 2.42018 -1256.82
H3O^1 -7.4852 3.38323 -1261.01
H3O^1 -6.9016 0.161701 -1262.33
H3O^1 -8.54665 1.13684 -1265.57
H3O^1 -8.35829 2.61762 -1271.04
H3O^1 -4.81718 1.01405 -1276.03
H3O^1 -6.53766 3.81093 -1274.78
H3O^1 -6.1589 1.90139 -1275.86
H3O^1 -6.01665 1.78344 -1275.81
H3O^1 -7.05912 2.12193 -1283.81
H3O^1 -6.16386 2.869 -1283.6
H3O^1 -5.60525 4.44863 -1285.05
H3O^1 -6.95622 1.43526 -1287.61
H3O^1 -6.58337 2.18441 -1289.38
H3O^1 -4.96336 3.53384 -1291.17
H3O^1 -6.71945 1.43535 -1291.58
H3O^1 -5.64893 3.47235 -1294.85
H3O^1 -4.93136 2.5933 -1303.5
H3O^1 -6.31709 -0.192028 -1307.03
H3O^1 -7.26838 2.00006 -1310.97
H3O^1 -6.26236 1.68766 -1314.35
H3O^1 -7.29176 0.868542 -1313.11
H3O^1 -5.48134 2.84269 -1319.2
H3O^1 -3.71525 2.62315 -1324.83
H3O^1 -5.97788 3.44979 -1327.63
H3O^1 -4.88921 2.78734 -1325.67
H3O^1 -6.77318 1.63166 -1329.3
H3O^1 -4.02652 -0.69321 -1333.79
H3O^1 -4.98045 1.60814 -1336.46
H3O^1 -5.48618 1.15953 -1339.83
H3O^1 -5.70966 2.68579 -1341.23
H3O^1 -3.67367 1.54708 -1342.32
H3O^1 -4.77444 2.78626 -1348.39
H3O^1 -4.75792 0.548611 -1350.04
H3O^1 -4.48195 4.5236 -1346.5
H3O^1 -2.2849 2.00143 -1350.65
H3O^1 -3.68674 0.321928 -1349.78
H3O^1 -2.63037 2.49853 -1354.3
H3O^1 -4.93415 -0.668123 -1352.71
H3O^1 -3.99404 2.83044 -1353.53
H3O^1 -4.16835 1.26492 -1353.95
H3O^1 -3.21114 1.86764 -1368.93
H3O^1 -3.04678 0.0672756 -1368.77
H3O^1 -5.79823 1.38483 -1369.75
H3O^1 -4.62024 0.150111 -1370.8
H3O^1 -6.14099 1.61318 -1370.23
H3O^1 -2.13024 0.814803 -1372.99
H3O^1 -2.79439 1.81555 -1374.43
H3O^1 -2.38424 0.788016 -1376.48
H3O^1 -6.66946 1.51106 -1375.83
H3O^1 -3.81409 -3.4419 -1383.86
H3O^1 -5.10503 0.664841 -1386.45
H3O^1 -1.2915 0.704708 -1382.67
H3O^1 -2.30986 -2.18951 -1386.88
H3O^1 -3.22651 0.0286447 -1389.71
H3O^1 -2.6084 0.0922803 -1393.55
H3O^1 -3.63137 -0.211718 -1394.68
H3O^1 -2.63969 1.22537 -1393.87
H3O^1 -2.96213 1.40288 -1394.96
H3O^1 -4.04959 -0.147505 -1398.39
H3O^1 -1.95576 -0.019863 -1398.97
H3O^1 -2.92495 0.279578 -1399.3
H3O^1 -5.06381 -1.50831 -1401.5
H3O^1 -0.168791 1.72243 -1400.79
H3O^1 -2.60433 -0.422293 -1400.47
H3O^1 -2.44613 -0.500795 -1400.15
H3O^1 -4.94904 -0.349169 -1397.76
H3O^1 -5.86991 -1.13064 -1401.73
H3O^1 -2.20108 -1.03987 -1405.75
H3O^1 -2.83079 0.256494 -1405.35
H3O^1 -3.65795 -0.976751 -1405.91
H3O^1 -1.88052 -0.704133 -1407.28
H3O^1 -3.00293 -1.80655 -1408.4
H3O^1 -1.31346 3.34682 -1408.21
H3O^1 -2.03287 2.5315 -1411.95
H3O^1 -1.71689 0.307338 -1411.48
H3O^1 -1.87643 0.825783 -1410.92
H3O^1 -3.21392 -1.0007 -1417.02
H3O^1 -2.28436 1.41124 -1419.26
H3O^1 -2.77239 -0.136765 -1420.92
H3O^1 -0.85896 -0.0568634 -1423.33
H3O^1 -0.665438 -1.2134 -1424.45
H3O^1 -1.76653 -1.42739 -1431.14
H3O^1 -1.97655 1.00424 -1431.01
H3O^1 -1.78352 -0.612824 -1432.24
H3O^1 -3.04601 -1.39358 -1436.42
H3O^1 -1.52167 -0.164197 -1440.19
H3O^1 -0.111472 1.00548 -1443.48
H3O^1 0.732339 1.43877 -1444
H3O^1 -0.85403 2.75621 -1443.31
H3O^1 -0.245309 0.634543 -1449.3
H3O^1 -0.0374975 2.12341 -1460.43
H3O^1 -2.62896 0.354584 -1459.88
H3O^1 -2.33169 0.849525 -1460.61
H3O^1 -0.300436 -0.610263 -1460.81
H3O^1 0.68796 -1.47527 -1466.88
H3O^1 0.497688 -0.271175 -1461.99
H3O^1 -0.574883 0.959667 -1464.9
H3O^1 -1.10699 0.545266 -1472.31
H3O^1 0.363651 -1.11798 -1474.45
H3O^1 0.837003 -0.271396 -1476.65
H3O^1 -2.26734 -3.21163 -1481.5
H3O^1 -0.227674 0.739761 -1482.14
H3O^1 0.62666 -1.65574 -1484.26
H3O^1 -1.21338 0.594076 -1487.84
H3O^1 -0.182566 -0.429064 -1487.61
H3O^1 -0.42615 -0.645196 -1488.22
H3O^1 1.05721 0.977229 -1487.85
H3O^1 0.0463482 0.272189 -1490.22
H3O^1 -0.714777 1.81048 -1490.65
H3O^1 0.134452 -0.87672 -1488.84
H3O^1 1.44659 -1.23032 -1488.97
H3O^1 -0.728814 1.53831 -1493.23
H3O^1 -2.89271 -0.752661 -1498.54
H3O^1 -0.816129 -3.04982 -1493
H3O^1 -0.871664 -5.02314 -1494.12
H3O^1 -1.35457 -4.73933 -1491.83
H3O^1 -2.50909 -2.23158 -1493.01
H3O^1 1.05566 -1.93459 -1496.4
H3O^1 -1.29701 1.78425 -1497.85
H3O^1 2.19772 0.409581 -1494.03
H3O^1 -4.79528 -1.74379 -1491.37
H3O^1 0.114276 -1.36334 -1490.21
H3O^1 -2.43604 -0.0827853 -1491.28
H3O^1 0.359183 3.43075 -1491.73
H3O^1 -3.51651 -0.468215 -1488.35
H3O^1 2.52737 0.158364 -1488.76
H3O^1 -0.608163 -0.438251 -1487.68
H3O^1 -0.349263 3.24531 -1481.76
H3O^1 -2.28669 -4.61994 -1477.83
H3O^1 -1.96438 -1.55309 -1482.59
H3O^1 -1.43315 2.0185 -1482.52
H3O^1 0.0392225 0.800175 -1482.96
H3O^1 4.506 -1.764 -1482.46
H3O^1 1.22655 1.15066 -1480.84
H3O^1 -0.0158023 1.31377 -1482
H3O^1 -0.396852 -0.952238 -1481.28
H3O^1 0.555571 0.0545634 -1478.97
H3O^1 1.23962 -1.95706 -1478.47
H3O^1 -0.36667 0.460671 -1472.61
H3O^1 0.820962 -0.679638 -1471.09
H3O^1 1.35655 0.472348 -1471.93
H3O^1 2.95624 -0.803004 -1470.83
H3O^1 1.98008 0.211548 -1470.16
H3O^1 0.467408 -3.70036 -1469.81
H3O^1 0.294324 -0.758977 -1470.02
H3O^1 2.03684 3.06308 -1466.84
H3O^1 1.29443 2.31113 -1465.59
H3O^1 3.34961 0.379413 -1466.94
H3O^1 -1.1916 -1.27234 -1464.3
H3O^1 -4.32132 -1.97235 -1461.32
H3O^1 -6.27566 1.98157 -1459.41
H3O^1 -3.46607 -0.502168 -1462.68
H3O^1 -0.812762 -1.2874 -1462.09
H3O^1 0.825775 2.54511 -1460.9
H3O^1 -5.06223 0.501217 -1460.9
H3O^1 -2.34429 -1.60384 -1455.36
H3O^1 0.308052 0.638481 -1457.7
H3O^1 -1.41842 1.31051 -1455.76
H3O^1 0.128633 1.2258 -1453.49
H3O^1 0.283779 0.501599 -1457.14
H3O^1 1.32492 1.80675 -1454.58
H3O^1 -1.85937 1.79298 -1450.19
H3O^1 -1.09508 1.48266 -1452.46
H3O^1 0.968051 -0.698753 -1448.55
H3O^1 -1.32115 -5.78289 -1452.57
H3O^1 0.504148 1.08404 -1448.7
H3O^1 -1.86161 0.586376 -1447.41
H3O^1 0.175537 1.6943 -1446.37
H3O^1 -1.50014 -1.22111 -1445.77
H3O^1 -2.47372 0.870173 -1440.7
H3O^1 -1.65477 1.86464 -1438.84
H3O^1 -1.98553 -2.3056 -1432.5
H3O^1 -2.94887 0.851687 -1431.12
H3O^1 -0.773954 -1.26039 -1433.12
H3O^1 -1.69176 1.6679 -1431.22
H3O^1 -1.40284 -0.916575 -1430.3
H3O^1 0.444525 -0.615806 -1426.42
H3O^1 -0.465455 5.50687 -1424.82
H3O^1 0.50807 1.49741 -1418.77
H3O^1 -0.700748 2.30626 -1419.69
H3O^1 -4.21586 2.09111 -1417.96
H3O^1 -2.49209 0.105893 -1418.78
H3O^1 -5.00947 1.78854 -1414.39
H3O^1 -4.54983 -1.10762 -1415.93
H3O^1 1.56824 0.77172 -1412.21
H3O^1 2.06368 3.30486 -1414.42
H3O^1 -2.92549 -1.75312 -1409.49
H3O^1 -7.04715 -1.02023 -1408.12
H3O^1 -1.16005 -2.90898 -1408.29
H3O^1 -4.22617 0.0707963 -1409.88
H3O^1 -2.67388 -2.35185 -1407.46
H3O^1 -1.53021 -0.0525917 -1405.39
H3O^1 -3.68592 0.435034 -1399.39
H3O^1 -5.86941 1.42907 -1388.15
H3O^1 -2.34806 1.78427 -1389.24
H3O^1 -8.48837 2.32039 -1387.03
H3O^1 -8.96742 3.25047 -1389.29
H3O^1 -7.11517 2.28442 -1388.89
H3O^1 -1.38231 1.29496 -1386.25
H3O^1 -4.12141 1.34318 -1388.56
H3O^1 -1.56333 1.55538 -1384.69
H3O^1 -2.32185 2.39399 -1382.02
H3O^1 0.647732 3.59068 -1378.12
H3O^1 -2.0057 0.058302 -1381.21
H3O^1 -6.43922 4.8217 -1378.2
H3O^1 -5.38378 1.77841 -1374.07
H3O^1 -2.28577 0.622359 -1375.54
H3O^1 -0.847714 1.17294 -1373.98
H3O^1 -0.91495 -0.289813 -1367.3
H3O^1 -2.10416 2.98988 -1368.75
H3O^1 -1.71629 -2.20132 -1366.16
H3O^1 -0.582148 2.24786 -1363.59
H3O^1 -3.23655 0.702369 -1361.42
H3O^1 -3.86125 0.887938 -1361.1
H3O^1 -4.75463 1.31335 -1363.32
H3O^1 -2.70896 1.29518 -1356.51
H3O^1 -2.21808 0.819653 -1358.15
H3O^1 -4.5048 -0.172134 -1350.96
H3O^1 -2.89003 1.39081 -1347.79
H3O^1 -3.9112 0.150604 -1346.88
H3O^1 -8.19874 2.01612 -1348.31
H3O^1 -5.00973 -1.09884 -1348.98
H3O^1 -3.22655 0.829531 -1345.45
H3O^1 -3.76704 1.88502 -1342.38
H3O^1 -2.91042 -0.837895 -1343.9
H3O^1 -3.95601 4.00658 -1342.66
H3O^1 -6.31571 2.79549 -1340.72
H3O^1 -2.8993 0.50283 -1339.97
H3O^1 -5.60679 2.11246 -1339.55
H3O^1 -6.17894 0.764566 -1338.2
H3O^1 -4.2954 2.41471 -1334.71
H3O^1 -7.33977 1.73566 -1336.02
H3O^1 -4.02135 0.680119 -1331.97
H3O^1 -5.82501 7.31596 -1329.41
H3O^1 -11.1028 3.42752 -1328.57
H3O^1 -5.42876 3.91733 -1325.72
H3O^1 -7.14601 -0.483895 -1326.48
H3O^1 -8.00131 1.88815 -1326.03
H3O^1 -6.09461 1.35234 -1323.62
H3O^1 -7.04432 2.41444 -1322.34
H3O^1 -4.69032 2.48378 -1323.19
H3O^1 -5.39111 1.42337 -1322.45
H3O^1 -4.7072 2.53077 -1317.21
H3O^1 -2.6677 0.253374 -1314.09
H3O^1 -3.0462 0.949892 -1313.87
H3O^1 -6.92001 2.50785 -1314.64
H3O^1 -3.76343 -0.0209908 -1315.49
H3O^1 -3.60656 -0.368619 -1314.61
H3O^1 -9.44354 0.81158 -1313.73
H3O^1 -6.50867 3.51456 -1310.99
H3O^1 -6.14769 2.89295 -1305.79
H3O^1 -3.01116 1.81024 -1305.08
H3O^1 -5.61612 2.99946 -1303.47
H3O^1 -3.35485 1.7426 -1305.2
H3O^1 -6.62529 3.15921 -1300.34
H3O^1 -6.51242 -1.00073 -1302.25
H3O^1 -8.34668 3.17712 -1300.75
H3O^1 -5.99771 3.0817 -1301.31
H3O^1 -10.9704 2.91751 -1299.35
H3O^1 -2.69744 6.05095 -1300.49
H3O^1 -2.15369 3.6595 -1300.38
H3O^1 -0.799076 3.54696 -1297.89
H3O^1 -1.89779 4.35403 -1297.43
H3O^1 -7.27159 0.286846 -1296.34
H3O^1 -7.67681 0.856516 -1299.94
H3O^1 -2.30949 -3.37331 -1292.89
H3O^1 -8.56486 5.23631 -1292.49
H3O^1 -6.10692 3.15774 -1290.16
H3O^1 -6.08841 0.104047 -1293.82
H3O^1 -8.83106 3.95173 -1280.86
H3O^1 -5.77788 1.8395 -1285.6
H3O^1 -5.58651 4.64884 -1281.88
H3O^1 -5.07753 3.35947 -1281.88
H3O^1 -5.89697 5.09532 -1282.15
H3O^1 -6.69013 2.72971 -1278.62
H3O^1 -7.27101 4.0764 -1274.31
H3O^1 -5.16732 -0.477357 -1273.38
H3O^1 -6.70921 1.4294 -1271.54
H3O^1 -5.0611 -0.183473 -1270.73
H3O^1 -8.59341 3.77435 -1269.87
H3O^1 -7.32159 3.97189 -1268.7
H3O^1 -8.42644 1.2752 -1260.58
H3O^1 -12.4942 1.36015 -1258.52
H3O^1 -7.15476 0.656019 -1258.42
H3O^1 -9.35108 0.952658 -1257.08
H3O^1 -5.39396 0.422563 -1257.6
H3O^1 -5.41469 2.86353 -1255.17
H3O^1 -7.2977 0.909648 -1254.41
H3O^1 -7.10878 1.43879 -1250.82
H3O^1 -8.66343 3.27364 -1252.47
H3O^1 -7.62557 0.959772 -1255.64
H3O^1 -6.29212 4.5045 -1254.26
H3O^1 -9.76569 1.61895 -1251.14
H3O^1 -6.55795 3.71537 -1244.45
H3O^1 -6.49616 4.0877 -1246.78
H3O^1 -5.63817 1.87337 -1239.67
H3O^1 -10.9472 2.30198 -1233.75
H3O^1 -9.88738 5.3927 -1236.16
H3O^1 -6.34812 2.13452 -1236.71
H3O^1 -8.85981 3.67616 -1231.48
H3O^1 -2.82361 3.3084 -1230.31
H3O^1 -6.08723 3.60069 -1232.55
H3O^1 -6.89373 2.84179 -1232.63
H3O^1 -5.85201 -2.60484 -1230.18
H3O^1 -10.015 -1.8568 -1231.92
H3O^1 -7.77066 0.737304 -1226.29
H3O^1 -12.2417 1.57315 -1223.03
H3O^1 -9.15351 1.48483 -1226.72
H3O^1 -9.26849 6.31423 -1220.35
H3O^1 -10.9447 3.99898 -1220.67
H3O^1 -11.2883 0.161982 -1224.56
H3O^1 -7.22737 0.0415816 -1229.23
H3O^1 -11.6265 6.14622 -1232.98
H3O^1 -8.04636 1.95211 -1227.48
H3O^1 -7.77544 3.16503 -1224.24
H3O^1 -9.12064 0.653572 -1225.79
H3O^1 -10.7084 4.72735 -1225.89
H3O^1 -7.59189 2.61117 -1222.2
H3O^1 -10.0003 0.496813 -1222.92
H3O^1 -8.81158 3.56457 -1221.83
H3O^1 -7.76994 2.87435 -1222.57
H3O^1 -7.79447 1.26118 -1219.42
H3O^1 -10.2455 3.07814 -1216.31
H3O^1 -7.99382 0.616672 -1219.1
H3O^1 -8.84616 2.24901 -1218.45
H3O^1 -4.29539 1.61992 -1215.63
H3O^1 -6.20559 3.42459 -1212.08
H3O^1 -10.3724 0.861067 -1206.22
H3O^1 -9.23945 2.57955 -1209.18
H3O^1 -10.1683 5.73435 -1211.25
H3O^1 -7.40603 -0.574785 -1203.18
H3O^1 -7.00614 1.15145 -1201.48
H3O^1 -9.61891 0.534863 -1199.25
H3O^1 -10.0755 0.609511 -1199.2
H3O^1 -9.26011 2.71194 -1191.24
H3O^1 -6.84305 2.13455 -1191.76
H3O^1 -7.13405 0.0479886 -1187.79
H3O^1 -6.95576 2.28136 -1192.08
H3O^1 -6.36162 1.7713 -1187.71
H3O^1 -5.3797 1.79039 -1187.31
H3O^1 -6.75953 -1.64794 -1184.44
H3O^1 -10.0143 -3.09253 -1181.71
H3O^1 -9.27846 -0.700216 -1181.65
H3O^1 -13.1582 0.126885 -1182.02
H3O^1 -7.54789 0.632407 -1182.81
H3O^1 -5.76601 2.74437 -1179.03
H3O^1 -7.13982 4.50383 -1176.81
H3O^1 -10.8444 2.19072 -1178.84
H3O^1 -6.95946 4.56506 -1180.59
H3O^1 -8.5539 0.538804 -1180.55
H3O^1 -7.68782 2.31612 -1182.04
H3O^1 -6.52444 0.911988 -1175.46
H3O^1 -11.763 2.64845 -1176.41
H3O^1 -9.57881 3.38399 -1171.93
H3O^1 -11.5252 -0.697077 -1165.68
H3O^1 -8.85024 1.02022 -1165.94
H3O^1 -7.89626 1.04579 -1166.01
H3O^1 -9.47891 2.61836 -1170.72
H3O^1 -10.2021 -0.600575 -1166.97
H3O^1 -7.47631 1.55459 -1165.48
H3O^1 -9.50761 0.99962 -1167.07
H3O^1 -10.8675 -2.03169 -1161.19
H3O^1 -7.45119 -0.398541 -1158.2
H3O^1 -9.25648 -0.377741 -1157.4
H3O^1 -8.09955 1.74812 -1151.07
H3O^1 -9.25774 3.53505 -1151.41
H3O^1 -10.0127 5.17179 -1151.39
H3O^1 -9.1572 1.81267 -1150.57
H3O^1 -9.42085 -1.79654 -1153.65
H3O^1 -9.51129 5.14771 -1143.44
H3O^1 -9.02576 2.22354 -1142.31
H3O^1 -9.28914 0.63942 -1141.16
H3O^1 -10.3682 2.29495 -1142.44
H3O^1 -12.072 2.69563 -1141.9
H3O^1 -11.3689 3.07669 -1136.99
H3O^1 -8.24805 -0.0307513 -1140.92
H3O^1 -10.1896 -0.429661 -1133.91
H3O^1 -10.8822 0.662117 -1133.86
H3O^1 -10.214 2.82891 -1140.2
H3O^1 -8.98562 -2.16566 -1132.35
H3O^1 -11.0172 0.151976 -1132.71
H3O^1 -10.5868 -1.27899 -1133.47
H3O^1 -10.1673 0.540549 -1128.5
H3O^1 -10.06 -4.72961 -1132.54
H3O^1 -9.88893 1.50767 -1129.55
H3O^1 -9.95206 -0.349273 -1130.37
H3O^1 -8.29029 -1.29366 -1128.83
H3O^1 -8.84499 -2.90646 -1128.25
H3O^1 -8.81675 -1.41708 -1130.37
H3O^1 -12.2645 1.97967 -1125.94
H3O^1 -9.18415 0.180739 -1130.05
H3O^1 -10.4656 -0.205319 -1128.98
H3O^1 -9.47693 0.494678 -1126.02
H3O^1 -7.50561 1.33082 -1120.45
H3O^1 -11.4528 -2.0831 -1116.15
H3O^1 -9.80295 -1.43602 -1115.56
H3O^1 -11.4856 0.0297898 -1103.64
H3O^1 -12.3312 0.142893 -1101.49
H3O^1 -8.72399 5.01671 -1093.81
H3O^1 -9.19224 -2.21351 -1093.04
H3O^1 -10.1196 -1.31086 -1091.39
H3O^1 -9.80296 1.2809 -1092.73
H3O^1 -15.3685 -1.07504 -1094.96
H3O^1 -13.8445 1.67986 -1089.74
H3O^1 -9.65104 0.793294 -1086.36
H3O^1 -8.77276 -0.00259386 -1085.81
H3O^1 -19.5373 1.98517 -1079.77
H3O^1 -12.0433 -3.2979 -1077.04
H3O^1 -9.84335 0.461366 -1072.86
H3O^1 -13.372 -2.58066 -1070.36
H3O^1 -11.3597 -1.33208 -1072.18
H3O^1 -12.3927 5.70555 -1068.84
H3O^1 -12.1999 3.7324 -1068.13
H3O^1 -12.3828 0.768523 -1068.14
H3O^1 -13.1369 0.786586 -1065.92
H3O^1 -13.3728 -1.73022 -1065.28
H3O^1 -8.31134 0.29552 -1069.84
H3O^1 -12.3635 -0.274613 -1065.91
H3O^1 -11.3728 0.382293 -1067
H3O^1 -12.2227 -2.96012 -1062.81
H3O^1 -14.7604 -0.974721 -1062.15
H3O^1 -11.7639 -0.150388 -1063.99
H3O^1 -13.6105 -0.416942 -1062.51
H3O^1 -14.9883 -1.28721 -1060.93
H3O^1 -13.9667 -2.05751 -1056.73
H3O^1 -13.6509 -3.31956 -1055.05
H3O^1 -16.2469 -0.613339 -1054.89
H3O^1 -15.1583 -0.888757 -1045.06
H3O^1 -11.3149 2.4098 -1044.19
H3O^1 -15.3613 1.16222 -1032.72
H3O^1 -12.2243 -0.371113 -1032.88
H3O^1 -12.9077 -4.07228 -1026.05
H3O^1 -12.2473 -0.917797 -1026.31
H3O^1 -14.5746 -0.782155 -1029.39
H3O^1 -14.1557 -3.62668 -1026.53
H3O^1 -18.7263 -6.38333 -1021.5
H3O^1 -11.9094 -5.12856 -1020.93
H3O^1 -10.3542 -0.420726 -1004.51
H3O^1 -6.58506 -4.04403 -1006.44
H3O^1 -10.6515 0.546189 -998.871
H3O^1 -10.7414 -3.95593 -1001.98
H3O^1 -15.2687 -2.81928 -998.462
H3O^1 -16.5575 -0.216979 -995.729
H3O^1 -14.961 -4.72225 -995.698
H3O^1 -13.0179 -5.19481 -993.298
H3O^1 -13.2123 -3.44099 -993.224
H3O^1 -15.5523 -4.77173 -988.177
H3O^1 -15.09 -3.14376 -988.944
H3O^1 -12.0599 -4.12707 -988.028
H3O^1 -12.3878 -2.97984 -985.853
H3O^1 -12.025 -1.71879 -983.923
H3O^1 -14.0746 -2.19716 -979.626
H3O^1 -13.7402 -4.81772 -977.859
H3O^1 -12.697 -4.44737 -975.843
H3O^1 -17.4032 -2.19354 -975.483
H3O^1 -12.1868 -4.69473 -967.86
H3O^1 -14.1027 -3.45389 -968.378
H3O^1 -14.5386 -2.82106 -963.504
H3O^1 -14.6518 -3.73986 -965.544
H3O^1 -12.9342 -3.12074 -960.712
H3O^1 -17.7931 -3.68264 -956.574
H3O^1 -13.8899 -5.85583 -957.942
H3O^1 -12.1464 -5.13576 -952.729
H3O^1 -13.1437 -4.24661 -952.133
H3O^1 -13.3088 -6.21201 -952.62
H3O^1 -13.1072 -4.79 -949.344
H3O^1 -13.9974 -5.46464 -950.346
H3O^1 -11.6285 -4.90329 -944.581
H3O^1 -14.7757 -4.64792 -941.775
H3O^1 -14.1313 -7.1988 -935.542
H3O^1 -20.4535 -4.66678 -940.241
H3O^1 -13.0887 -7.00054 -941.053
H3O^1 -15.2072 -5.89194 -937.997
H3O^1 -12.1719 -5.51874 -931.628
H3O^1 -15.1959 -3.76541 -934.602
H3O^1 -14.8247 -6.34737 -933.991
H3O^1 -15.2361 -4.18369 -931.813
H3O^1 -15.512 -8.96504 -931.78
H3O^1 -14.5163 -7.45395 -930.749
H3O^1 -12.816 -5.80192 -933.715
H3O^1 -17.054 -3.41053 -922.974
H3O^1 -14.5697 -4.993 -920.474
H3O^1 -14.672 -8.65363 -912.901
H3O^1 -10.2109 -7.62397 -916.174
H3O^1 -10.2992 -4.25845 -916.728
H3O^1 -12.1767 -5.62138 -915.469
H3O^1 -14.9535 -5.7176 -911.777
H3O^1 -14.4908 -7.30644 -909.267
H3O^1 -15.3496 -6.75069 -909.464
H3O^1 -13.1141 -4.81078 -906.377
H3O^1 -15.2849 -6.44333 -903.8
H3O^1 -15.9896 -2.4195 -903.408
H3O^1 -13.1987 -6.45321 -899.476
H3O^1 -15.0947 -8.22534 -901.751
H3O^1 -13.0752 -8.34054 -898.923
H3O^1 -15.2163 -8.37549 -895.1
H3O^1 -12.2002 -7.93766 -892.553
H3O^1 -15.5467 -8.95171 -893.721
H3O^1 -14.9635 -4.06257 -891.648
H3O^1 -16.8863 -5.90012 -889.368
H3O^1 -17.0847 -8.56782 -886.499
H3O^1 -14.727 -6.43369 -886.547
H3O^1 -14.671 -2.11577 -891.035
H3O^1 -15.9068 -3.77831 -886.55
H3O^1 -13.9586 -7.77105 -880.816
H3O^1 -13.0217 -8.03206 -875.125
H3O^1 -15.8045 -6.09802 -881.793
H3O^1 -12.9521 -9.26818 -878.615
H3O^1 -12.9495 -6.051 -878.218
H3O^1 -15.3759 -6.48607 -875.07
H3O^1 -15.5849 -6.67474 -877.052
H3O^1 -14.6157 -8.17968 -875.438
H3O^1 -14.6198 -9.02005 -869.921
H3O^1 -14.2352 -6.36186 -868.997
H3O^1 -14.6139 -5.87619 -873.828
H3O^1 -12.2249 -4.9087 -873.526
H3O^1 -16.2828 -6.2227 -872.89
H3O^1 -14.7564 -8.15529 -865.274
H3O^1 -14.5399 -9.45838 -869.073
H3O^1 -11.9844 -7.43484 -865.91
H3O^1 -14.6019 -7.08421 -866.42
H3O^1 -15.8387 -6.21096 -862.98
H3O^1 -13.8839 -7.35161 -861.34
H3O^1 -17.0343 -4.25469 -854.145
H3O^1 -20.669 -4.72238 -852.637
H3O^1 -17.6241 -6.43187 -855.418
H3O^1 -21.0202 -7.10526 -854.532
H3O^1 -20.0385 -6.0275 -852.526
H3O^1 -20.1658 -5.62702 -853.671
H3O^1 -20.985 -4.60446 -849.859
H3O^1 -22.2227 -5.11103 -847.733
H3O^1 -18.9937 -0.788532 -847.043
H3O^1 -21.3555 -2.05903 -844.086
H3O^1 -24.5753 -3.67573 -843.947
H3O^1 -20.4071 -5.27472 -842.847
H3O^1 -28.4741 -5.06375 -842.136
H3O^1 -22.4885 -3.42579 -843.554
H3O^1 -25.8099 -2.23332 -836.137
H3O^1 -28.2174 -0.918226 -832.252
H3O^1 -27.7582 -1.76295 -830.299
H3O^1 -33.4024 -2.07015 -829.681
H3O^1 -29.4078 -0.720554 -832.637
H3O^1 -28.6586 0.53254 -830.935
H3O^1 -28.2077 -4.92851 -827.118
H3O^1 -29.9041 -1.06574 -829.943
H3O^1 -30.3426 -2.27175 -831.352
H3O^1 -31.9234 -2.42243 -828.97
H3O^1 -31.3091 -2.10692 -826.061
H3O^1 -32.7095 -4.96104 -828.592
H3O^1 -29.311 -3.4851 -825.444
H3O^1 -29.5916 -0.786896 -827.505
H3O^1 -32.4311 -1.41312 -826.584
H3O^1 -34.2479 -4.20602 -827.932
H3O^1 -30.9123 0.533701 -823.538
H3O^1 -37.2612 1.59655 -820.473
H3O^1 -40.5201 -3.31172 -814.959
H3O^1 -35.7661 3.68051 -812.656
H3O^1 -40.3039 4.46916 -805.692
H3O^1 -39.1561 3.94957 -805.92
H3O^1 -42.4109 4.88173 -802.905
H3O^1 -42.0838 6.35341 -806.091
H3O^1 -40.0065 1.43091 -801.212
H3O^1 -44.2031 5.11131 -797.702
H3O^1 -45.1233 6.0347 -796.52
H3O^1 -47.1687 6.46858 -794.831
H3O^1 -44.1489 11.3338 -793.45
H3O^1 -45.0895 7.4976 -790.204
H3O^1 -45.1521 5.2366 -789.073
H3O^1 -45.3466 7.61633 -791.616
H3O^1 -46.0435 16.7916 -776.477
H3O^1 -53.3368 14.9479 -778.143
H3O^1 -52.2336 10.4718 -774.225
H3O^1 -53.554 12.512 -776.787
H3O^1 -55.3793 11.1349 -773.723
H3O^1 -50.6877 12.0046 -772.479
H3O^1 -47.7333 10.8973 -774.596
H3O^1 -47.1623 10.6494 -772.293
H3O^1 -51.5153 13.8295 -776.089
H3O^1 -53.565 13.7177 -774.882
H3O^1 -59.3948 10.495 -773.638
H3O^1 -47.2419 13.6516 -771.253
H3O^1 -57.9872 12.8949 -770.333
H3O^1 -60.5466 13.4497 -761.565
H3O^1 -60.7167 16.1644 -759.155
H3O^1 -59.1866 18.3094 -755.465
H3O^1 -61.1532 16.5215 -759.134
H3O^1 -62.3356 17.1942 -754.046
H3O^1 -59.4689 21.6179 -755.018
H3O^1 -66.3348 16.9401 -747.928
H3O^1 -66.073 16.6909 -749.247
H3O^1 -66.0665 19.6871 -748.201
H3O^1 -65.5899 22.714 -743.905
H3O^1 -69.3235 23.1756 -738.216
H3O^1 -70.662 22.091 -740.138
H3O^1 -66.3424 25.9446 -742.446
H3O^1 -68.7032 24.9576 -738.112
H3O^1 -70.6515 23.6529 -735.903
H3O^1 -69.5393 21.74 -736.391
H3O^1 -71.3326 22.2088 -737.436
H3O^1 -71.8307 23.5379 -735.414
H3O^1 -71.8738 24.8685 -734.673
H3O^1 -76.0413 23.2393 -733.936
H3O^1 -73.5647 28.6866 -730.972
H3O^1 -72.423 28.3454 -730.614
H3O^1 -77.7936 26.6001 -726.825
H3O^1 -76.0162 28.6107 -727.516
H3O^1 -77.9058 27.3685 -723.827
H3O^1 -83.1634 31.4761 -718.837
H3O^1 -82.0668 28.68 -716.552
H3O^1 -84.0475 30.8421 -719.679
H3O^1 -90.3707 31.3251 -718.363
H3O^1 -88.3216 32.6135 -717.2
H3O^1 -86.0661 34.1481 -715.284
H3O^1 -85.5303 33.0503 -716.548
H3O^1 -88.7811 29.5172 -710.168
H3O^1 -87.2022 31.9968 -710.776
H3O^1 -88.3962 33.5981 -709.595
H3O^1 -86.5659 31.559 -710.82
H3O^1 -89.517 33.7761 -705.909
H3O^1 -87.9649 36.5403 -708.067
H3O^1 -88.5023 33.7155 -705.35
H3O^1 -95.004 38.067 -701.278
H3O^1 -93.3589 39.3569 -694.368
H3O^1 -97.867 38.9307 -688.293
H3O^1 -105.794 44.4729 -677.779
H3O^1 -106.663 47.1302 -676.627
H3O^1 -106.68 47.1596 -677.471
H3O^1 -109.912 47.1229 -672.232
H3O^1 -113.88 49.4211 -660.952
H3O^1 -117.799 51.4619 -656.321
H3O^1 -119.993 53.5733 -653.997
H3O^1 -124.825 58.1843 -645.888
H3O^1 -123.854 57.2817 -642.959
H3O^1 -127.279 57.904 -641.881
H3O^1 -128.796 62.5502 -640.442
H3O^1 -131.494 64.4935 -631.416
H3O^1 -137.744 64.3824 -621.473
H3O^1 -135.908 64.3474 -621.072
H3O^1 -139.448 64.6033 -617.836
H3O^1 -142.646 70.4398 -609.362
H3O^1 -145.886 72.4384 -615.923
H3O^1 -148.629 66.717 -605.887
H3O^1 -152.784 72.2132 -602.806
H3O^1 -154.307 73.6289 -601.769
H3O^1 -159.65 76.9505 -594.364
H3O^1 -163.425 80.7266 -590.697
H3O^1 -161.828 76.9396 -590.828
H3O^1 -163.483 79.597 -590.257
H3O^1 -168.455 81.9404 -590.581
H3O^1 -172.048 85.6577 -575.788
H3O^1 -172.294 84.4035 -579.15
H3O^1 -172.518 86.1811 -578.157
H3O^1 -176.543 85.7199 -571.858
H3O^1 -178.114 88.3095 -567.978
H3O^1 -182.816 89.9668 -562.479
H3O^1 -183.165 95.2963 -555.03
H3O^1 -196.493 94.7909 -550.418
H3O^1 -193.925 96.2534 -544.156
H3O^1 -197.263 98.5316 -542.842
H3O^1 -196.928 100.48 -542.191
H3O^1 -196.305 103.387 -543.547
H3O^1 -197.703 100.512 -537.566
H3O^1 -198.646 100.318 -538.451
H3O^1 -196.767 100.124 -538.597
H3O^1 -207.841 103.818 -532.674
H3O^1 -207.792 105.668 -530.697
H3O^1 -208.202 105.902 -524.703
H3O^1 -207.962 106.878 -528.106
H3O^1 -210.404 109.49 -525.177
H3O^1 -213.376 108.106 -525.513
H3O^1 -213.599 108.122 -523.875
H3O^1 -215.236 110.46 -518.848
H3O^1 -213.351 110.07 -518.95
H3O^1 -217.333 110.65 -516.824
H3O^1 -220.035 112.681 -514.103
H3O^1 -221.108 115.559 -513.335
H3O^1 -221.885 114.542 -510.92
H3O^1 -219.936 115.392 -512.022
H3O^1 -222.288 117.477 -504.93
H3O^1 -227.766 117.964 -507.557
H3O^1 -226.375 116.504 -505.563
H3O^1 -228.24 119.216 -505.938
H3O^1 -229.05 118.472 -502.431
H3O^1 -229.016 120.208 -499.752
H3O^1 -233.942 123.309 -495.022
H3O^1 -236.195 120.499 -494.522
H3O^1 -241.616 127.993 -486.779
H3O^1 -254.094 132.594 -469.169
H3O^1 -253.232 141.128 -461.836
H3O^1 -254.314 137.006 -462.148
H3O^1 -257.733 136.699 -464.588
H3O^1 -263.104 144.836 -450.61
H3O^1 -287.623 160.783 -417.395
H3O^1 -285.962 167.229 -411.677
H3O^1 -298.445 173.399 -399.408
H3O^1 -313.04 173.679 -382.612
H3O^1 -357.905 196.023 -349.669
H3O^1 -552.637 328.063 -477.556
H3O^1 -561.413 311.418 -502.058
H3O^1 -565.008 313.489 -506.683
H3O^1 -552.752 298.89 -517.129
H3O^1 -550.806 296.41 -519.204
H3O^1 -545.45 295.711 -519.838
H3O^1 -546.418 289.194 -519.307
H3O^1 -536.188 283.212 -519.047
H3O^1 -537.045 264.169 -515.634
H3O^1 -537.127 261.559 -513.534
H3O^1 -534.766 263.541 -510.45
H3O^1 -534.501 264.733 -508.93
H3O^1 -533.284 264.525 -505.799
H3O^1 -529.974 268.657 -494.468
H3O^1 -519.549 266.814 -484.003
H3O^1 -484.062 261.231 -453.994
H3O^1 -483.528 259.325 -452.426
H3O^1 -479 259.551 -444.431
H3O^1 -475.728 256.309 -440.526
H3O^1 -475.635 256.848 -437.461
H3O^1 -475.307 253.43 -437.537
H3O^1 -464.371 252.195 -425.011
H3O^1 -459.35 249.01 -425.423
H3O^1 -457.589 248.697 -421.331
H3O^1 -456.627 251.037 -417.761
H3O^1 -456.098 249.905 -420.581
H3O^1 -456.381 250.327 -417.326
H3O^1 -447.571 246.075 -406.342
H3O^1 -446.291 246.822 -403.368
H3O^1 -441.397 243.53 -396.833
H3O^1 -439.945 240.685 -388.493
H3O^1 -433.508 235.497 -383.959
H3O^1 -433.256 234.567 -383.045
H3O^1 -433.186 236.279 -379.925
H3O^1 -434.053 235.334 -382.57
H3O^1 -432.309 234.656 -379.057
H3O^1 -433.228 231.896 -377.77
H3O^1 -428.504 231.25 -379.978
H3O^1 -429.982 228.654 -377.557
H3O^1 -426.925 227.256 -371.892
H3O^1 -424.447 225.439 -371.965
H3O^1 -418.059 220.873 -366.844
H3O^1 -417.318 220.482 -364.49
H3O^1 -416.006 219.261 -364.244
H3O^1 -409.948 217.359 -360.3
H3O^1 -409.042 214.84 -359.537
H3O^1 -407.602 213.997 -358.137
H3O^1 -409.157 214.097 -357.422
H3O^1 -405.496 215.905 -356.431
H3O^1 -397.746 210.411 -355.82
H3O^1 -394.827 210.81 -353.766
H3O^1 -389.835 209.469 -350.464
H3O^1 -387.1 209.595 -352.789
H3O^1 -386.199 208.368 -353.56
H3O^1 -382.418 209.229 -351.117
H3O^1 -379.777 206.553 -351.545
H3O^1 -378.065 205.082 -349.263
H3O^1 -371.693 204.979 -351.769
H3O^1 -366.175 204.01 -354.691
H3O^1 -366.644 200.628 -353.001
H3O^1 -344.303 196.98 -357.002
H3O^1 -335.707 194.585 -359.572
H3O^1 -329.317 188.462 -364.86
H3O^1 -329.857 190.572 -364.534
H3O^1 -329.342 189.076 -366.5
H3O^1 -328.978 188.866 -368.042
H3O^1 -327.082 185.334 -370.879
H3O^1 -323.027 183.275 -373.487
H3O^1 -321.572 182.414 -372.203
H3O^1 -313.376 177.109 -382.354
H3O^1 -312.523 173.875 -384.916
H3O^1 -311.793 172.506 -387.027
H3O^1 -308.443 173.24 -388.359
H3O^1 -302.422 170.209 -397.663
H3O^1 -300.292 167.991 -398.242
H3O^1 -301.037 167.591 -402.198
H3O^1 -300.148 167.037 -402.883
H3O^1 -298.213 168.788 -403.555
H3O^1 -299.682 167.139 -403.303
H3O^1 -299.472 166.789 -401.727
H3O^1 -298.168 166.376 -404.228
H3O^1 -295.085 165.538 -407.072
H3O^1 -294.579 162.851 -411.044
H3O^1 -291.316 163.031 -412.03
H3O^1 -292.105 163.119 -413.338
H3O^1 -291.252 160.764 -411.288
H3O^1 -292.65 164.293 -414.985
H3O^1 -287.862 159.641 -417.905
H3O^1 -285.569 158.46 -422.57
H3O^1 -283.544 159.312 -422.955
H3O^1 -282.776 158.019 -424.173
H3O^1 -281.138 157.976 -424.352
H3O^1 -280.042 157.969 -427.132
H3O^1 -282.27 156.69 -428.563
H3O^1 -280.875 156.999 -429.052
H3O^1 -276.611 156.143 -433.17
H3O^1 -276.615 154.593 -431.764
H3O^1 -275.735 153.138 -430.408
H3O^1 -275.167 154.553 -433.13
H3O^1 -275.811 154.86 -434.516
H3O^1 -276.608 150.422 -437.819
H3O^1 -272.742 151.556 -439.051
H3O^1 -271.016 150.073 -438.834
H3O^1 -271.667 149 -440.51
H3O^1 -272.03 150.208 -440.176
H3O^1 -271.375 151.454 -441.053
H3O^1 -268.33 147.968 -446.953
H3O^1 -265.406 148.215 -449.52
H3O^1 -263.524 145.168 -450.694
H3O^1 -262.13 145.499 -451.418
H3O^1 -261.351 144.147 -453.022
H3O^1 -259.912 142.992 -454.501
H3O^1 -258.452 142.207 -457.679
H3O^1 -254.37 142.686 -462.199
H3O^1 -253.435 141.971 -463.529
H3O^1 -252.944 139.357 -462.572
H3O^1 -256.002 135.561 -464.798
H3O^1 -251.162 136.699 -467.256
H3O^1 -250.569 138.427 -469.128
H3O^1 -251.128 132.628 -469.764
H3O^1 -249.794 133.801 -470.373
H3O^1 -247.69 134.743 -471.521
H3O^1 -247.704 132.384 -473.252
H3O^1 -245.942 134.996 -474.868
H3O^1 -244.922 130.718 -477.635
H3O^1 -239.962 126.288 -485.78
H3O^1 -239.59 125.435 -486.973
H3O^1 -237.476 124.601 -489.921
H3O^1 -236.952 121.606 -492.249
H3O^1 -233.415 124.306 -494.184
H3O^1 -234.252 122.769 -493.198
H3O^1 -233.699 120.151 -495.89
H3O^1 -235.203 121.818 -496.156
H3O^1 -232.302 118.256 -496.986
H3O^1 -229.079 118.516 -503.394
H3O^1 -231.589 116.557 -502.126
H3O^1 -228.852 115.767 -502.886
H3O^1 -225.31 114.653 -510.978
H3O^1 -222.863 114.307 -511.077
H3O^1 -222.388 113.299 -512.44
H3O^1 -219.552 115.103 -512.212
H3O^1 -220.372 111.495 -514.591
H3O^1 -217.694 112.924 -514.093
H3O^1 -217.479 112.076 -513.402
H3O^1 -217.589 112.317 -516.243
H3O^1 -213.249 110.963 -522.224
H3O^1 -212.127 110.655 -524.685
H3O^1 -212.015 106.478 -522.715
H3O^1 -210.635 106.232 -522.798
H3O^1 -209.533 108.779 -528.451
H3O^1 -208.764 104.844 -529.474
H3O^1 -204.863 104.088 -533.136
H3O^1 -198.634 99.6865 -538.962
H3O^1 -198.35 98.9517 -545.756
H3O^1 -196.553 99.2413 -545.674
H3O^1 -195.084 96.2834 -549.091
H3O^1 -187.558 95.0735 -556.149
H3O^1 -184.531 89.6633 -559.773
H3O^1 -181.455 89.6842 -563.628
H3O^1 -182.258 90.9733 -564.181
H3O^1 -180.197 88.6578 -562.926
H3O^1 -179.081 90.5272 -567.206
H3O^1 -178.103 88.2017 -568.337
H3O^1 -176.431 87.1553 -575.628
H3O^1 -171.892 85.2785 -572.633
H3O^1 -173.627 84.9341 -576.269
H3O^1 -169.447 84.4808 -578.231
H3O^1 -168.65 83.9784 -579.393
H3O^1 -170.848 82.7666 -581.23
H3O^1 -162.558 80.8306 -587.861
H3O^1 -162.136 78.9639 -585.689
H3O^1 -161.482 78.7232 -590.059
H3O^1 -161.216 77.5911 -593.535
H3O^1 -158.058 77.2601 -595.757
H3O^1 -156.766 76.8752 -599.723
H3O^1 -156.518 73.3466 -603.347
H3O^1 -155.859 75.4924 -597.112
H3O^1 -154.497 73.4554 -600.085
H3O^1 -156.544 73.4887 -598.366
H3O^1 -155.537 74.7043 -599.429
H3O^1 -151.503 72.4383 -607.713
H3O^1 -151.635 72.2607 -605.975
H3O^1 -149.156 68.5083 -609.619
H3O^1 -148.18 72.1803 -611.465
H3O^1 -147.293 67.239 -609.075
H3O^1 -145.627 68.4713 -613.356
H3O^1 -143.341 69.1619 -613.345
H3O^1 -143.41 66.2219 -616.986
H3O^1 -141.767 66.1247 -617.108
H3O^1 -138.299 65.1593 -623.539
H3O^1 -137.131 65.3263 -624.468
H3O^1 -140.428 63.4791 -622.405
H3O^1 -135.36 63.8055 -628.624
H3O^1 -135.557 62.2302 -626.556
H3O^1 -130.517 65.8095 -628.601
H3O^1 -134.793 59.1299 -630.953
H3O^1 -129.776 63.991 -634.321
H3O^1 -133.421 61.041 -633.123
H3O^1 -130.712 60.9542 -639.498
H3O^1 -128.623 61.673 -637.042
H3O^1 -130.496 58.7429 -639.367
H3O^1 -126.252 59.9669 -640.347
H3O^1 -126.988 58.0616 -640.623
H3O^1 -122.502 57.0691 -644.359
H3O^1 -122.387 55.4473 -642.445
H3O^1 -123.508 58.0513 -643.914
H3O^1 -121.824 56.7331 -645.921
H3O^1 -120.077 59.5245 -655.133
H3O^1 -120.878 54.7942 -650.741
H3O^1 -122.055 54.6771 -649.235
H3O^1 -114.263 50.8651 -650.943
H3O^1 -117.847 55.5425 -649.964
H3O^1 -120.162 56.6332 -651.679
H3O^1 -119.813 53.1632 -655.381
H3O^1 -120.555 52.7946 -651.98
H3O^1 -113.084 52.5084 -659.772
H3O^1 -115.358 51.7482 -659.186
H3O^1 -114.592 50.5394 -662.024
H3O^1 -113.935 51.4141 -660.089
H3O^1 -114.74 49.6443 -662.698
H3O^1 -112.125 49.6285 -663.229
H3O^1 -115.656 45.6737 -661.967
H3O^1 -109.395 44.2754 -669.046
H3O^1 -111.783 49.6705 -669.345
H3O^1 -109.768 43.7301 -667.231
H3O^1 -105.531 45.9572 -679.222
H3O^1 -103.542 43.2755 -677.798
H3O^1 -103.083 45.3902 -681.371
H3O^1 -102.159 43.103 -682.542
H3O^1 -102.662 43.5106 -685.404
H3O^1 -103.799 40.8324 -687.412
H3O^1 -100.971 40.9003 -687.097
H3O^1 -94.3486 39.4469 -694.061
H3O^1 -96.6063 38.9925 -693.733
H3O^1 -95.2215 38.0049 -695.954
H3O^1 -95.8661 40.8805 -695.406
H3O^1 -95.1241 37.986 -697.674
H3O^1 -91.4528 36.4365 -697.114
H3O^1 -92.9413 35.9817 -701.943
H3O^1 -91.2824 35.6334 -700.279
H3O^1 -91.7758 35.4119 -700.368
H3O^1 -92.963 37.7614 -704.521
H3O^1 -90.7255 33.9401 -704.474
H3O^1 -90.1257 36.4012 -705.325
H3O^1 -88.8878 32.6073 -711.487
H3O^1 -87.9213 32.054 -707.599
H3O^1 -90.1828 32.7078 -704.847
H3O^1 -86.8849 35.5433 -706.411
H3O^1 -85.1198 33.2951 -711.245
H3O^1 -87.4345 32.1752 -713.475
H3O^1 -88.359 31.1634 -713.258
H3O^1 -85.2291 30.9004 -712.206
H3O^1 -85.2052 33.1067 -713.455
H3O^1 -86.8577 31.871 -714.346
H3O^1 -84.3227 31.1516 -713.334
H3O^1 -84.7303 31.0722 -714.927
H3O^1 -85.9174 30.9316 -711.201
H3O^1 -83.925 28.2314 -713.078
H3O^1 -81.1972 28.5554 -715.679
H3O^1 -82.9098 31.3741 -715.094
H3O^1 -84.4354 30.6547 -717.355
H3O^1 -81.4416 29.7181 -719.638
H3O^1 -82.4035 30.1202 -719.817
H3O^1 -81.2749 31.6782 -718.583
H3O^1 -82.2055 27.4343 -720.501
H3O^1 -79.8221 30.004 -722.383
H3O^1 -76.9022 26.9984 -725.026
H3O^1 -77.8259 27.0435 -720.676
H3O^1 -77.5129 26.558 -727.229
H3O^1 -76.9258 25.997 -729.557
H3O^1 -73.7812 25.3811 -731.264
H3O^1 -73.4652 24.9086 -734.967
H3O^1 -73.4453 24.7973 -734.707
H3O^1 -72.2349 23.979 -735.815
H3O^1 -72.1763 23.3346 -737.624
H3O^1 -74.2806 23.6503 -737.732
H3O^1 -71.9127 24.8804 -737.16
H3O^1 -70.318 24.9078 -740.652
H3O^1 -68.9899 21.3611 -739.576
H3O^1 -68.3169 21.1043 -744.72
H3O^1 -64.0774 21.3442 -748.995
H3O^1 -64.6214 19.2649 -749.415
H3O^1 -64.9106 16.2813 -747.512
H3O^1 -61.5853 18.4899 -753.528
H3O^1 -62.9764 16.1413 -756.18
H3O^1 -60.209 16.989 -758.333
H3O^1 -59.1237 18.1412 -756.732
H3O^1 -60.8677 16.7142 -759.249
H3O^1 -61.59 18.1925 -758.252
H3O^1 -62.5965 15.2456 -758.964
H3O^1 -61.7557 14.6807 -757.341
H3O^1 -61.6118 14.7996 -765.923
H3O^1 -58.9769 16.7811 -762.623
H3O^1 -59.6691 13.8995 -765.923
H3O^1 -56.5087 14.7887 -764.264
H3O^1 -54.8332 13.4039 -767.663
H3O^1 -53.1247 13.827 -772.126
H3O^1 -53.7943 14.2856 -770.561
H3O^1 -55.9262 12.6323 -772.259
H3O^1 -53.0581 13.1964 -775.005
H3O^1 -53.808 12.7745 -775.062
H3O^1 -53.7638 12.2165 -778.468
H3O^1 -51.5339 10.1609 -777.671
H3O^1 -53.2982 9.71036 -782.157
H3O^1 -50.8815 8.37659 -787.363
H3O^1 -47.9602 9.72286 -788.849
H3O^1 -46.9645 8.38121 -789.206
H3O^1 -47.8759 8.47323 -791.319
H3O^1 -46.8559 7.7039 -791.725
H3O^1 -44.8278 8.83978 -792.022
H3O^1 -44.7489 8.72688 -794.505
H3O^1 -46.3276 8.59955 -794.154
H3O^1 -45.7725 6.16437 -796.765
H3O^1 -46.5363 8.20621 -799.84
H3O^1 -41.9158 10.948 -798.448
H3O^1 -46.2548 6.22094 -797.82
H3O^1 -44.047 4.91038 -799.471
H3O^1 -43.7575 3.98689 -799.951
H3O^1 -43.1282 5.59384 -802.275
H3O^1 -42.7182 5.22041 -803.096
H3O^1 -42.7246 5.10967 -803.251
H3O^1 -45.7054 6.13181 -800.779
H3O^1 -43.6651 3.10404 -803.557
H3O^1 -40.7693 3.49315 -801.693
H3O^1 -41.6897 4.29605 -804.48
H3O^1 -39.291 2.45463 -805.838
H3O^1 -39.4896 3.70649 -803.882
H3O^1 -41.6331 4.75923 -809.003
H3O^1 -38.9284 3.50205 -811.275
H3O^1 -38.3439 2.04277 -812.515
H3O^1 -37.0284 2.94818 -811.78
H3O^1 -38.0163 1.06391 -813.008
H3O^1 -36.0438 1.14803 -814.778
H3O^1 -38.7023 3.36123 -815.755
H3O^1 -33.6348 1.14379 -816.286
H3O^1 -35.333 2.89112 -813.714
H3O^1 -36.6773 2.92002 -815.145
H3O^1 -38.5453 0.950958 -816.08
H3O^1 -37.1536 1.13324 -812.81
H3O^1 -34.252 0.997732 -817.022
H3O^1 -34.6167 0.183927 -819.685
H3O^1 -34.3605 1.03776 -822.29
H3O^1 -31.8835 0.350986 -823.712
H3O^1 -31.9117 -1.45512 -823.781
H3O^1 -33.1135 -1.92783 -825.221
H3O^1 -30.387 -1.79754 -826.487
H3O^1 -30.5755 -1.21193 -830.291
H3O^1 -27.7073 -0.571664 -829.566
H3O^1 -29.7058 -1.57099 -828.693
H3O^1 -30.2791 -1.39063 -831.624
H3O^1 -27.3648 -2.20478 -834.768
H3O^1 -27.307 -1.5788 -837.78
H3O^1 -26.9123 -2.02003 -838.806
H3O^1 -26.5819 -3.37325 -838.707
H3O^1 -26.1883 -2.89599 -840.797
H3O^1 -23.9878 0.168279 -838.795
H3O^1 -24.7173 -3.98068 -843.239
H3O^1 -25.0087 -3.85188 -846.057
H3O^1 -21.7537 -5.02849 -845.36
H3O^1 -21.1731 -4.47814 -845.419
H3O^1 -22.0838 -5.0344 -848.904
H3O^1 -18.2341 -3.32601 -851.885
H3O^1 -20.2689 -5.93883 -853.563
H3O^1 -15.238 -4.04042 -854.576
H3O^1 -17.9528 -6.71426 -856.017
H3O^1 -19.1961 -6.54787 -855.896
H3O^1 -17.6531 -7.26618 -857.424
H3O^1 -17.6015 -7.04507 -859.274
H3O^1 -15.6309 -8.17616 -862.058
H3O^1 -15.6721 -8.2441 -860.123
H3O^1 -16.9355 -8.82854 -867.905
H3O^1 -15.7523 -9.70844 -868.07
H3O^1 -18.1793 -4.19106 -877.937
H3O^1 -11.781 -6.88694 -874.467
H3O^1 -14.8751 -6.20729 -879.928
H3O^1 -16.2219 -6.94822 -879.206
H3O^1 -13.3241 -8.24232 -881.673
H3O^1 -16.4095 -6.91461 -880.69
H3O^1 -15.2908 -6.67872 -887.092
H3O^1 -13.8946 -6.70828 -890.267
H3O^1 -16.6144 -5.87904 -890.035
H3O^1 -16.033 -6.77708 -887.564
H3O^1 -15.8777 -6.55689 -892.061
H3O^1 -15.498 -9.55996 -894.694
H3O^1 -14.7419 -5.61511 -894.221
H3O^1 -14.6913 -6.86011 -894.579
H3O^1 -14.5577 -8.76996 -895.542
H3O^1 -15.8058 -7.54308 -897.95
H3O^1 -14.8446 -4.88111 -895.585
H3O^1 -14.4873 -7.35066 -896.162
H3O^1 -14.9942 -8.16329 -898.87
H3O^1 -14.183 -7.15492 -900.372
H3O^1 -14.4716 -8.72653 -904.083
H3O^1 -14.1267 -7.19254 -907.624
H3O^1 -17.0064 -8.577 -909.913
H3O^1 -17.6519 -5.51818 -908.407
H3O^1 -13.3765 -5.52598 -912.73
H3O^1 -15.673 -6.42397 -915.65
H3O^1 -14.0084 -6.87907 -919.415
H3O^1 -14.6617 -8.08678 -918.508
H3O^1 -14.9673 -5.92323 -917.2
H3O^1 -14.5446 -4.95359 -923.033
H3O^1 -15.5991 -3.20123 -924.227
H3O^1 -14.3496 -6.92421 -926.426
H3O^1 -16.0203 -4.27109 -922.862
H3O^1 -15.9298 -7.45797 -922.306
H3O^1 -15.541 -5.65078 -925.981
H3O^1 -14.3563 -6.92698 -923.878
H3O^1 -15.9582 -5.77099 -923.036
H3O^1 -17.153 -5.68473 -927.768
H3O^1 -14.4687 -4.91904 -928.458
H3O^1 -15.1178 -8.83148 -926.73
H3O^1 -14.7845 -7.61683 -930.875
H3O^1 -14.8735 -5.27505 -935.476
H3O^1 -15.4827 -7.64176 -933.735
H3O^1 -15.8581 -6.66081 -933.938
H3O^1 -14.8416 -5.75423 -936.572
H3O^1 -8.29899 -3.57638 -937.348
H3O^1 -16.9595 -5.24344 -934.829
H3O^1 -17.3204 -4.25004 -936.206
H3O^1 -16.4034 -4.15671 -941.615
H3O^1 -16.2985 -3.42383 -940.455
H3O^1 -13.8904 -6.55867 -944.351
H3O^1 -13.4109 -3.44128 -947.469
H3O^1 -13.9333 -3.32108 -949.024
H3O^1 -15.0809 -4.17005 -950.242
H3O^1 -13.7808 -5.56825 -951.257
H3O^1 -14.2347 -5.99535 -953.275
H3O^1 -16.7862 -5.29093 -953.428
H3O^1 -15.6526 -7.94928 -953.03
H3O^1 -17.5448 -0.611962 -951.984
H3O^1 -14.4893 -4.64853 -956.917
H3O^1 -15.0231 -2.56348 -957.83
H3O^1 -13.9925 -3.04642 -959.745
H3O^1 -19.0447 -5.96622 -960.638
H3O^1 -13.2076 -3.76171 -960.854
H3O^1 -13.8252 -4.14466 -963.613
H3O^1 -13.7338 -3.48795 -966.415
H3O^1 -14.0227 -4.03473 -967.73
H3O^1 -13.7219 -4.26791 -967.249
H3O^1 -15.9641 -6.48343 -969.278
H3O^1 -15.7363 -2.26993 -969.608
H3O^1 -13.8242 -4.64099 -971.293
H3O^1 -14.4007 -6.10249 -974.046
H3O^1 -14.6315 -2.39742 -978.737
H3O^1 -15.8733 -3.06247 -979.345
H3O^1 -18.1439 0.458646 -980.891
H3O^1 -13.8998 -1.89184 -982.124
H3O^1 -12.4424 -5.57109 -985.609
H3O^1 -14.9643 -2.77671 -988.468
H3O^1 -13.0371 -4.85523 -985.41
H3O^1 -14.2111 -3.68845 -986.756
H3O^1 -12.615 -2.14606 -993.993
H3O^1 -14.3111 -1.40123 -996.649
H3O^1 -16.299 -3.14444 -996.455
H3O^1 -11.4867 -1.99382 -996.895
H3O^1 -15.3202 -1.72978 -997.704
H3O^1 -13.4907 -2.03681 -1000.31
H3O^1 -12.6967 -3.12031 -999.749
H3O^1 -13.4685 -0.590161 -1007.13
H3O^1 -13.2078 -0.543243 -1007.45
H3O^1 -15.3519 -2.44871 -1010.12
H3O^1 -14.2687 -1.54038 -1008.53
H3O^1 -13.3453 -2.26989 -1013.4
H3O^1 -14.2956 -4.87233 -1015.24
H3O^1 -13.6668 0.789896 -1022.66
H3O^1 -12.2025 -1.22584 -1033.96
H3O^1 -13.564 -5.80613 -1033.26
H3O^1 -7.64989 4.34299 -1036.78
H3O^1 -14.8846 -2.04836 -1036.48
H3O^1 -13.7639 -1.08252 -1037.76
H3O^1 -12.9737 -0.844464 -1041.19
H3O^1 -11.7721 -3.26847 -1040.92
H3O^1 -11.3747 0.728043 -1042.67
H3O^1 -12.3607 -3.32158 -1044.06
H3O^1 -15.516 0.677812 -1043.02
H3O^1 -14.3294 -2.31082 -1045.5
H3O^1 -14.0217 -4.98232 -1047.57
H3O^1 -12.1054 -0.568764 -1048.05
H3O^1 -11.1511 0.154865 -1049.38
H3O^1 -11.3554 -1.46268 -1051.68
H3O^1 -13.6636 -2.06583 -1057.04
H3O^1 -12.7253 -2.14994 -1058.34
H3O^1 -11.7891 -1.70642 -1066.34
H3O^1 -12.3531 -2.57354 -1066.05
H3O^1 -11.5009 -0.488657 -1067.82
H3O^1 -12.5415 -1.35945 -1066.71
H3O^1 -15.7535 -2.9872 -1073.7
H3O^1 -10.6571 -1.90596 -1073.55
H3O^1 -10.7108 0.487523 -1072.35
H3O^1 -12.9968 -2.38204 -1075.15
H3O^1 -15.4109 -0.939708 -1076.44
H3O^1 -12.5299 -2.5679 -1078.18
H3O^1 -11.6068 -0.0962877 -1076.57
H3O^1 -11.85 0.970596 -1079.44
H3O^1 -11.3521 0.218553 -1077.59
H3O^1 -13.8644 -1.34317 -1080.51
H3O^1 -11.2464 3.21276 -1087.63
H3O^1 -10.4906 0.921999 -1092.88
H3O^1 -10.9585 -0.481169 -1092.67
H3O^1 -11.2547 0.179121 -1093.67
H3O^1 -11.3504 0.806358 -1097.11
H3O^1 -10.4857 -0.597822 -1101.62
H3O^1 -9.23688 -1.15197 -1104.11
H3O^1 -10.1007 -1.35247 -1109.28
H3O^1 -11.622 -3.84201 -1110.15
H3O^1 -13.2223 2.75912 -1118.47
H3O^1 -9.48899 1.94228 -1120.4
H3O^1 -11.4551 -0.250547 -1122.61
H3O^1 -10.8476 2.15835 -1120.64
H3O^1 -8.96881 1.01315 -1127.33
H3O^1 -9.66005 0.335052 -1124.48
H3O^1 -14.8229 -1.0783 -1134.68
H3O^1 -9.22623 1.90058 -1135.84
H3O^1 -11.1541 1.139 -1134.43
H3O^1 -11.2078 -1.66621 -1135.6
H3O^1 -7.4525 2.36053 -1135.33
H3O^1 -9.53641 1.20248 -1135.58
H3O^1 -10.7202 -0.443549 -1137.51
H3O^1 -11.3632 0.994876 -1140.18
H3O^1 -11.0201 0.115694 -1150.51
H3O^1 -8.32772 2.05174 -1153.06
H3O^1 -8.92035 1.15781 -1153.23
H3O^1 -10.0584 1.47566 -1151.63
H3O^1 -8.65155 1.09475 -1157.1
H3O^1 -10.9281 1.16296 -1156.93
H3O^1 -9.5721 1.90248 -1157.84
H3O^1 -9.92861 0.910926 -1159.22
H3O^1 -9.65291 1.90322 -1159.41
H3O^1 -10.1571 1.51583 -1158.11
H3O^1 -9.09814 2.069 -1166.33
H3O^1 -11.2998 1.87549 -1164.76
H3O^1 -10.9729 5.08699 -1165.1
H3O^1 -9.53011 1.9442 -1169.7
H3O^1 -8.69834 1.19481 -1167.37
H3O^1 -10.3389 1.24117 -1168.8
H3O^1 -8.68656 -0.0920122 -1169.89
H3O^1 -7.14551 2.3341 -1182.51
H3O^1 -8.88679 1.25939 -1182.62
H3O^1 -9.16965 2.03847 -1183
H3O^1 -8.43358 3.61599 -1184.6
H3O^1 -7.76172 0.819309 -1186.93
H3O^1 -10.2994 1.88814 -1187.6
H3O^1 -8.98247 1.11155 -1186.63
H3O^1 -9.95611 3.48886 -1188.71
H3O^1 -10.9004 4.06796 -1193.51
H3O^1 -9.36523 2.13331 -1193.47
H3O^1 -7.38404 2.67185 -1193.24
H3O^1 -10.0376 0.775781 -1194.93
H3O^1 -10.0287 0.893917 -1196.46
H3O^1 -10.1826 2.30329 -1198.3
H3O^1 -8.2191 2.53277 -1199.25
H3O^1 -8.45761 1.9841 -1209.21
H3O^1 -7.7296 5.18411 -1207.5
H3O^1 -7.46643 1.81783 -1209.5
H3O^1 -7.31751 2.62059 -1210.46
H3O^1 -7.07146 1.3996 -1211.4
H3O^1 -9.58852 0.942335 -1210.21
H3O^1 -6.10346 -0.221305 -1211.29
H3O^1 -10.3518 1.01612 -1211.14
H3O^1 -7.82727 -0.00998871 -1210.28
H3O^1 -8.2095 4.66944 -1211.9
H3O^1 -7.392 2.51953 -1214.96
H3O^1 -7.81159 1.28558 -1214.3
H3O^1 -7.13661 0.336488 -1215.12
H3O^1 -6.50398 2.07659 -1216.64
H3O^1 -7.6412 2.70487 -1214.55
H3O^1 -9.7456 3.75187 -1214.49
H3O^1 -6.93193 2.61403 -1218.7
H3O^1 -7.9866 2.4578 -1221.5
H3O^1 -8.89585 1.36694 -1220.54
H3O^1 -7.94752 3.35007 -1221.78
H3O^1 -7.22297 3.14563 -1223.36
H3O^1 -7.68187 3.23943 -1225.15
H3O^1 -9.20294 3.07462 -1226.19
H3O^1 -7.16957 1.73958 -1226.63
H3O^1 -8.556 4.47043 -1231.46
H3O^1 -8.53004 -0.195554 -1232.39
H3O^1 -6.25869 3.78 -1234.64
H3O^1 -5.92216 2.96509 -1233.78
H3O^1 -8.75273 0.137182 -1234.26
H3O^1 -6.95889 2.69303 -1237.24
H3O^1 -8.73617 2.55415 -1238.16
H3O^1 -7.75443 1.6579 -1235.63
H3O^1 -6.91957 3.4396 -1239.02
H3O^1 -9.29131 1.29228 -1240.87
H3O^1 -10.6423 1.9155 -1242.26
H3O^1 -7.90998 4.85443 -1238.83
H3O^1 -6.58082 0.467677 -1251.21
H3O^1 -6.91921 2.3195 -1252.3
H3O^1 -4.76778 -3.62507 -1253.74
H3O^1 -8.02005 2.64333 -1262.01
H3O^1 -7.89032 1.65396 -1263.27
H3O^1 -3.76331 2.24578 -1264.19
H3O^1 -6.86122 3.60301 -1263.24
H3O^1 -6.50742 0.563715 -1266.69
H3O^1 -6.87599 2.39177 -1269.39
H3O^1 -7.30442 3.16539 -1268.23
H3O^1 -8.22592 2.38116 -1272.18
H3O^1 -7.5164 2.11028 -1270.96
H3O^1 -5.4944 0.139157 -1271.85
H3O^1 -6.00767 1.22026 -1270.53
H3O^1 -5.72869 2.03919 -1276.94
H3O^1 -5.57346 1.07405 -1277.99
H3O^1 -6.08075 3.18356 -1280.76
H3O^1 -6.57398 2.93634 -1284.15
H3O^1 -6.59639 5.16399 -1284.18
H3O^1 -5.70951 2.52899 -1292.14
H3O^1 -7.88443 4.31545 -1292.64
H3O^1 -5.59725 1.8969 -1289.87
H3O^1 -5.37863 1.48598 -1292.53
H3O^1 -5.34674 1.83673 -1292.55
H3O^1 -8.37383 2.67803 -1294.65
H3O^1 -5.87555 1.86171 -1296.11
H3O^1 -5.94957 2.4501 -1294.12
H3O^1 -5.35569 4.06768 -1296
H3O^1 -5.42472 1.21988 -1301.14
H3O^1 -3.37985 -0.562924 -1301.29
H3O^1 -5.89874 1.7737 -1306.28
H3O^1 -5.46903 3.22825 -1305
H3O^1 -3.33149 0.851653 -1307.69
H3O^1 -7.26623 -0.293064 -1310
H3O^1 -8.80005 2.12386 -1309.45
H3O^1 -6.29536 2.06905 -1312.51
H3O^1 -6.53742 2.68145 -1322.6
H3O^1 -6.79706 2.53158 -1324.01
H3O^1 -7.41551 2.84358 -1324.79
H3O^1 -4.08536 3.13242 -1326.94
H3O^1 -6.00819 2.0218 -1332.35
H3O^1 -4.10313 3.19567 -1331.29
H3O^1 -3.19707 1.00065 -1333.2
H3O^1 -3.10012 -1.84239 -1333.56
H3O^1 -6.27693 0.714583 -1334.98
H3O^1 -4.05313 3.27828 -1334.38
H3O^1 -5.14051 2.53924 -1339.86
H3O^1 -6.11876 3.13534 -1343.26
H3O^1 -4.2773 0.42772 -1344.83
H3O^1 -5.83801 -0.527607 -1350.82
H3O^1 -6.13228 3.44522 -1348.59
H3O^1 -2.58713 3.42721 -1358.06
H3O^1 -4.06723 -0.615424 -1358.54
H3O^1 -10.9958 -0.513934 -1354.97
H3O^1 -8.30829 1.55983 -1358.4
H3O^1 -4.95902 -2.86853 -1361.33
H3O^1 -4.19045 1.6739 -1367.05
H3O^1 -2.21342 -0.552403 -1368.77
H3O^1 -3.37174 4.74895 -1368.59
H3O^1 -5.10269 0.591653 -1366.74
H3O^1 -2.30822 0.178213 -1372.65
H3O^1 -3.78229 2.77531 -1371.08
H3O^1 -5.23516 2.29983 -1376.05
H3O^1 -1.24372 1.53313 -1377.86
H3O^1 -2.58117 1.34726 -1381
H3O^1 -3.66764 1.09075 -1383.15
H3O^1 -2.94621 0.114623 -1380.58
H3O^1 -3.85078 0.622225 -1383.57
H3O^1 -4.84724 -1.27191 -1384.89
H3O^1 -5.58071 -1.27012 -1388.21
H3O^1 -2.22389 -3.19051 -1387.43
H3O^1 -2.20038 -0.547947 -1391.63
H3O^1 -3.70053 1.78566 -1393.98
H3O^1 -0.480563 -0.212597 -1396.41
H3O^1 -2.46557 -0.00221268 -1393.23
H3O^1 -3.02431 1.17499 -1396.87
H3O^1 -4.92562 -0.669836 -1401.75
H3O^1 -4.51295 0.448826 -1403.71
H3O^1 -2.51833 -0.391733 -1401.61
H3O^1 -1.88033 0.541083 -1403.92
H3O^1 -2.2207 0.927352 -1401.91
H3O^1 -3.95645 2.90839 -1406.05
H3O^1 -3.78062 1.25651 -1405.41
H3O^1 -2.5858 0.543165 -1417.22
H3O^1 -4.20117 0.881437 -1421.52
H3O^1 -0.847317 -0.311544 -1422.67
H3O^1 -3.0296 0.601975 -1420.58
H3O^1 0.0707109 1.61359 -1422.76
H3O^1 -0.589262 0.247872 -1427.17
H3O^1 -1.21416 -0.33223 -1425.83
H3O^1 -3.1354 1.35784 -1431.97
H3O^1 2.03602 -1.46313 -1436.69
H3O^1 -1.85322 1.85372 -1438.32
H3O^1 4.63555 3.93416 -1436.96
H3O^1 -2.88679 -1.87589 -1435.22
H3O^1 1.36442 0.430591 -1440.48
H3O^1 -1.09076 0.299526 -1441.64
H3O^1 -1.67159 1.22324 -1439.48
H3O^1 -0.507788 0.579918 -1440.3
H3O^1 -2.19412 2.46994 -1443.97
H3O^1 3.27948 0.310836 -1443.95
H3O^1 -0.31966 1.1777 -1441.87
H3O^1 -0.00494369 0.522335 -1448.46
H3O^1 -2.00447 0.244197 -1447.54
H3O^1 -1.7686 0.173084 -1451.1
H3O^1 -1.62777 -1.58515 -1449.86
H3O^1 -1.78654 -0.212721 -1448.66
H3O^1 -0.0904729 0.544243 -1452.12
H3O^1 -0.610951 -1.00495 -1453.53
H3O^1 0.77837 -1.02032 -1454.15
H3O^1 -0.436391 1.65978 -1456.29
H3O^1 -2.13861 1.73872 -1453.57
H3O^1 -0.998847 1.094 -1458.69
H3O^1 -4.31728 0.00682593 -1458.1
H3O^1 -1.36659 -2.03679 -1458.66
H3O^1 0.321085 0.269235 -1469.05
H3O^1 -0.505349 2.14106 -1469.66
H3O^1 -0.525564 2.04572 -1471.34
H3O^1 0.269735 1.92545 -1472.95
H3O^1 0.609485 0.110973 -1477.02
H3O^1 0.291704 -0.702379 -1478.31
H3O^1 -0.440824 2.12473 -1477.21
H3O^1 1.06167 0.669818 -1477.84
H3O^1 -0.810299 0.339595 -1479.66
H3O^1 0.292974 0.82053 -1481.59
H3O^1 -2.44084 -0.300535 -1482.84
H3O^1 -0.274196 -0.07111 -1483.82
H3O^1 0.24585 0.180502 -1482.41
H3O^1 -1.56895 0.227964 -1484.74
H3O^1 1.37341 -1.06862 -1484.93
H3O^1 1.34632 4.16047 -1485.32
H3O^1 1.3931 1.54178 -1490.44
H3O^1 -1.45659 -1.59919 -1490.09
H3O^1 -0.258015 0.825285 -1493.81
H3O^1 -2.52068 1.72602 -1332.73
H3O^1 -7.54643 1.61792 -1213.7
H3O^1 -10.712 1.10749 -1145.36
H3O^1 -14.1684 -6.75144 -875.334
H3O^1 -103.867 43.3507 -678.61
H3O^1 -332.196 193.589 -358.688
H3O^1 -512.453 265.852 -479.807
H3O^1 -510.144 268.77 -480.169
H3O^1 -366.014 203.302 -353.335
H3O^1 -337.169 191.218 -358.137
H3O^1 -325.215 184.382 -370.776
H3O^1 -319.013 179.563 -378.682
H3O^1 -315.776 177.196 -378.247
H3O^1 -313.704 175.686 -380.894
H3O^1 -282.887 159.545 -425.793
H3O^1 -263.312 143.069 -453.492
H3O^1 -242.811 126.379 -481.348
H3O^1 -228.963 116.63 -501.177
H3O^1 -150.268 69.8958 -602.368
H3O^1 -144.277 65.6069 -619.449
H3O^1 -135.753 63.7116 -626.012
H3O^1 -123.44 58.4723 -645.388
H3O^1 -119.884 53.8419 -643.611
H3O^1 -106.808 45.8977 -673.96
H3O^1 -105.335 45.4393 -682.984
H3O^1 -92.9435 39.1941 -699.715
H3O^1 -84.2833 32.5118 -715.898
H3O^1 -59.0635 14.6185 -758.134
H3O^1 -48.3208 8.40745 -790.641
H3O^1 -44.5545 6.2809 -799.413
H3O^1 -35.9816 1.12783 -813.238
H3O^1 -32.7076 -2.4967 -823.353
H3O^1 -19.1006 -7.16283 -853.428
H3O^1 -15.0669 -3.44388 -980.363
H3O^1 -12.1642 -0.968885 -1096.57
H3O^1 -13.7008 0.358001 -1108.87
H3O^1 -10.4507 -0.73956 -1103.27
H3O^1 -9.63384 1.70926 -1193.71
H3O^1 -8.89154 2.26506 -1210.47
H3O^1 -5.49374 5.53568 -1215.76
H3O^1 -6.71135 3.3038 -1238.16
H3O^1 -7.25863 3.46446 -1275.49
H3O^1 -7.77339 -0.138572 -1284.1
H3O^1 -6.6173 1.69243 -1312.17
H3O^1 -3.90678 0.886944 -1372.17
H3O^1 -1.79328 1.30887 -1396.74
H3O^1 -1.28564 -0.382496 -1403.66
H3O^1 -0.953286 -0.554087 -1456.92
H3O^1 -2.15565 0.733667 -1465.06
H3O^1 2.39998 1.42845 -1486.29
H3O^1 -2.66644 1.55842 -1402.69
H3O^1 -3.90976 3.54937 -1367.73
H3O^1 -5.26329 3.35485 -1296.6
H3O^1 -7.53975 7.63014 -1273.82
H3O^1 -16.3731 -2.82809 -1055.52
H3O^1 -12.3398 -1.78926 -954.45
H3O^1 -16.8771 -7.13841 -902.035
H3O^1 -48.4245 6.99969 -784.047
H3O^1 -247.724 133.986 -472.077
H3O^1 -438.082 238.087 -386.835
H3O^1 -409.074 218.468 -359.688
H3O^1 -326 186.979 -368.398
H3O^1 -309.265 172.115 -389.999
H3O^1 -293.921 164.699 -409.313
H3O^1 -272.607 151.26 -436.289
H3O^1 -263.991 147.309 -449.842
H3O^1 -244.691 132.783 -476.787
H3O^1 -225.455 114.177 -506.792
H3O^1 -190.364 95.5457 -549.768
H3O^1 -167.334 85.7005 -581.23
H3O^1 -150.209 76.717 -609.978
H3O^1 -58.6224 16.2692 -763.574
H3O^1 -51.4329 12.6234 -776.283
H3O^1 -39.5987 5.52258 -806.731
H3O^1 -38.5622 2.29474 -810.762
H3O^1 -27.3409 -0.854097 -835.595
H3O^1 -24.1561 -1.72438 -837.655
H3O^1 -14.7367 -6.2406 -865.122
H3O^1 -16.0931 -6.28723 -889.336
H3O^1 -16.2013 -7.73893 -903.506
H3O^1 -15.9255 -6.73083 -917.737
H3O^1 -14.1448 -6.35145 -948.454
H3O^1 -14.8677 -5.79179 -959.524
H3O^1 -15.3716 -3.40073 -975.328
H3O^1 -14.8557 0.396867 -1004.11
H3O^1 -14.8665 -2.31935 -1009.63
H3O^1 -8.80662 1.29768 -1161.45
H3O^1 -4.7075 2.19729 -1293.74
H3O^1 -6.53511 5.09948 -1304.12
H3O^1 -4.77166 0.631339 -1348.21
H3O^1 -4.2545 1.97863 -1355.89
H3O^1 -4.59266 2.4589 -1360.02
H3O^1 -4.06352 0.681945 -1375.35
H3O^1 -3.65217 3.52187 -1408.43
H3O^1 -0.991083 -0.993457 -1418.63
H3O^1 0.38146 -1.29364 -1464.02
H3O^1 -1.34661 -0.837171 -1478.74
H3O^1 -1.01566 -2.99504 -1480.05
H3O^1 -4.95348 -2.90446 -1465.04
H3O^1 -6.41904 2.45028 -1431.47
H3O^1 -4.35199 1.96452 -1376.16
H3O^1 1.97219 2.10676 -1369.14
H3O^1 -4.41034 -0.553225 -1358.07
H3O^1 -5.93134 1.03503 -1297.65
H3O^1 -9.01327 1.31532 -1294.78
H3O^1 -6.69401 3.48228 -1287.74
H3O^1 -8.43738 2.26483 -1286.16
H3O^1 -5.96411 0.208318 -1276.81
H3O^1 -10.5634 1.32256 -1266.38
H3O^1 -10.1422 1.38182 -1261.53
H3O^1 -8.69171 -0.249436 -1258.41
H3O^1 -5.89182 1.33739 -1255.5
H3O^1 -6.71017 5.31829 -1253.1
H3O^1 -7.08388 2.8854 -1231.65
H3O^1 -8.06273 2.54812 -1229.71
H3O^1 -13.3165 2.97428 -1174.56
H3O^1 -11.1123 1.06043 -1141.74
H3O^1 -15.6506 1.81173 -1116.04
H3O^1 -12.7787 -3.97336 -1051.9
H3O^1 -11.648 -4.45201 -1017.44
H3O^1 -13.2835 -4.23721 -1011.08
H3O^1 -13.0913 -5.74387 -890.69
H3O^1 -14.1926 -7.15916 -878.951
H3O^1 -14.0321 -8.81608 -880.639
H3O^1 -14.5097 -9.44935 -861.661
H3O^1 -20.4711 -8.54537 -854.334
H3O^1 -46.3169 5.29352 -793.803
H3O^1 -60.2319 16.3347 -759.997
H3O^1 -63.9981 18.3824 -745.444
H3O^1 -70.7585 23.7538 -742.889
H3O^1 -85.0846 31.4573 -712.135
H3O^1 -110.132 48.1758 -670.673
H3O^1 -124.512 57.5001 -645.632
H3O^1 -220.908 113.98 -509.964
H3O^1 -288.72 161.929 -412.307
H3O^1 -301.45 166.076 -401.869
H3O^1 -508.488 267.063 -474.82
H3O^1 -454.475 248.958 -415.184
H3O^1 -354.895 200.121 -352.681
H3O^1 -305.955 168.593 -396.214
H3O^1 -304.26 168.577 -396.626
H3O^1 -299.752 165.809 -403.914
H3O^1 -273.178 151.997 -435.192
H3O^1 -256.76 140.633 -459.58
H3O^1 -224.915 119.471 -508.407
H3O^1 -222.964 114.53 -510.756
H3O^1 -206.399 104.721 -534.387
H3O^1 -194.181 100.661 -544.44
H3O^1 -191.904 92.556 -555.048
H3O^1 -183.05 92.2719 -559.588
H3O^1 -183.903 89.8147 -562.463
H3O^1 -177.588 85.6067 -567.043
H3O^1 -175.087 86.9741 -573.41
H3O^1 -173.788 87.331 -577.005
H3O^1 -168.906 84.8727 -583.208
H3O^1 -168.932 81.8828 -582.606
H3O^1 -168.804 83.0362 -588.904
H3O^1 -157.601 76.4797 -595.194
H3O^1 -159.626 76.1892 -597.35
H3O^1 -155.76 77.5661 -598.675
H3O^1 -154.472 74.6996 -599.36
H3O^1 -146.299 70.3922 -612.445
H3O^1 -134.813 62.5141 -630.575
H3O^1 -132.559 62.1591 -633.513
H3O^1 -130.147 59.7818 -634.238
H3O^1 -126.638 56.9266 -643.687
H3O^1 -122.286 53.4211 -649.457
H3O^1 -114.27 52.1071 -661.264
H3O^1 -110.814 50.4946 -664.497
H3O^1 -99.8867 43.0813 -686.406
H3O^1 -90.4141 33.8642 -704.109
H3O^1 -83.7603 31.9589 -717.187
H3O^1 -82.9976 29.4504 -716.007
H3O^1 -82.1043 29.7013 -716.3
H3O^1 -72.1383 22.6258 -735.639
H3O^1 -66.6574 21.148 -744.862
H3O^1 -63.4261 14.6395 -754.791
H3O^1 -54.63 13.4929 -773.765
H3O^1 -49.8439 12.1758 -784.253
H3O^1 -46.4534 6.23079 -793.062
H3O^1 -40.0823 5.77124 -805.685
H3O^1 -39.7623 4.39095 -811.418
H3O^1 -35.6481 1.64142 -812.318
H3O^1 -30.2531 -2.2102 -830.864
H3O^1 -28.8501 -1.03736 -833.045
H3O^1 -22.121 -5.92426 -845.613
H3O^1 -20.2187 -6.11761 -848.575
H3O^1 -18.9081 -5.06711 -852.463
H3O^1 -16.3129 -7.0007 -855.233
H3O^1 -13.634 -6.75949 -867.133
H3O^1 -17.8679 -8.67824 -872.329
H3O^1 -14.49 -8.48253 -878.43
H3O^1 -14.6516 -5.71651 -898.056
H3O^1 -14.4815 -8.64104 -904.077
H3O^1 -16.7556 -4.81231 -906.629
H3O^1 -12.8646 -7.89047 -907.816
H3O^1 -13.6879 -4.66715 -948.123
H3O^1 -15.3278 -4.12534 -957.534
H3O^1 -15.2032 -6.17807 -966.281
H3O^1 -13.7221 -3.75292 -966.003
H3O^1 -14.7633 -4.38093 -965.394
H3O^1 -13.5055 -0.496311 -1003.37
H3O^1 -13.0485 -3.90814 -1004.97
H3O^1 -14.4591 -2.39725 -1053.9
H3O^1 -11.3127 -0.732853 -1063.38
H3O^1 -10.068 1.44907 -1105.68
H3O^1 -10.3362 -1.56947 -1111.83
H3O^1 -8.34875 0.743147 -1120.47
H3O^1 -8.21803 2.42134 -1122.03
H3O^1 -8.705 1.11956 -1135.39
H3O^1 -9.42359 -2.34838 -1135.49
H3O^1 -10.3473 -1.90775 -1142.05
H3O^1 -9.0046 2.86319 -1153.5
H3O^1 -9.53621 1.18164 -1158.13
H3O^1 -10.5961 2.50511 -1170.84
H3O^1 -10.0173 1.23241 -1169.79
H3O^1 -7.4724 3.99141 -1170.81
H3O^1 -9.84638 -0.404077 -1178.13
H3O^1 -9.16229 3.71012 -1183.25
H3O^1 -8.77729 2.28958 -1213.71
H3O^1 -8.12161 0.228641 -1238.12
H3O^1 -7.11546 2.49932 -1266.42
H3O^1 -5.72444 4.18583 -1332.81
H3O^1 -5.55007 1.41673 -1343.68
H3O^1 -2.80448 -1.51557 -1417.46
H3O^1 -1.8807 -0.168955 -1461.31
H3O^1 0.7961 -0.0381589 -1467.22
H3O^1 0.0851044 2.10941 -1471.4
H3O^1 -0.240161 -0.22852 -1483.97
H3O^1 -4.02468 0.451353 -1493.21
H3O^1 0.17653 -0.12483 -1463.03
H3O^1 3.89977 -0.132019 -1456.72
H3O^1 -2.58957 0.754456 -1436.86
H3O^1 -1.67803 -0.662657 -1428.01
H3O^1 -3.84516 1.13505 -1393.5
H3O^1 -1.45383 1.13111 -1393.73
H3O^1 -4.35702 -0.713953 -1391.3
H3O^1 -5.9728 2.19196 -1383.8
H3O^1 -5.21563 2.90189 -1373.27
H3O^1 -1.3467 2.22324 -1368.13
H3O^1 -3.56476 -0.967297 -1342.83
H3O^1 -4.74689 -0.108756 -1340.74
H3O^1 -6.45471 -1.12064 -1267.5
H3O^1 -5.90299 6.13851 -1255.5
H3O^1 -9.57163 4.20929 -1243.67
H3O^1 -8.46151 2.43224 -1217.5
H3O^1 -12.5224 5.87477 -1208.67
H3O^1 -6.83736 -1.13551 -1196.12
H3O^1 -8.2579 1.98503 -1192.89
H3O^1 -9.00064 4.70099 -1191.82
H3O^1 -10.8567 -0.486782 -1177.78
H3O^1 -11.5939 9.9265 -1169.69
H3O^1 -10.5396 3.12918 -1164.37
H3O^1 -11.3853 -0.961468 -1141.73
H3O^1 -7.73901 8.13517 -1137.69
H3O^1 -12.489 1.20222 -1108.39
H3O^1 -13.0683 -0.445084 -1107.57
H3O^1 -10.5057 1.19644 -1106.56
H3O^1 -11.4763 -0.527839 -1092.34
H3O^1 -11.6423 -2.70825 -1083.49
H3O^1 -13.5236 -1.59116 -1083.5
H3O^1 -2.77342 -3.77221 -1028.24
H3O^1 -13.8136 -1.86802 -1024.65
H3O^1 -13.139 -2.71525 -1013.62
H3O^1 -18.1563 -11.4008 -930.8
H3O^1 -14.0737 -7.06057 -908.646
H3O^1 -13.2396 -7.18461 -895.513
H3O^1 -14.1886 -8.04266 -893.35
H3O^1 -18.0617 -6.29551 -888.306
H3O^1 -17.0475 -6.62107 -888.279
H3O^1 -16.9806 -7.73484 -888.946
H3O^1 -21.4392 -3.67966 -848.793
H3O^1 -29.4461 -3.87204 -831.388
H3O^1 -37.6421 2.58809 -813.765
H3O^1 -37.9437 2.21919 -810.321
H3O^1 -37.2882 7.61726 -808.636
H3O^1 -46.164 5.07992 -789.84
H3O^1 -50.6422 12.9427 -776.483
H3O^1 -54.9949 16.3068 -774.626
H3O^1 -78.5671 30.5972 -722.729
H3O^1 -94.5539 40.6231 -699.321
H3O^1 -95.2421 38.0345 -698.894
H3O^1 -104.264 43.711 -674.656
H3O^1 -111.473 48.3221 -668.274
H3O^1 -115.91 52.6181 -658.158
H3O^1 -124.123 59.1098 -640.381
H3O^1 -164.705 82.1045 -587.895
H3O^1 -170.18 83.4629 -577.198
H3O^1 -182.838 91.8907 -562.645
H3O^1 -187.868 95.162 -557.143
H3O^1 -254.602 139.177 -468.496
H3O^1 -272.242 152.742 -435.62
H3O^1 -448.044 244.604 -408.926
H3O^1 -442.459 246.195 -402.053
H3O^1 -438.233 239.297 -387.114
H3O^1 -407.039 215.117 -357.573
H3O^1 -382.024 208.288 -351.524
H3O^1 -378.797 205.65 -349.153
H3O^1 -338.155 195.877 -360.975
H3O^1 -308.738 174.68 -385.821
H3O^1 -293.869 166.143 -407.43
H3O^1 -292.884 163.769 -411.949
H3O^1 -286.008 162.051 -415.92
H3O^1 -268.727 149.203 -441.752
H3O^1 -268.514 151.121 -444.871
H3O^1 -246.386 132.03 -473.329
H3O^1 -235.301 124.419 -491.501
H3O^1 -224.285 114.104 -506.218
H3O^1 -207.413 104.99 -530.321
H3O^1 -205.434 103.989 -529.63
H3O^1 -204.398 106.788 -532.189
H3O^1 -209.166 105.594 -536.946
H3O^1 -198.514 100.647 -542.271
H3O^1 -194.036 96.5292 -546.963
H3O^1 -181.387 87.1398 -567.663
H3O^1 -169.507 82.9438 -580.229
H3O^1 -165.07 79.2888 -586.151
H3O^1 -152.299 71.487 -605.281
H3O^1 -144.357 73.7707 -610.514
H3O^1 -148.493 72.4504 -611.092
H3O^1 -140.382 64.2818 -623.85
H3O^1 -131.654 60.9009 -632.843
H3O^1 -123.89 55.79 -641.856
H3O^1 -121.849 52.5808 -654.336
H3O^1 -110.853 47.8142 -667.453
H3O^1 -99.9814 42.5508 -684.072
H3O^1 -99.8628 41.5866 -688.482
H3O^1 -74.4415 25.9667 -730.572
H3O^1 -73.6021 27.6292 -730.964
H3O^1 -73.7206 27.0025 -730.615
H3O^1 -71.0004 25.5952 -735.181
H3O^1 -67.4211 19.8452 -747.679
H3O^1 -67.2061 19.1114 -745.074
H3O^1 -63.9148 19.5889 -748.464
H3O^1 -62.5087 13.8653 -755.416
H3O^1 -53.6156 13.963 -773.649
H3O^1 -54.8426 11.6124 -776.165
H3O^1 -45.7826 9.07182 -785.438
H3O^1 -48.433 10.5357 -790.232
H3O^1 -43.3638 7.52102 -794.398
H3O^1 -44.2125 5.98603 -800.652
H3O^1 -24.5888 -4.94127 -843.371
H3O^1 -23.2832 -6.50272 -845.04
H3O^1 -21.5971 -6.40066 -849.258
H3O^1 -15.1608 -7.41396 -885.141
H3O^1 -15.5158 -8.0059 -888.019
H3O^1 -14.4917 -4.71287 -887.872
H3O^1 -16.7866 -6.46987 -892.998
H3O^1 -14.9374 -5.92263 -903.216
H3O^1 -14.1199 -7.86679 -924.967
H3O^1 -15.716 -5.98021 -922.856
H3O^1 -22.7726 -3.11617 -976.182
H3O^1 -14.6224 -1.36746 -983.356
H3O^1 -12.8154 -2.18044 -986.969
H3O^1 -12.7086 -0.664812 -996.244
H3O^1 -14.9354 0.313978 -1006.74
H3O^1 -15.842 -1.53991 -1017.15
H3O^1 -14.3974 -0.106247 -1041.95
H3O^1 -14.5138 -1.45771 -1047.61
H3O^1 -13.5975 -2.54776 -1065.99
H3O^1 -12.1613 -1.2415 -1072.42
H3O^1 -7.61574 0.701157 -1071.42
H3O^1 -6.65272 1.18532 -1091.97
H3O^1 -8.77633 -1.62565 -1104.59
H3O^1 -12.0835 -1.11447 -1106.61
H3O^1 -9.27019 -1.06064 -1119.32
H3O^1 -8.52883 2.40877 -1146.79
H3O^1 -8.84553 1.09467 -1157.32
H3O^1 -8.75361 2.28777 -1154.08
H3O^1 -9.07363 2.02469 -1178.43
H3O^1 -4.99404 0.0760836 -1180.62
H3O^1 -8.37759 1.87804 -1191.96
H3O^1 -6.7923 2.0368 -1197.95
H3O^1 -8.71063 0.901419 -1203.49
H3O^1 -7.66969 2.94387 -1213.72
H3O^1 -8.32504 1.82733 -1217.48
H3O^1 -7.65332 0.421421 -1228.61
H3O^1 -7.00772 1.5775 -1233.78
H3O^1 -4.39828 3.84908 -1275.83
H3O^1 -6.48265 2.06652 -1282.75
H3O^1 -6.7394 3.16701 -1291.58
H3O^1 -5.9117 2.6728 -1292.51
H3O^1 -2.65155 2.2093 -1350.43
H3O^1 -4.46734 3.3938 -1359.52
H3O^1 -4.3603 1.04602 -1372
H3O^1 -2.78911 0.821751 -1398.49
H3O^1 -5.69984 4.62806 -1401.8
H3O^1 0.113763 -0.855884 -1461.5
H3O^1 -7.58607 2.24863 -1222.98
H3O^1 -512.995 264.964 -477.156
H3O^1 -424.994 227.059 -372.025
H3O^1 -370.717 203.408 -351.164
H3O^1 -301.145 169.187 -397.363
H3O^1 -274.202 152.183 -435.918
H3O^1 -118.263 51.8227 -658.569
H3O^1 -115.796 51.3683 -659.649
H3O^1 -69.673 21.8684 -743.019
H3O^1 -60.1524 16.3738 -759.502
H3O^1 -9.40205 2.19778 -1245.12
H3O^1 -4.82358 2.52983 -1271.19
H3O^1 -5.74351 2.7848 -1300.49
H3O^1 -2.89337 1.01334 -1394.01
H3O^1 -0.557015 1.78892 -1426.69
H3O^1 -0.523348 -0.230637 -1427.27
H3O^1 -3.4942 -0.447697 -1426.24
H3O^1 -5.57643 1.62588 -1344.94
H3O^1 -5.12437 4.72763 -1312.42
H3O^1 -6.70889 1.83583 -1303.61
H3O^1 -6.10337 3.18042 -1282.23
H3O^1 -4.98542 4.25704 -1281.5
H3O^1 -6.59638 3.85897 -1267.51
H3O^1 -6.57821 3.84322 -1200.82
H3O^1 -8.92127 0.822231 -1177.08
H3O^1 -9.38292 2.35664 -1175.21
H3O^1 -7.87285 2.67686 -1173.74
H3O^1 -52.9557 13.656 -777.261
H3O^1 -533.44 262.035 -510.404
H3O^1 -521.08 266.625 -483.573
H3O^1 -504.008 267.234 -469.052
H3O^1 -498.534 266.997 -465.717
H3O^1 -472.281 255.188 -438.039
H3O^1 -459.596 251.868 -422.414
H3O^1 -455.065 248.108 -418.21
H3O^1 -448.368 245.632 -408.026
H3O^1 -446.885 246.592 -406.281
H3O^1 -428.464 229.942 -377.012
H3O^1 -425.536 226.26 -374.313
H3O^1 -421.638 225.609 -368.693
H3O^1 -422.183 223.861 -368.311
H3O^1 -412.989 216.433 -360.663
H3O^1 -412.197 217.229 -360.618
H3O^1 -382.79 206.533 -353.272
H3O^1 -384.283 208.084 -349.011
H3O^1 -381.892 207.769 -349.518
H3O^1 -380.091 208.222 -350.041
H3O^1 -371.647 203.211 -352.543
H3O^1 -361.529 203.296 -353.577
H3O^1 -348.443 196.265 -357.59
H3O^1 -338.519 195.529 -356.848
H3O^1 -320.352 181.57 -374.462
H3O^1 -316.928 177.72 -379.355
H3O^1 -315.514 177.734 -382.086
H3O^1 -297.614 166.092 -404.373
H3O^1 -298.191 165.427 -407.351
H3O^1 -296.308 165.745 -405.205
H3O^1 -288.466 162.269 -414.856
H3O^1 -289.859 161.32 -415.208
H3O^1 -288.371 162.228 -417.826
H3O^1 -273.258 151.568 -437.386
H3O^1 -274.615 152.002 -437.541
H3O^1 -268.693 147.768 -445.466
H3O^1 -269.468 147.902 -444.761
H3O^1 -252.991 137.459 -464.527
H3O^1 -253.051 139.41 -463.714
H3O^1 -250.221 135.451 -468.722
H3O^1 -249.955 134.476 -472.743
H3O^1 -236.738 121.395 -491.131
H3O^1 -236.133 120.219 -490.579
H3O^1 -229.787 117.326 -500.139
H3O^1 -228.672 120.749 -505.2
H3O^1 -229.144 115.121 -504.899
H3O^1 -217.75 111.475 -518.964
H3O^1 -215.964 109.508 -520.765
H3O^1 -214.301 111.7 -518.259
H3O^1 -213.56 111.137 -517.388
H3O^1 -210.219 106.043 -527.633
H3O^1 -207.173 104.652 -526.632
H3O^1 -209.527 105.96 -528.705
H3O^1 -203.724 104.856 -533.318
H3O^1 -195.351 98.8169 -544.692
H3O^1 -196.441 100.725 -546.159
H3O^1 -192.316 99.3578 -547.935
H3O^1 -183.967 93.1644 -561.06
H3O^1 -178.313 88.6127 -569.638
H3O^1 -174.224 85.1727 -574.731
H3O^1 -171.058 84.8932 -577.609
H3O^1 -171.454 85.707 -576.116
H3O^1 -161.801 80.4464 -588.466
H3O^1 -161.767 78.2195 -592.083
H3O^1 -158.398 77.3325 -592.64
H3O^1 -152.132 74.1665 -602.042
H3O^1 -141.37 68.9485 -619.225
H3O^1 -136.311 64.9156 -626.987
H3O^1 -136.896 62.6587 -629.888
H3O^1 -134.387 62.225 -632.39
H3O^1 -134.192 61.8687 -630.17
H3O^1 -131.035 60.3463 -634.891
H3O^1 -127.107 57.8966 -638.219
H3O^1 -122.274 58.4402 -645.336
H3O^1 -115.08 48.7374 -661.921
H3O^1 -112.834 49.9421 -665.275
H3O^1 -108.44 49.1833 -669.362
H3O^1 -111.544 47.9809 -667.52
H3O^1 -107.487 47.3278 -673.717
H3O^1 -100.657 42.6542 -680.236
H3O^1 -101.074 47.3534 -682.219
H3O^1 -100.057 40.7542 -688.027
H3O^1 -98.0186 42.3229 -691.156
H3O^1 -96.7417 38.5966 -694.323
H3O^1 -90.3496 36.4447 -705.669
H3O^1 -87.546 34.107 -710.941
H3O^1 -82.4603 30.1421 -718.728
H3O^1 -82.6776 29.4879 -716.52
H3O^1 -80.9368 31.1343 -717.577
H3O^1 -79.8651 26.9597 -723.061
H3O^1 -81.4539 27.9033 -720.7
H3O^1 -75.0626 26.0891 -731.208
H3O^1 -69.0431 21.2537 -738.724
H3O^1 -68.6157 22.4306 -742.937
H3O^1 -68.8523 20.1173 -743.317
H3O^1 -64.9372 18.1196 -750.186
H3O^1 -60.7263 15.6594 -761.953
H3O^1 -58.1271 15.5677 -765.056
H3O^1 -57.0321 16.8552 -764.388
H3O^1 -55.5823 13.5181 -770.701
H3O^1 -54.3998 12.3244 -776.117
H3O^1 -49.2129 8.58836 -788.121
H3O^1 -44.6611 8.44663 -790.494
H3O^1 -46.1631 7.86691 -791.14
H3O^1 -45.1819 7.65857 -797.565
H3O^1 -26.7343 -2.16258 -840.104
H3O^1 -23.0284 -3.17022 -840.904
H3O^1 -19.7218 -4.98795 -855.608
H3O^1 -14.2997 -7.5788 -889.306
H3O^1 -15.663 -6.48198 -910.539
H3O^1 -15.3899 -4.62007 -913.211
H3O^1 -15.5196 -8.4582 -914.438
H3O^1 -14.5015 -8.17414 -914.75
H3O^1 -14.1318 -5.49557 -934.472
H3O^1 -14.1797 -5.82287 -938.733
H3O^1 -15.054 -3.49651 -945.858
H3O^1 -14.9537 -3.01695 -953.587
H3O^1 -12.2722 -6.30966 -955.902
H3O^1 -12.7994 -3.59474 -957.689
H3O^1 -15.5521 -4.69046 -969.696
H3O^1 -13.7357 -2.13323 -994.844
H3O^1 -14.9892 -2.46785 -998.087
H3O^1 -12.4399 -2.62651 -1013.36
H3O^1 -13.9502 -2.08842 -1017.95
H3O^1 -14.3204 -0.276055 -1034.21
H3O^1 -10.6676 -1.68969 -1073.27
H3O^1 -13.7805 -1.0102 -1078.85
H3O^1 -10.4521 -0.56617 -1079.21
H3O^1 -10.7157 -1.27764 -1082.24
H3O^1 -11.1955 0.644171 -1083.14
H3O^1 -11.8716 1.20733 -1085.2
H3O^1 -11.511 -0.0809003 -1093.25
H3O^1 -10.1057 2.5833 -1129.06
H3O^1 -9.17702 -0.105314 -1129.05
H3O^1 -9.88974 1.87949 -1151
H3O^1 -10.6147 0.669512 -1156.95
H3O^1 -10.9314 0.985655 -1162.65
H3O^1 -10.0653 0.798912 -1168.27
H3O^1 -9.21924 1.76176 -1198.08
H3O^1 -7.9126 2.02001 -1198.23
H3O^1 -7.80936 4.76295 -1216.61
H3O^1 -7.2 -0.38543 -1235.68
H3O^1 -7.50877 1.57465 -1258.43
H3O^1 -7.83577 4.04518 -1258.39
H3O^1 -7.09398 1.56045 -1262.52
H3O^1 -6.22 1.01446 -1263.64
H3O^1 -9.2759 3.45768 -1268.23
H3O^1 -10.4434 2.39047 -1278.59
H3O^1 -8.90602 2.97176 -1305.39
H3O^1 -5.56334 3.01321 -1335.68
H3O^1 -5.05474 0.354733 -1335.5
H3O^1 -3.82102 0.673185 -1362.44
H3O^1 -2.54782 2.93149 -1363.25
H3O^1 -2.32896 1.28506 -1366.01
H3O^1 -0.533297 -1.31638 -1388.94
H3O^1 -5.91832 -0.162489 -1389.62
H3O^1 -4.67183 0.755163 -1399.84
H3O^1 -0.0809224 0.0965818 -1425.59
H3O^1 0.093351 0.00231478 -1438.3
H3O^1 -1.26238 -0.0504444 -1455.87
H3O^1 -0.307698 0.337034 -1463.45
H3O^1 -1.45414 -0.828812 -1474.45
H3O^1 0.338666 -0.576968 -1474.41
H3O^1 -0.814235 0.201348 -1474.39
H3O^1 -0.175446 1.4444 -1483.59
H3O^1 1.70691 -0.387061 -1489.49
H3O^1 -0.36807 -0.299313 -1491.47
H3O^1 1.96657 -0.348279 -1498.82
H3O^1 0.700069 -1.79847 -1494.02
H3O^1 1.25424 0.278943 -1486.93
H3O^1 0.0576396 -2.35404 -1487.22
H3O^1 -1.83298 0.912751 -1466.38
H3O^1 -0.567378 1.56246 -1463.58
H3O^1 -2.84687 -0.388662 -1460.17
H3O^1 -2.9995 1.81941 -1451.86
H3O^1 -0.160531 -1.85831 -1444.42
H3O^1 -0.14704 -1.54143 -1444.89
H3O^1 -2.85566 0.983695 -1434.62
H3O^1 -1.35867 2.89167 -1408.28
H3O^1 -2.70724 2.27853 -1405.28
H3O^1 -1.98503 -0.412724 -1407.06
H3O^1 -2.87055 -1.09199 -1400.59
H3O^1 -2.96798 -0.678556 -1386.49
H3O^1 -3.04719 -0.478021 -1388.66
H3O^1 -4.49565 2.3651 -1388.31
H3O^1 -3.28146 0.445662 -1387.44
H3O^1 -5.31372 1.06044 -1382.64
H3O^1 -2.96579 -1.68738 -1382.64
H3O^1 -2.50541 0.856635 -1374.57
H3O^1 -2.56498 0.880859 -1367.33
H3O^1 -3.4162 2.18294 -1367.55
H3O^1 -4.78447 1.84708 -1350.93
H3O^1 -5.07586 0.41959 -1348.35
H3O^1 -5.02966 0.93021 -1346.41
H3O^1 -2.6773 1.94799 -1347.1
H3O^1 -4.80727 2.49979 -1331.69
H3O^1 -4.58384 -0.538448 -1327.25
H3O^1 -4.45062 2.53095 -1325.8
H3O^1 -5.52805 1.1579 -1325.55
H3O^1 -6.25469 2.54687 -1300.84
H3O^1 -7.34201 4.99914 -1305.13
H3O^1 -6.19578 0.640552 -1293.94
H3O^1 -7.44237 -0.813853 -1289.85
H3O^1 -6.92823 2.61295 -1288.32
H3O^1 -6.30487 5.2894 -1279.58
H3O^1 -7.24294 0.752173 -1279.97
H3O^1 -7.8545 3.89933 -1278.91
H3O^1 -8.02321 3.21309 -1272.98
H3O^1 -5.10849 2.07035 -1279.35
H3O^1 -5.42651 0.989208 -1275.34
H3O^1 -5.0192 1.62503 -1249.12
H3O^1 -6.71516 2.46583 -1230.28
H3O^1 -7.1506 2.54277 -1225.39
H3O^1 -6.55836 4.45281 -1226.86
H3O^1 -8.97173 5.16062 -1220.37
H3O^1 -9.08032 0.912898 -1218.56
H3O^1 -6.80414 -0.592208 -1216.91
H3O^1 -10.5183 1.44856 -1199
H3O^1 -7.09373 -0.184655 -1199.01
H3O^1 -9.61625 0.94687 -1193.78
H3O^1 -11.4083 1.26271 -1193.59
H3O^1 -8.1199 3.54803 -1188.8
H3O^1 -8.60947 -1.7094 -1187.95
H3O^1 -10.1669 0.478008 -1189.46
H3O^1 -11.5414 4.63817 -1176.61
H3O^1 -8.42929 1.17852 -1179.15
H3O^1 -11.9744 -0.290565 -1172.31
H3O^1 -11.5203 3.39065 -1171.43
H3O^1 -9.32937 1.9308 -1152.97
H3O^1 -13.6605 1.15862 -1140.11
H3O^1 -11.9184 -0.556382 -1128.6
H3O^1 -10.7571 2.03737 -1132.83
H3O^1 -9.57714 1.3585 -1130.31
H3O^1 -7.31949 -0.727501 -1126.46
H3O^1 -8.10006 -0.504004 -1124.62
H3O^1 -10.5693 -0.908331 -1106.66
H3O^1 -11.8956 2.28168 -1107.74
H3O^1 -11.5675 2.0614 -1104.49
H3O^1 -13.5068 -1.02279 -1073.34
H3O^1 -13.174 -1.36336 -1068.78
H3O^1 -13.8944 -2.11203 -1061.03
H3O^1 -13.1763 -2.61243 -1054.36
H3O^1 -13.2512 1.42436 -1034.87
H3O^1 -16.1818 -2.12426 -1019.31
H3O^1 -18.2727 -6.95295 -1017.04
H3O^1 -11.9259 -4.74457 -1007
H3O^1 -13.4471 -1.34435 -1008.65
H3O^1 -14.7796 -3.69023 -993.129
H3O^1 -12.1875 0.680036 -994.994
H3O^1 -18.355 -4.05005 -989.001
H3O^1 -12.4798 -5.35928 -975.539
H3O^1 -15.7597 -4.13084 -974.686
H3O^1 -13.6808 -3.92019 -974.363
H3O^1 -14.2327 -3.3199 -953.214
H3O^1 -12.312 -4.62704 -954.443
H3O^1 -14.8279 -5.68113 -953.051
H3O^1 -16.1257 -6.91637 -934.151
H3O^1 -14.8967 -6.82194 -933.95
H3O^1 -14.1881 -6.40989 -915.109
H3O^1 -16.7232 -5.88143 -909.473
H3O^1 -17.6773 -4.87507 -913.728
H3O^1 -16.3646 -6.65996 -907.012
H3O^1 -15.2551 -5.635 -904.98
H3O^1 -16.6534 -10.7789 -895.83
H3O^1 -15.5381 -10.1325 -886.931
H3O^1 -15.0305 -5.28314 -879.123
H3O^1 -15.0189 -8.4341 -865.103
H3O^1 -23.7488 -4.04669 -843.049
H3O^1 -22.8991 -2.63182 -840.202
H3O^1 -38.4291 1.98468 -816.141
H3O^1 -35.8133 2.52869 -815.042
H3O^1 -46.8074 6.61537 -797.088
H3O^1 -60.02 14.5422 -760.637
H3O^1 -68.5167 23.2516 -742.717
H3O^1 -68.4425 23.2319 -744.479
H3O^1 -76.7136 27.4518 -731.033
H3O^1 -75.6497 25.7134 -730.782
H3O^1 -83.3573 33.139 -717.938
H3O^1 -91.5243 38.7516 -702.732
H3O^1 -100.181 42.7345 -686.654
H3O^1 -99.4346 42.2509 -682.937
H3O^1 -99.3116 44.5216 -685.181
H3O^1 -101.582 44.4593 -684.08
H3O^1 -100.158 42.2487 -684.322
H3O^1 -100.039 45.3371 -682.484
H3O^1 -103.082 40.6227 -681.273
H3O^1 -115.77 50.4654 -662.561
H3O^1 -122.185 55.9128 -644.581
H3O^1 -135.762 63.0102 -630.122
H3O^1 -136.41 65.1515 -626.631
H3O^1 -137.011 62.6961 -629.506
H3O^1 -143.813 70.5863 -619.698
H3O^1 -153.361 74.8972 -599.389
H3O^1 -163.446 79.4133 -586.056
H3O^1 -177.896 88.6665 -568.752
H3O^1 -182.713 90.6179 -565.646
H3O^1 -197.448 97.6601 -544.118
H3O^1 -195.705 100.669 -541.192
H3O^1 -205.61 106.657 -532.211
H3O^1 -212.465 109.576 -526.155
H3O^1 -221.152 111.509 -513.246
H3O^1 -221.63 115.864 -512.327
H3O^1 -227.993 118.388 -502.153
H3O^1 -270.635 155.656 -442.104
H3O^1 -273.948 153.145 -433.559
H3O^1 -559.056 309.654 -518.39
H3O^1 -539.748 260.592 -520.185
H3O^1 -536.649 265.451 -513.884
H3O^1 -533.789 263.279 -504.774
H3O^1 -528.648 265.584 -495.1
H3O^1 -521.382 265.868 -486.246
H3O^1 -516.834 265.364 -484.029
H3O^1 -506.151 267.894 -472.8
H3O^1 -487.083 265.136 -454.948
H3O^1 -481.933 261.253 -452.54
H3O^1 -477.345 257.657 -444.102
H3O^1 -474.096 253.119 -439.448
H3O^1 -462.564 248.949 -426.062
H3O^1 -456.099 249.006 -416.091
H3O^1 -449.839 246.931 -410.097
H3O^1 -449.385 246.633 -410.038
H3O^1 -448.957 247.176 -408.743
H3O^1 -446.481 244.217 -405.352
H3O^1 -442.943 244.475 -403.387
H3O^1 -413.412 216.808 -361.195
H3O^1 -396.488 211.562 -355.838
H3O^1 -396.133 210.697 -352.848
H3O^1 -386.762 208.28 -349.269
H3O^1 -355.062 198.979 -354.148
H3O^1 -345.664 195.618 -354.575
H3O^1 -312.467 174.84 -383.319
H3O^1 -306.371 169.699 -391.939
H3O^1 -299.079 167.266 -403.241
H3O^1 -296.62 165.099 -405.517
H3O^1 -292.392 164.172 -412.426
H3O^1 -275.507 154.469 -433.474
H3O^1 -271.934 152.213 -437.259
H3O^1 -274.272 152.688 -438.33
H3O^1 -269.632 148.753 -443.006
H3O^1 -264.024 143.79 -450.736
H3O^1 -262.712 143.684 -449.422
H3O^1 -255.07 140.806 -462.878
H3O^1 -250.345 135.963 -469.641
H3O^1 -250.108 133.745 -469.643
H3O^1 -251.86 135.877 -470.423
H3O^1 -247.607 133.239 -471.769
H3O^1 -248.623 133.849 -473.445
H3O^1 -246.892 134.231 -476.353
H3O^1 -242.871 126.966 -482.715
H3O^1 -241.605 131.208 -482.086
H3O^1 -233.881 121.126 -495.277
H3O^1 -224.852 116.238 -506.969
H3O^1 -223.522 117.082 -507.281
H3O^1 -219.308 113.27 -515.971
H3O^1 -221.221 112.714 -514.68
H3O^1 -213.778 108.635 -522.307
H3O^1 -213.506 105.425 -525.638
H3O^1 -209.551 105.593 -525.078
H3O^1 -200.304 105.419 -537.522
H3O^1 -188.795 97.422 -552.931
H3O^1 -187.404 92.2408 -556.664
H3O^1 -181.806 91.5289 -560.564
H3O^1 -180.813 89.1943 -564.66
H3O^1 -178.996 89.3724 -568.841
H3O^1 -180.291 89.3074 -570.804
H3O^1 -176.918 88.147 -569.658
H3O^1 -170.49 84.1653 -581.173
H3O^1 -159.638 77.5516 -591.981
H3O^1 -158.972 77.8375 -593.68
H3O^1 -160.191 79.256 -594.389
H3O^1 -161.284 76.4984 -593.692
H3O^1 -160.012 79.6212 -593.069
H3O^1 -152.258 72.9182 -602.287
H3O^1 -140.833 68.7198 -622.014
H3O^1 -137.713 65.3381 -624.329
H3O^1 -139.384 65.5741 -623.982
H3O^1 -135.684 65.3123 -627.069
H3O^1 -135.007 64.2337 -629.081
H3O^1 -132.812 62.0012 -629.988
H3O^1 -133.365 62.9986 -629.594
H3O^1 -127.922 58.0441 -634.814
H3O^1 -125.355 59.994 -640.166
H3O^1 -128.497 58.6455 -642.15
H3O^1 -122.48 55.1883 -648.309
H3O^1 -120.751 54.5353 -651.831
H3O^1 -118.754 52.4402 -656.998
H3O^1 -117.308 52.6232 -656.662
H3O^1 -111.603 50.9979 -664.961
H3O^1 -111.063 47.0967 -669.551
H3O^1 -109.407 47.3031 -670.488
H3O^1 -107.817 49.4276 -672.334
H3O^1 -106.883 46.8693 -674.068
H3O^1 -107.601 46.3625 -677.214
H3O^1 -106.127 42.8875 -679.414
H3O^1 -99.8319 42.611 -686.031
H3O^1 -95.6476 42.1642 -691.249
H3O^1 -91.8433 36.7096 -702.377
H3O^1 -91.4673 37.3592 -699.308
H3O^1 -89.7504 36.3401 -703.561
H3O^1 -85.6795 31.3043 -707.784
H3O^1 -83.6494 32.6468 -714.394
H3O^1 -80.9134 27.3087 -720.322
H3O^1 -73.1453 26.9301 -732.948
H3O^1 -70.7489 24.3624 -738.524
H3O^1 -69.8936 22.1404 -739.311
H3O^1 -68.7199 19.7003 -742.589
H3O^1 -68.6823 21.9933 -743.351
H3O^1 -67.1705 22.5974 -741.559
H3O^1 -59.5307 15.2972 -761.219
H3O^1 -57.4025 13.1181 -763.76
H3O^1 -48.4205 10.8909 -781.183
H3O^1 -49.0372 11.5103 -785.545
H3O^1 -48.1687 8.35599 -785.982
H3O^1 -47.6254 10.5875 -791.391
H3O^1 -49.0779 7.1339 -794.523
H3O^1 -45.9197 7.33183 -791.737
H3O^1 -46.0407 9.1486 -794.9
H3O^1 -42.9684 4.50704 -798.978
H3O^1 -42.5855 4.50965 -799.747
H3O^1 -39.8866 3.34081 -804.685
H3O^1 -41.3347 4.68097 -809.582
H3O^1 -37.4368 2.34943 -816.15
H3O^1 -33.6503 0.45096 -824.399
H3O^1 -32.1709 -1.04387 -827.713
H3O^1 -29.7505 -1.66649 -829.788
H3O^1 -32.7313 1.11238 -829.983
H3O^1 -28.2996 -1.16078 -831.334
H3O^1 -25.9583 -3.2606 -841.557
H3O^1 -21.4719 -4.22833 -843.525
H3O^1 -21.249 -4.47605 -846.003
H3O^1 -19.0642 -7.42495 -853.208
H3O^1 -15.8467 -7.11699 -867.102
H3O^1 -16.1759 -5.35336 -871.675
H3O^1 -15.1574 -6.58771 -870.964
H3O^1 -16.2918 -8.12022 -871.762
H3O^1 -14.2501 -8.59292 -875.58
H3O^1 -14.9458 -7.07015 -878.908
H3O^1 -15.8523 -9.33616 -876.521
H3O^1 -14.0163 -7.50962 -877.475
H3O^1 -14.7307 -7.40434 -889.045
H3O^1 -14.1957 -6.34495 -903.214
H3O^1 -14.86 -5.84122 -909.263
H3O^1 -16.8701 -6.71971 -909.729
H3O^1 -15.4172 -6.67166 -908.747
H3O^1 -13.9165 -7.59091 -913.504
H3O^1 -16.9875 -7.13053 -915.796
H3O^1 -13.6072 -6.9348 -918.77
H3O^1 -16.022 -3.93056 -921.588
H3O^1 -18.0541 -6.23177 -922.725
H3O^1 -13.2783 -5.91353 -926.941
H3O^1 -15.6475 -5.67427 -932.221
H3O^1 -14.5776 -3.85854 -934.796
H3O^1 -13.6934 -6.46529 -934.303
H3O^1 -16.3931 -4.84828 -931.276
H3O^1 -14.4828 -4.69414 -946.097
H3O^1 -14.6413 -1.79774 -954.747
H3O^1 -15.9666 -5.14847 -957.554
H3O^1 -16.6867 -3.17505 -965.972
H3O^1 -13.4165 -1.96843 -974.17
H3O^1 -11.8738 -5.26262 -975.214
H3O^1 -14.2088 -4.01257 -978.44
H3O^1 -11.1462 -2.52279 -998.747
H3O^1 -13.7598 -2.14744 -1008.55
H3O^1 -14.3967 -2.085 -1007.95
H3O^1 -13.708 -0.162936 -1009.3
H3O^1 -14.2374 -3.60046 -1015.03
H3O^1 -12.473 -2.25796 -1030.83
H3O^1 -12.9053 -3.28027 -1030.11
H3O^1 -12.0588 -3.29744 -1029.34
H3O^1 -15.9254 -0.223154 -1032.59
H3O^1 -11.7136 0.0689836 -1031.83
H3O^1 -14.6863 -1.87833 -1040.56
H3O^1 -12.2728 -3.61311 -1048.21
H3O^1 -15.3012 -1.06975 -1063.94
H3O^1 -12.2607 -3.7985 -1067.65
H3O^1 -12.5587 -0.486807 -1067.6
H3O^1 -11.2382 -1.0695 -1072.85
H3O^1 -12.3083 -0.542364 -1077.32
H3O^1 -11.7311 -2.18479 -1081.31
H3O^1 -10.8116 -1.49291 -1096.74
H3O^1 -11.3617 2.83345 -1102.4
H3O^1 -11.6833 -0.149853 -1105.25
H3O^1 -12.5011 -0.961516 -1104.05
H3O^1 -11.6254 1.00011 -1108.08
H3O^1 -10.5024 0.169358 -1120.43
H3O^1 -8.60254 -0.622908 -1121.37
H3O^1 -10.4771 0.494751 -1126.35
H3O^1 -11.1483 -0.49471 -1128.9
H3O^1 -10.3545 0.849409 -1130.02
H3O^1 -10.8688 -0.430463 -1126.78
H3O^1 -11.6359 0.108597 -1143.09
H3O^1 -9.68423 1.26488 -1148.18
H3O^1 -7.80001 2.52409 -1155.17
H3O^1 -8.81017 1.81606 -1168.41
H3O^1 -8.43773 1.2939 -1170.68
H3O^1 -8.43803 0.947246 -1169.01
H3O^1 -10.541 -0.673881 -1179.54
H3O^1 -12.3333 2.05863 -1172.79
H3O^1 -9.46598 2.77414 -1173.36
H3O^1 -9.29071 1.71965 -1174.8
H3O^1 -6.07791 2.55169 -1183.24
H3O^1 -8.63232 2.93395 -1181.82
H3O^1 -10.9562 0.744016 -1194.45
H3O^1 -9.36236 5.85871 -1195.85
H3O^1 -9.18082 3.87408 -1200.16
H3O^1 -10.2991 3.16313 -1204.8
H3O^1 -10.0635 2.52979 -1211.16
H3O^1 -8.10793 1.13822 -1218.84
H3O^1 -9.58141 2.22595 -1224.55
H3O^1 -6.72936 2.04737 -1224.5
H3O^1 -8.31128 5.29632 -1226.38
H3O^1 -11.6751 4.39779 -1232.13
H3O^1 -7.50233 1.56498 -1238.27
H3O^1 -8.08503 0.889334 -1244.64
H3O^1 -9.2249 1.74184 -1248.51
H3O^1 -5.65361 3.93621 -1247.95
H3O^1 -8.22154 0.519765 -1249.78
H3O^1 -6.01103 3.81516 -1257.44
H3O^1 -5.85344 3.41324 -1264.62
H3O^1 -7.21218 1.72762 -1268.93
H3O^1 -5.30953 6.51916 -1270.71
H3O^1 -7.43538 3.43745 -1280.45
H3O^1 -7.97587 4.69731 -1289.24
H3O^1 -6.87413 3.168 -1285.48
H3O^1 -8.03086 2.93075 -1287.28
H3O^1 -3.69252 2.64054 -1302.38
H3O^1 -6.37119 2.3312 -1307.15
H3O^1 -7.86518 2.06154 -1309.25
H3O^1 -7.30126 0.960578 -1325.62
H3O^1 -5.22565 3.64648 -1329.17
H3O^1 -4.27428 2.94832 -1344.65
H3O^1 -2.50604 2.54426 -1348.75
H3O^1 -5.88278 0.979325 -1354.86
H3O^1 -3.74946 2.66454 -1357.08
H3O^1 -4.23032 1.45455 -1363.11
H3O^1 -5.55776 1.21086 -1362.83
H3O^1 -5.26484 1.87293 -1370.1
H3O^1 -2.72811 0.384657 -1380.83
H3O^1 -2.27488 -0.0955389 -1388.94
H3O^1 -3.76601 1.57619 -1392.49
H3O^1 -3.73871 -1.46798 -1407.95
H3O^1 -2.93071 0.128072 -1412
H3O^1 -2.95705 1.56493 -1410.51
H3O^1 -0.629371 -1.8745 -1411.37
H3O^1 1.43443 -2.45446 -1414.35
H3O^1 -2.87156 1.3206 -1450.47
H3O^1 -0.231442 0.156127 -1459.36
H3O^1 0.308006 -0.645155 -1460.94
H3O^1 0.911252 1.14941 -1477.48
H3O^1 0.135185 -1.08657 -1497.27
H3O^1 -14.5836 -3.92374 -959.482
H3O^1 -3.56871 1.78944 -1346.27
H3O^1 -3.43768 -2.08109 -1410.13
H3O^1 -6.09641 0.842521 -1300.85
H3O^1 -6.89379 2.93419 -1276.13
H3O^1 -10.5338 0.734929 -1145.32
H3O^1 -14.846 2.16522 -1068.7
H3O^1 -61.0323 15.5797 -756.337
H3O^1 -173.915 84.0087 -576.1
H3O^1 -172.741 84.0366 -574.217
H3O^1 -98.0163 40.7651 -692.388
H3O^1 -75.6731 26.1872 -725.564
H3O^1 -47.6327 6.91439 -790.68
H3O^1 -12.635 -3.8903 -959.766
H3O^1 -14.1465 -0.416176 -1018.07
H3O^1 -11.482 -0.186527 -1084.53
H3O^1 -10.5043 -0.756017 -1105.78
H3O^1 -9.9009 1.6293 -1145.88
H^0 4.34393 -1.88225 -1494.54
H^0 0.856612 1.17401 -1486.83
H^0 0.668489 0.34958 -1469.87
H^0 -2.4675 1.54809 -1387.79
H^0 -1.91817 0.213836 -1378.8
H^0 -8.94389 -0.171521 -1352.33
H^0 -7.22112 2.54196 -1297.42
H^0 -5.64255 0.270798 -1234.19
H^0 -11.1186 2.41213 -1206.98
H^0 -9.40595 3.40125 -1200.39
H^0 -7.84394 0.293084 -1198.45
H^0 -6.48854 9.41291 -1190.38
H^0 -7.91695 1.87769 -1177.69
H^0 -7.55654 2.5368 -1177.15
H^0 -14.5526 3.07843 -1161.72
H^0 -12.2882 -0.13794 -1094.65
H^0 -12.1608 -1.19215 -1001.06
H^0 -12.912 -4.19507 -990.327
H^0 -15.6707 -5.74475 -928.365
H^0 -11.8715 -1.04872 -921.016
H^0 -12.9908 -8.05086 -911.669
H^0 -12.8162 -9.90225 -893.238
H^0 -14.5669 -10.0416 -888.572
H^0 -54.3975 13.52 -775.344
H^0 -69.9561 14.8382 -747.587
H^0 -65.3301 18.3337 -748.351
H^0 -68.7774 21.5802 -741.314
H^0 -119.268 49.0483 -660.796
H^0 -153.566 75.729 -596.889
H^0 -154.012 76.3927 -597.286
H^0 -173.736 85.9016 -577.405
H^0 -198.935 103.32 -541.095
H^0 -215.528 111.66 -519.649
H^0 -248.122 135.363 -469.815
H^0 -249.324 135.964 -469.208
H^0 -255.029 145.602 -461.447
H^0 -295.915 166.368 -404.868
H^0 -316.87 177.424 -379.301
H^0 -317.17 176.701 -378.572
H^0 -323.336 177.563 -376.548
H^0 -478.58 256.299 -444.484
H^0 -375.152 205.502 -350.352
H^0 -344.244 197.714 -358.28
H^0 -314.768 178.102 -381.964
H^0 -276.649 153.415 -434.997
H^0 -273.6 150.209 -443.062
H^0 -258.205 142.501 -459.021
H^0 -242.096 127.333 -482.654
H^0 -239.006 125.85 -486.015
H^0 -189.902 90.894 -544.9
H^0 -188.531 97.8314 -553.107
H^0 -188.145 92.872 -557.624
H^0 -187.285 92.6251 -556.448
H^0 -176.509 87.2776 -573.244
H^0 -164.092 78.6028 -587.912
H^0 -156.877 76.5651 -597.323
H^0 -157.169 76.586 -596.761
H^0 -154.341 78.2813 -594.595
H^0 -149.685 75.0332 -604.425
H^0 -139.061 64.326 -622.909
H^0 -139.147 66.3241 -624.442
H^0 -139.982 65.8722 -619.802
H^0 -139.696 63.7357 -623.446
H^0 -129.592 60.1549 -637.296
H^0 -105.67 44.4761 -677.141
H^0 -90.3489 37.9826 -702.89
H^0 -84.5278 30.1859 -718.252
H^0 -72.8856 21.8398 -734.999
H^0 -50.5792 11.9583 -778.583
H^0 -41.2508 6.11659 -803.083
H^0 -24.2322 -1.76543 -839.459
H^0 -24.5655 -3.62726 -844.075
H^0 -20.7437 -1.57624 -848.192
H^0 -12.1382 -7.99685 -879.87
H^0 -15.0366 -5.80005 -880.116
H^0 -14.5955 -8.09645 -896.977
H^0 -11.8116 -6.57614 -902.731
H^0 -14.3583 -6.03149 -919.768
H^0 -14.6467 -6.52288 -919.457
H^0 -15.1761 -4.59897 -920.749
H^0 -14.9322 -6.2158 -925.402
H^0 -14.5254 -6.15218 -933.725
H^0 -14.414 -5.70719 -941.476
H^0 -15.318 -2.39405 -991.469
H^0 -16.9044 -1.94482 -1011.03
H^0 -14.0048 -2.33298 -1016
H^0 -13.4376 -1.72495 -1015.98
H^0 -14.6716 0.277166 -1054.68
H^0 -14.5572 -0.0562775 -1054.34
H^0 -16.8116 2.68467 -1076.57
H^0 -9.79098 1.471 -1102.4
H^0 -11.0819 1.22316 -1112.51
H^0 -10.7164 0.613737 -1119.12
H^0 -10.3787 0.0169524 -1119.43
H^0 -13.9053 0.363798 -1119.62
H^0 -10.6068 0.399236 -1123.83
H^0 -9.76909 -0.134799 -1133.7
H^0 -9.20154 1.73811 -1133.98
H^0 -11.041 -0.902062 -1137.35
H^0 -6.37007 0.807972 -1153.45
H^0 -8.88016 1.32214 -1169.98
H^0 -8.43885 1.62222 -1169.12
H^0 -6.70502 1.78017 -1174.37
H^0 -5.21089 1.90539 -1261.69
H^0 -8.06523 1.58096 -1264.07
H^0 -6.57826 4.11115 -1265.81
H^0 -7.01063 1.593 -1283.12
H^0 -6.70428 2.03342 -1283.62
H^0 -5.77738 -0.590742 -1285.64
H^0 -5.5568 0.307623 -1334.88
H^0 -2.02758 -0.257202 -1381.19
H^0 -2.94418 0.272111 -1396.4
H^0 0.572946 1.49794 -1393.73
H^0 -2.24073 -2.45108 -1411.07
H^0 -0.53537 -0.540036 -1500.26
H^0 2.35355 -2.2513 -1488.13
H^0 4.32113 4.17275 -1476.99
H^0 0.946622 0.105061 -1474.47
H^0 2.07421 -0.249901 -1455.45
H^0 -2.47467 -1.71289 -1444.7
H^0 -3.83688 -0.217816 -1428.49
H^0 -1.22107 -0.11003 -1421.49
H^0 -0.684039 0.417187 -1412.93
H^0 -9.26276 0.851621 -1391.47
H^0 -6.69955 2.64669 -1322.68
H^0 -3.91226 2.69211 -1326.44
H^0 -5.00093 4.23161 -1305.91
H^0 -5.79515 2.68668 -1302.35
H^0 -7.23869 1.67612 -1291.83
H^0 -6.37633 2.53342 -1264.94
H^0 -9.80211 2.73448 -1258.83
H^0 -5.05777 3.56259 -1260.18
H^0 -4.6355 4.79673 -1256.46
H^0 -1.41464 1.32806 -1233.92
H^0 -12.1521 7.24778 -1227.97
H^0 -6.72585 2.93199 -1219.5
H^0 -4.64598 7.06044 -1209.86
H^0 -4.15629 -0.983658 -1193.21
H^0 -9.28036 -0.0292663 -1174.54
H^0 -9.82897 -2.91081 -1160.06
H^0 -10.5751 0.0665126 -1091.94
H^0 -10.6448 -0.0784142 -1067.05
H^0 -18.7291 -2.0118 -1052.97
H^0 -12.9848 -1.80667 -1055.79
H^0 -11.1928 -4.04841 -1056.57
H^0 -11.4957 -2.08044 -1017.06
H^0 -11.4593 -4.70568 -983.702
H^0 -17.0283 -0.465413 -958.16
H^0 -15.8708 -3.79913 -950.065
H^0 -23.2074 -5.32865 -945.56
H^0 -17.208 -6.95253 -912.796
H^0 -13.9154 -4.86207 -904.336
H^0 -9.99567 -6.00957 -905.42
H^0 -20.7109 -6.87038 -892.354
H^0 -15.1353 -7.3509 -856.947
H^0 -22.2023 -5.58124 -850.465
H^0 -21.0692 -6.73014 -848.285
H^0 -38.2431 1.79485 -812.898
H^0 -38.3722 10.6198 -805.08
H^0 -67.1436 20.266 -758.267
H^0 -67.3229 23.7719 -739.74
H^0 -114.584 50.758 -658.003
H^0 -126.26 58.4158 -647.039
H^0 -129.34 57.9175 -644.413
H^0 -147.792 72.6905 -612.604
H^0 -172.513 85.4958 -576.175
H^0 -193.794 98.0174 -546.158
H^0 -196.87 95.8415 -541.477
H^0 -198.047 103.578 -535.315
H^0 -233.869 119.366 -499.95
H^0 -247.827 134.118 -470.383
H^0 -290.792 164.124 -422.1
H^0 -305.759 170.958 -388.589
H^0 -340.339 196.07 -359.016
H^0 -369.637 202.885 -352.99
H^0 -540.027 263.323 -518.615
H^0 -494.293 266.308 -463.354
H^0 -487.084 264.097 -454.801
H^0 -442.229 243.396 -401.022
H^0 -424.1 225.029 -373.971
H^0 -404.893 214.057 -358.176
H^0 -391.294 209.629 -353.071
H^0 -373.219 204.572 -352.491
H^0 -360.513 201.007 -352.891
H^0 -360.869 199.52 -350.955
H^0 -346.54 198.189 -355.485
H^0 -331.343 191.716 -366.444
H^0 -321.658 183.005 -375.893
H^0 -308.679 171.479 -391.547
H^0 -282.065 158.564 -424.609
H^0 -282.768 156.284 -428.067
H^0 -279.17 153.125 -430.407
H^0 -275.663 155.266 -435.506
H^0 -264.91 145.73 -448.129
H^0 -249.553 134.058 -471.157
H^0 -239.059 129.914 -484.523
H^0 -227.674 115.918 -503.829
H^0 -222.809 116.777 -508.94
H^0 -206.484 103.797 -531.943
H^0 -193.395 95.4036 -549.745
H^0 -185.517 93.9861 -560.963
H^0 -178.572 89.9995 -559.948
H^0 -180.251 90.1652 -565.159
H^0 -150.206 73.4027 -609.755
H^0 -150.803 66.1931 -613.801
H^0 -137.47 70.1303 -611.947
H^0 -120.179 49.6754 -649.824
H^0 -118.201 53.0816 -656.189
H^0 -112.232 51.4547 -664.66
H^0 -112.148 48.1001 -664.127
H^0 -107.263 45.9628 -672.486
H^0 -106.858 46.7394 -674.299
H^0 -99.5236 40.03 -684.927
H^0 -96.796 41.5502 -686.316
H^0 -98.9591 39.9463 -692.462
H^0 -95.3152 36.5076 -696.15
H^0 -89.966 36.8766 -705.057
H^0 -88.1432 34.4612 -709.657
H^0 -85.7735 33.5227 -712.175
H^0 -69.6886 21.2116 -742.43
H^0 -66.1102 21.2648 -743.827
H^0 -63.5811 14.4219 -754.615
H^0 -57.1725 16.2803 -762.205
H^0 -56.6331 15.015 -766.44
H^0 -51.7991 11.8048 -781.2
H^0 -34.8078 2.34065 -812.01
H^0 -30.1885 -1.07967 -829.495
H^0 -26.7063 1.18517 -836.955
H^0 -25.3218 -1.74347 -839.112
H^0 -17.7701 -3.50772 -847.807
H^0 -16.4979 -7.30644 -890.664
H^0 -13.7702 -11.0331 -903.992
H^0 -14.2965 -5.53636 -917.89
H^0 -15.6833 -3.9754 -944.844
H^0 -14.7108 -7.25588 -950.352
H^0 -14.2469 -1.73964 -949.956
H^0 -14.2529 -6.37885 -955.488
H^0 -11.398 -2.12548 -961.468
H^0 -15.003 -4.75984 -989.693
H^0 -12.3597 -4.25116 -995.078
H^0 -14.4589 0.967701 -1008.44
H^0 -15.4591 -3.34259 -1013.39
H^0 -12.3249 -1.78583 -1059.66
H^0 -13.8016 -2.23296 -1060.19
H^0 -17.8255 -4.83829 -1075.21
H^0 -13.9902 -1.55785 -1069.91
H^0 -11.4922 -1.04601 -1072.03
H^0 -12.0368 -0.745084 -1081.27
H^0 -12.3983 0.4211 -1085.12
H^0 -10.0726 -1.59009 -1144.03
H^0 -10.2749 1.85357 -1158.57
H^0 -8.42975 1.50863 -1200.51
H^0 -8.61181 1.87616 -1205.88
H^0 -6.24423 2.92608 -1264.62
H^0 -3.2964 2.14114 -1374.23
H^0 -1.31333 -0.92818 -1386.06
H^0 -0.653146 5.36322 -1398.99
H^0 -0.640616 0.716683 -1411.86
H^0 -1.91228 -3.2778 -1431.93
H^0 3.30638 -4.07879 -1445.5
H^0 -3.13351 -1.09291 -1446.86
H^0 -1.30338 0.214593 -1478.66
H^0 -4.81702 1.09304 -1334.77
H^0 -6.79835 3.13205 -1275.29
H^0 -6.72254 2.73713 -1275.43
H^0 -7.97185 3.84798 -1247.65
H^0 -534.884 271.111 -521.954
H^0 -534.335 271.049 -521.19
H^0 -526.861 266.169 -489.517
H^0 -517.709 266.382 -480.968
H^0 -452.226 247.606 -409.265
H^0 -177.955 87.7589 -568.49
H^0 -161.878 78.7154 -590.671
H^0 -152.828 71.6055 -602.658
H^0 -85.5941 30.393 -715.623
H^0 -14.695 -6.16017 -933.942
H^0 -14.5041 -6.00934 -933.291
H^0 -10.9979 -4.71056 -955.239
H^0 -13.1208 -1.32448 -1035.31
H^0 -13.4926 -1.47814 -1034.04
H^0 -12.7829 -0.51683 -1058.7
H^0 -13.0091 -0.688651 -1058.71
H^0 -11.782 -1.91068 -1073.81
H^0 -8.27069 1.48443 -1167.85
H^0 -9.95123 2.31304 -1196.74
H^0 -10.1091 2.56929 -1243.51
H^0 -7.10701 2.78332 -1257.07
H^0 -7.96986 2.38783 -1258.43
H^0 -3.24427 0.130628 -1395.3
H^0 -0.798936 -0.661476 -1478.96
H^0 -0.227539 -0.537482 -1473.69
H^0 0.0845663 0.1604 -1473.54
H^0 -0.517639 2.0082 -1438.74
H^0 -1.04468 1.54343 -1424.92
H^0 -6.19494 1.70587 -1304.71
H^0 -4.32695 2.85413 -1302.67
H^0 -5.07194 1.4912 -1302.51
H^0 -5.23419 2.36269 -1234.35
H^0 -7.94903 -0.507667 -1229.93
H^0 -9.43587 4.97389 -1220.45
H^0 -9.12311 5.11507 -1221.04
H^0 -9.43175 2.43155 -1167.48
H^0 -9.65273 0.339064 -1149.78
H^0 -9.74068 0.663883 -1127.55
H^0 -10.3066 0.436133 -1128.68
H^0 -11.543 -0.37809 -1045.74
H^0 -11.4417 -0.282138 -1045.86
H^0 -249.18 134.564 -476.438
H^0 -551.009 334.868 -474.151
H^0 -556.118 304.769 -516.112
H^0 -546.39 295.87 -518.417
H^0 -532.438 278.188 -518.528
H^0 -526.564 265.807 -493.792
H^0 -502.78 262.515 -468.766
H^0 -502.264 266.198 -467.743
H^0 -489.469 265.427 -458.777
H^0 -490.239 264.812 -457.71
H^0 -479.076 258.155 -447.274
H^0 -457.5 250.227 -418.435
H^0 -456.268 249.878 -419.846
H^0 -447.278 248.227 -407.893
H^0 -428.179 229.931 -375.689
H^0 -428.037 229.281 -375.438
H^0 -426 227.742 -373.884
H^0 -426.314 228.163 -373.401
H^0 -425.191 224.924 -370.4
H^0 -376.373 206.858 -351.142
H^0 -313.603 172.055 -381.851
H^0 -304.187 170.215 -395.252
H^0 -301.488 167.022 -400.604
H^0 -299.774 166.686 -403.626
H^0 -274.427 154.152 -436.797
H^0 -262.844 145.182 -451.356
H^0 -263.737 145.546 -452.445
H^0 -247.13 132.512 -472.36
H^0 -236.244 124.387 -490.622
H^0 -236.99 124.84 -489.754
H^0 -218.583 112.439 -517.327
H^0 -214.826 111.421 -520.587
H^0 -210.258 107.678 -525.63
H^0 -209.809 107.973 -526.427
H^0 -186.236 95.097 -554.459
H^0 -168.694 83.0268 -578.348
H^0 -170.218 82.5981 -581.294
H^0 -167.577 81.2709 -580.963
H^0 -159.276 79.2274 -591.789
H^0 -141.619 68.2588 -618.396
H^0 -141.587 66.5112 -619.119
H^0 -141.563 67.8132 -619.266
H^0 -132.81 62.4216 -631.404
H^0 -131.562 62.6646 -631.647
H^0 -123.072 55.3162 -643.773
H^0 -123.941 56.8915 -645.112
H^0 -121.155 56.8262 -651.257
H^0 -112.147 49.7839 -664.406
H^0 -112.726 49.4918 -664.574
H^0 -111.843 49.7065 -666.768
H^0 -107.883 50.1196 -669.407
H^0 -103.507 43.2391 -680.641
H^0 -102.526 43.4477 -682.57
H^0 -101.96 43.5513 -682.481
H^0 -102.149 42.3851 -683.634
H^0 -101.98 43.0629 -683.748
H^0 -72.2135 22.3895 -740.437
H^0 -61.5927 17.7901 -757.027
H^0 -61.433 16.8564 -756.709
H^0 -59.4201 16.0821 -761.41
H^0 -60.1051 15.7998 -761.655
H^0 -58.1408 15.0812 -762.99
H^0 -58.9517 15.4464 -763.96
H^0 -49.8871 11.426 -784.558
H^0 -50.4796 10.184 -783.602
H^0 -47.6066 8.4752 -789.285
H^0 -47.913 8.67091 -788.565
H^0 -47.6801 7.95605 -790.504
H^0 -46.7125 7.54911 -791.12
H^0 -46.1521 6.94602 -793.351
H^0 -45.9555 5.68717 -796.378
H^0 -44.1973 6.02703 -797.371
H^0 -44.4519 6.55247 -796.874
H^0 -15.7707 -8.05067 -887.138
H^0 -15.8885 -5.24701 -889.211
H^0 -16.6431 -5.26365 -911.738
H^0 -14.8011 -4.38422 -958.438
H^0 -15.7292 -5.97939 -963.191
H^0 -14.8799 -5.34824 -973.075
H^0 -13.7552 -1.2581 -1002.19
H^0 -13.6563 -0.558545 -1037.45
H^0 -14.8302 -0.523535 -1041.52
H^0 -13.1672 0.696303 -1091.18
H^0 -10.3326 3.41765 -1117.91
H^0 -9.90544 0.963054 -1152.26
H^0 -9.48956 0.930348 -1156.2
H^0 -9.77603 0.733459 -1156.58
H^0 -8.42056 0.461982 -1176.82
H^0 -8.60485 -1.09741 -1179.9
H^0 -7.92269 1.79473 -1196.26
H^0 -9.2379 1.59167 -1196.35
H^0 -8.80862 2.45421 -1197
H^0 -8.84958 1.77746 -1198.59
H^0 -7.50922 1.07634 -1201.06
H^0 -7.38629 1.29987 -1200.21
H^0 -10.2918 1.48168 -1208.17
H^0 -7.03833 0.41821 -1218.61
H^0 -8.31814 1.77461 -1219.18
H^0 -7.40264 3.27677 -1218.41
H^0 -6.24522 3.21273 -1220.34
H^0 -8.33176 0.923868 -1229.71
H^0 -7.0577 2.04217 -1263.41
H^0 -6.34825 3.13025 -1269.48
H^0 -6.17051 1.14287 -1278.81
H^0 -5.85813 2.82746 -1279.32
H^0 -7.70208 2.45102 -1283.26
H^0 -5.85657 3.53936 -1299.69
H^0 -4.69851 1.05926 -1323.22
H^0 -2.64684 -0.653049 -1389.74
H^0 -2.47211 -0.233869 -1406.36
H^0 -2.39003 -0.0118164 -1405.66
H^0 -2.37166 0.243729 -1407.93
H^0 -2.57931 0.746095 -1406.26
H^0 -0.716319 -1.1903 -1426.76
H^0 -0.530749 0.0945866 -1488.94
H^0 0.0229832 0.146263 -1489.45
H^0 -3.73241 0.207748 -1497.36
H^0 1.60916 -2.27706 -1498.34
H^0 0.776758 -1.61429 -1485.59
H^0 0.514564 -0.334691 -1488.09
H^0 3.78404 -2.65002 -1486.19
H^0 -0.442291 -0.736919 -1468.95
H^0 -0.160567 -0.0660977 -1468.35
H^0 -7.06291 -2.3667 -1463.05
H^0 -5.85272 -2.40773 -1462.92
H^0 -3.3777 0.604396 -1457.46
H^0 -0.717184 -1.38167 -1450.88
H^0 -3.3123 0.671225 -1406.95
H^0 -2.43935 0.481387 -1394.15
H^0 -2.85708 -1.11775 -1384.67
H^0 -5.17606 0.0792869 -1384.99
H^0 -4.15266 4.00684 -1382.39
H^0 -4.27814 6.831 -1375.91
H^0 -2.77271 1.95872 -1366.59
H^0 -4.0224 1.7728 -1326.74
H^0 -3.73921 2.59882 -1326.35
H^0 -6.86886 1.78962 -1307.45
H^0 -5.79971 -1.11356 -1294.67
H^0 -5.88668 5.7749 -1293.43
H^0 -6.75761 -0.0724054 -1278.72
H^0 -6.61623 0.157362 -1279.25
H^0 -9.45721 2.00773 -1247.25
H^0 -8.029 1.31994 -1247.95
H^0 -8.18632 2.22483 -1235.66
H^0 -7.45559 -0.314299 -1223.48
H^0 -6.41077 4.54557 -1209.73
H^0 -7.33516 4.6092 -1209.45
H^0 -10.2057 3.48356 -1195.08
H^0 -10.3109 1.28376 -1191.11
H^0 -9.48859 -0.0930318 -1182.52
H^0 -9.9068 3.26519 -1181.49
H^0 -10.2755 3.73016 -1182.47
H^0 -8.40611 3.93167 -1183.51
H^0 -11.985 2.15903 -1171.83
H^0 -10.0268 1.36751 -1146.32
H^0 -9.47743 1.20336 -1146.79
H^0 -9.34483 0.640117 -1138.58
H^0 -10.0174 0.666745 -1134.49
H^0 -10.3313 1.78118 -1134.67
H^0 -10.2176 -1.08644 -1130.76
H^0 -12.1461 -1.65839 -1092.6
H^0 -11.8136 -2.23592 -1093.76
H^0 -11.3352 -1.73238 -1071.57
H^0 -13.627 2.43845 -1067.32
H^0 -13.4783 -0.170965 -1063.31
H^0 -12.9741 -1.96694 -1062.39
H^0 -14.4779 -0.618136 -1053.84
H^0 -14.6621 0.174065 -1053.79
H^0 -12.3263 -5.13187 -1015.25
H^0 -10.8785 -3.8374 -1014.49
H^0 -14.1821 -2.32269 -993.145
H^0 -16.9798 -1.8758 -987.837
H^0 -16.5837 -3.41232 -975.323
H^0 -15.6207 -5.31284 -951.021
H^0 -14.4218 -5.11375 -943.926
H^0 -17.4283 -2.42272 -929.194
H^0 -14.7818 -5.68299 -925.417
H^0 -14.3396 -7.52557 -925.876
H^0 -14.1035 -7.39367 -909.313
H^0 -15.4056 -9.65088 -896.451
H^0 -14.8229 -7.66521 -893.636
H^0 -17.5145 -8.14908 -878.756
H^0 -15.5807 -7.42134 -869.818
H^0 -18.3406 -7.11431 -847.008
H^0 -26.29 -1.08086 -836.852
H^0 -29.7669 -2.43717 -829.285
H^0 -29.6047 -1.9135 -828.29
H^0 -53.4213 15.459 -776.592
H^0 -57.6236 14.8081 -766.71
H^0 -57.5867 14.9843 -760.125
H^0 -73.1305 25.4472 -724.72
H^0 -74.4572 24.8477 -725.523
H^0 -80.628 28.977 -718.776
H^0 -84.922 31.2822 -714.534
H^0 -131.402 58.2397 -634.769
H^0 -220.492 112.72 -512.895
H^0 -219.049 112.871 -513.057
H^0 -261.1 144.431 -450.579
H^0 -545.584 337.649 -479.448
H^0 -550.253 332.645 -473.959
H^0 -549.647 332.73 -472.736
H^0 -554.673 321.306 -482.171
H^0 -554.459 322.03 -482.036
H^0 -556.515 318.602 -484.799
H^0 -559.741 315.067 -488.952
H^0 -559.918 312.97 -496.172
H^0 -562.111 312.557 -512.026
H^0 -560.183 311.974 -513.847
H^0 -559.536 312.432 -513.817
H^0 -557.018 307.712 -515.456
H^0 -550.861 303.001 -514.986
H^0 -550.037 298.271 -518.289
H^0 -549.268 299.207 -518.757
H^0 -550.07 297.857 -518.5
H^0 -541.151 286.433 -519.555
H^0 -541.263 286.127 -518.833
H^0 -533.893 269.252 -525.406
H^0 -533.404 267.708 -523.425
H^0 -538.93 261.961 -525.75
H^0 -539.114 261.97 -526.092
H^0 -538.144 262.808 -522.15
H^0 -537.219 261.941 -521.301
H^0 -537.169 261.274 -520.466
H^0 -536.803 261.674 -511.611
H^0 -535.539 263.23 -512.268
H^0 -526.06 264.197 -493.98
H^0 -524.974 263.482 -490.349
H^0 -518.972 264.527 -484.676
H^0 -515.308 266.762 -480.296
H^0 -508.566 264.603 -474.741
H^0 -492.182 267.197 -460.944
H^0 -491.806 265.615 -459.614
H^0 -487.27 265.34 -461.108
H^0 -482.919 261.868 -450.963
H^0 -480.135 258.303 -445.845
H^0 -476.458 257.73 -441.344
H^0 -475.733 256.245 -442.307
H^0 -473.987 258.167 -438.181
H^0 -472.306 256.491 -438.347
H^0 -467.042 251.912 -433.074
H^0 -464.18 251.898 -427.293
H^0 -464.314 252.182 -427.844
H^0 -454.558 248.377 -416.671
H^0 -454.747 249.146 -415.798
H^0 -447.162 246.437 -407.263
H^0 -444.966 244.778 -404.024
H^0 -442.87 242.233 -398.318
H^0 -435.143 233.386 -380.402
H^0 -427.292 229.311 -374.761
H^0 -429.19 226.453 -372.741
H^0 -424.842 227.991 -370.7
H^0 -422.544 224.957 -370.382
H^0 -422.683 225.142 -370.731
H^0 -415.685 219.922 -364.636
H^0 -415.296 220.27 -364.24
H^0 -411.547 214.677 -360.719
H^0 -405.525 214.507 -358.012
H^0 -401.147 210.422 -356.627
H^0 -396.484 212.201 -354.761
H^0 -396.524 211.604 -354.857
H^0 -392.256 209.353 -353.586
H^0 -386.302 206.662 -351.445
H^0 -382.615 207.033 -351.377
H^0 -381.928 206.824 -349.91
H^0 -358.778 199.786 -352.972
H^0 -356.813 200.539 -353.209
H^0 -357.301 200.076 -353
H^0 -351.723 198.353 -353.342
H^0 -350.423 198.859 -355.678
H^0 -347.939 197.565 -355.639
H^0 -341.046 194.375 -358.36
H^0 -340.684 197.412 -359.079
H^0 -335.7 193.359 -361.561
H^0 -336.048 193.351 -361.506
H^0 -329.562 188.749 -363.204
H^0 -330.115 189.789 -363.429
H^0 -324.583 186.138 -371.683
H^0 -322.373 180.777 -373.652
H^0 -316.285 176.93 -379.878
H^0 -315.894 177.218 -379.937
H^0 -302.234 168.345 -398.118
H^0 -296.224 164.706 -406.936
H^0 -299.721 165.684 -405.395
H^0 -296.359 169.536 -406.18
H^0 -293.242 163.801 -409.046
H^0 -290.321 160.117 -415.973
H^0 -288.452 161.991 -417.403
H^0 -285.507 159.364 -421.921
H^0 -282.135 157.953 -424.247
H^0 -280.304 156.509 -428.533
H^0 -274.575 154.055 -436.351
H^0 -275.034 153.025 -435.846
H^0 -272.907 149.363 -437.334
H^0 -272.221 149.923 -441.151
H^0 -264.109 144.858 -450.478
H^0 -257.448 142.793 -454.108
H^0 -258.923 141.598 -456.156
H^0 -255.127 137.474 -467.007
H^0 -250.668 134.616 -467.941
H^0 -247.922 133.807 -472.634
H^0 -247.856 135.062 -473.072
H^0 -247.157 132.775 -475.578
H^0 -246.077 132.397 -480.036
H^0 -242.107 126.594 -483.739
H^0 -241.39 129.572 -484.63
H^0 -232.119 120.103 -495.394
H^0 -232.492 120.086 -498.386
H^0 -232.59 120.155 -498.796
H^0 -232.502 120.719 -500.17
H^0 -231.181 121.713 -499.577
H^0 -231.697 118.876 -499.539
H^0 -230.672 118.878 -501.122
H^0 -230.748 118.92 -500.289
H^0 -229.765 118.714 -502.347
H^0 -229.838 118.508 -501.819
H^0 -229.89 118.669 -502.143
H^0 -229.566 118.217 -502.291
H^0 -227.584 116.57 -501.222
H^0 -223.942 116.861 -509.542
H^0 -224.324 116.326 -507.248
H^0 -224.898 115.937 -507.391
H^0 -220.577 113.502 -508.549
H^0 -222 114.52 -511.111
H^0 -222.614 114.798 -510.901
H^0 -222.696 114.5 -512.503
H^0 -215.669 111.042 -519.046
H^0 -216.108 110.825 -518.187
H^0 -214.147 109.021 -520.368
H^0 -213.407 109.074 -521.807
H^0 -208.324 105.403 -527.027
H^0 -206.797 106.055 -532.934
H^0 -206.948 105.543 -532.116
H^0 -205.911 103.342 -533.574
H^0 -204.554 106.496 -532.51
H^0 -199.445 103.329 -537.872
H^0 -199.454 101.162 -540.845
H^0 -198.952 100.72 -539.758
H^0 -194.324 97.7039 -546.643
H^0 -194.041 97.4857 -546.553
H^0 -190.263 94.7397 -552.197
H^0 -190.627 95.3364 -552.071
H^0 -187.081 92.3777 -557.858
H^0 -183.452 91.5163 -560.685
H^0 -181.83 91.0228 -563.857
H^0 -182.277 92.1371 -561.687
H^0 -178.668 88.4277 -569.39
H^0 -177.512 89.7548 -569.137
H^0 -174.978 86.8067 -575.323
H^0 -171.848 84.437 -575.275
H^0 -172.476 86.2683 -572.845
H^0 -174.543 88.0604 -572.571
H^0 -172.253 84.8579 -577.91
H^0 -168.106 86.2566 -578.821
H^0 -160.485 76.5259 -590.389
H^0 -160.132 77.4768 -591.599
H^0 -148.001 70.2352 -614.129
H^0 -133.972 62.7467 -630.235
H^0 -134.865 63.6145 -630.295
H^0 -134.402 63.7209 -631.599
H^0 -125.698 58.7032 -642.187
H^0 -125.043 58.0822 -641.763
H^0 -124.592 57.9823 -642.933
H^0 -121.899 55.6338 -649.252
H^0 -119.159 53.0064 -654.462
H^0 -116.642 53.3828 -656.484
H^0 -113.431 51.2765 -663.403
H^0 -113.455 50.2796 -663.553
H^0 -109.958 48.7039 -669.895
H^0 -109.168 46.4992 -671.394
H^0 -109.018 46.8915 -670.655
H^0 -107.492 46.8464 -673.612
H^0 -107.787 47.4883 -673.873
H^0 -107.251 45.6636 -676.064
H^0 -99.0682 42.9516 -681.859
H^0 -97.9054 39.8241 -691.5
H^0 -96.537 40.1694 -691.087
H^0 -92.2712 36.9121 -699.849
H^0 -92.0586 35.8561 -700.029
H^0 -90.2113 36.1074 -702.909
H^0 -90.2777 36.072 -703.473
H^0 -88.6905 34.7987 -707.861
H^0 -88.4409 34.4958 -708.436
H^0 -87.0611 31.1716 -710.357
H^0 -85.9148 32.4973 -711.492
H^0 -86.1542 33.8336 -711.745
H^0 -83.5997 31.2476 -716.538
H^0 -83.4536 30.4646 -716.257
H^0 -83.0166 30.9512 -717.267
H^0 -82.8594 30.8932 -717.209
H^0 -77.9519 30.903 -722.629
H^0 -73.7309 21.5968 -731.202
H^0 -75.0269 25.3245 -730.187
H^0 -70.0537 22.2028 -738.722
H^0 -70.1516 23.3249 -738.449
H^0 -68.9722 22.9103 -736.92
H^0 -64.415 22.3761 -742.533
H^0 -65.4272 21.3873 -749.643
H^0 -61.6431 16.1135 -755.901
H^0 -60.0101 15.0771 -762.915
H^0 -57.6811 14.8748 -765.001
H^0 -56.7978 12.2548 -768.326
H^0 -56.5521 12.786 -768.334
H^0 -55.998 11.3286 -771.659
H^0 -53.688 12.8559 -775.198
H^0 -52.2422 13.0176 -775.853
H^0 -50.7414 10.8134 -774.949
H^0 -50.2869 10.1954 -776.344
H^0 -50.4846 9.38849 -785.106
H^0 -46.9475 8.54513 -794.135
H^0 -45.7278 7.94518 -793.578
H^0 -44.8803 6.14651 -796.78
H^0 -43.4966 5.93472 -800.163
H^0 -43.266 4.97668 -801.263
H^0 -40.6545 4.71387 -805.857
H^0 -38.8839 2.09061 -814.14
H^0 -37.5367 2.58363 -812.927
H^0 -37.2582 2.17604 -814.127
H^0 -37.3217 1.30373 -814.512
H^0 -35.2988 2.14504 -820.634
H^0 -33.5783 -0.638101 -825.463
H^0 -32.1306 0.578404 -827.583
H^0 -30.3303 -1.09025 -833.463
H^0 -27.8747 -1.03051 -832.485
H^0 -27.0312 -2.03392 -833.596
H^0 -27.999 -1.75701 -834.262
H^0 -25.1825 -3.00104 -837.718
H^0 -26.2444 -2.62308 -838.44
H^0 -22.6382 -4.54628 -844.82
H^0 -22.233 -4.43379 -844.144
H^0 -22.6397 -4.81496 -847.238
H^0 -14.9287 -9.05037 -868.787
H^0 -15.0696 -7.60366 -882.914
H^0 -15.1593 -5.30509 -886.508
H^0 -14.9074 -7.33682 -889.528
H^0 -15.1533 -7.26205 -888.41
H^0 -14.5207 -6.80328 -899.352
H^0 -14.2305 -6.43499 -899.596
H^0 -15.4893 -6.19892 -907.972
H^0 -13.657 -6.31753 -907.755
H^0 -12.724 -4.66269 -921.068
H^0 -14.312 -5.56588 -928.561
H^0 -13.6833 -2.48956 -945.476
H^0 -14.431 -5.28457 -946.953
H^0 -14.188 -4.70382 -946.764
H^0 -15.8514 -5.78324 -948.221
H^0 -16.5099 -2.40437 -965.41
H^0 -15.2053 -6.04295 -974.193
H^0 -14.3469 -2.97053 -971.579
H^0 -14.3589 -2.97774 -971.265
H^0 -14.8787 -2.17466 -992.08
H^0 -13.5729 -1.74299 -997.192
H^0 -16.568 -4.7283 -999.091
H^0 -14.6302 -0.573567 -1009.37
H^0 -10.6271 -4.11415 -1011.11
H^0 -13.7329 -2.34566 -1016.77
H^0 -13.0413 -2.93601 -1016.02
H^0 -14.3535 -2.47135 -1032.87
H^0 -15.0475 -3.22919 -1029.31
H^0 -12.9102 -1.8753 -1035.75
H^0 -12.5685 -0.460051 -1034.79
H^0 -11.578 -2.39765 -1044.46
H^0 -11.07 -0.883796 -1045.72
H^0 -10.9057 -1.02929 -1049.87
H^0 -11.6569 1.24421 -1059.12
H^0 -12.0165 -0.576944 -1066.99
H^0 -12.4851 -0.939899 -1066.81
H^0 -12.7908 -1.45721 -1069.45
H^0 -13.9866 1.42807 -1074.32
H^0 -13.5718 0.0436083 -1071.85
H^0 -13.1182 0.695467 -1075.62
H^0 -12.855 0.541816 -1078.48
H^0 -10.9969 -0.194384 -1077.59
H^0 -12.7326 -0.44536 -1078.38
H^0 -12.2712 -1.35461 -1078.21
H^0 -10.6264 0.995156 -1080
H^0 -12.0778 -2.23292 -1083.3
H^0 -11.2064 -0.516486 -1089.78
H^0 -11.7584 -0.0840966 -1090.36
H^0 -12.0119 -2.89589 -1093.23
H^0 -9.46142 -0.80148 -1095.49
H^0 -12.257 -1.84407 -1100.41
H^0 -11.7886 0.209612 -1106.76
H^0 -10.9077 0.550169 -1106.53
H^0 -12.1412 0.0818181 -1120.89
H^0 -8.89749 -1.20651 -1122.86
H^0 -9.31782 1.43679 -1128.94
H^0 -11.0069 0.709395 -1128.32
H^0 -9.64182 0.952153 -1139.45
H^0 -9.96629 1.33715 -1138.2
H^0 -9.51687 0.988899 -1151.71
H^0 -8.97319 1.66126 -1152.64
H^0 -9.04033 1.50076 -1156.67
H^0 -9.14252 1.44324 -1157.07
H^0 -7.0775 0.895732 -1160.25
H^0 -9.10167 1.20658 -1172.96
H^0 -9.11788 1.68266 -1173.71
H^0 -8.60069 0.430482 -1173.57
H^0 -8.69111 0.692207 -1177.37
H^0 -8.46804 0.288366 -1177.49
H^0 -9.0029 2.20188 -1180.41
H^0 -8.75237 1.60295 -1180.95
H^0 -9.40261 1.83282 -1183.95
H^0 -8.32727 0.854036 -1184.06
H^0 -9.39746 -0.455039 -1208.46
H^0 -7.47059 1.39637 -1209.98
H^0 -8.32913 2.1984 -1214.14
H^0 -8.22096 1.81221 -1214
H^0 -7.85138 2.94459 -1217.23
H^0 -7.65845 1.25795 -1216.5
H^0 -8.83073 1.78552 -1218.66
H^0 -7.89835 2.43159 -1217.74
H^0 -9.63362 1.74245 -1220.72
H^0 -9.94238 4.02604 -1241.91
H^0 -8.63258 3.03333 -1248.55
H^0 -6.77533 2.27414 -1252.04
H^0 -7.90874 2.2522 -1252.69
H^0 -7.37209 1.87228 -1267.35
H^0 -7.11176 3.18224 -1274.21
H^0 -7.74367 2.5579 -1276.87
H^0 -5.70332 1.99989 -1281.78
H^0 -6.33619 2.38359 -1283.95
H^0 -7.12561 2.5379 -1282.46
H^0 -5.76569 2.77238 -1287.12
H^0 -6.32687 1.36957 -1310.74
H^0 -5.03382 4.19771 -1309.02
H^0 -5.29671 6.02101 -1313.61
H^0 -5.00761 3.24505 -1312.53
H^0 -8.92974 1.38335 -1321.33
H^0 -5.77436 1.52326 -1328.7
H^0 -5.37262 2.41572 -1329.45
H^0 -4.66351 2.93947 -1331.2
H^0 -4.48511 0.648126 -1344.25
H^0 -4.76181 1.51012 -1349.07
H^0 -3.72863 1.48601 -1347.96
H^0 -4.34579 2.44162 -1351.75
H^0 -5.69699 3.26047 -1352.49
H^0 -5.43239 1.77592 -1365.55
H^0 -5.39764 1.6484 -1379.93
H^0 -2.60713 0.610587 -1387.53
H^0 -3.06508 0.933038 -1388.06
H^0 -1.83075 1.08952 -1419.57
H^0 -1.77583 -1.61141 -1428.87
H^0 -1.54201 0.576519 -1434.61
H^0 -2.27935 -0.143261 -1433.91
H^0 -0.976447 3.82375 -1439.6
H^0 -0.761161 2.43168 -1442.19
H^0 0.865291 0.261722 -1474.95
H^0 0.422332 1.07174 -1474.89
H^0 0.604324 -2.34162 -1480.15
H^0 -2.70798 -0.3967 -1496.24
H^0 0.892526 0.221407 -1490.7
H^0 1.73231 3.88757 -1487.77
H^0 -2.47925 3.57395 -1461.36
H^0 -1.47968 -1.03488 -1459.13
H^0 -3.15902 -1.88157 -1458.67
H^0 -3.5394 -3.93575 -1458.9
H^0 -4.22948 -0.165193 -1451.19
H^0 -5.48773 -0.228741 -1452.83
H^0 -0.831126 -1.83604 -1447.19
H^0 -4.68958 2.36818 -1447.18
H^0 -2.835 -0.628458 -1444.07
H^0 -1.66099 0.232613 -1416.31
H^0 -4.03324 -0.897908 -1400.93
H^0 -0.332575 1.20409 -1393.49
H^0 -4.774 1.34721 -1393.79
H^0 -4.89995 -0.126541 -1387.36
H^0 -5.09245 -0.367159 -1387.11
H^0 -3.4333 0.844497 -1391.68
H^0 -3.83798 0.813885 -1391.99
H^0 -3.60739 0.781025 -1384.69
H^0 -3.76482 0.145071 -1385.4
H^0 4.95346 1.78089 -1382.51
H^0 -4.51178 -1.28535 -1374.24
H^0 -3.89087 1.36561 -1374.19
H^0 -3.44159 1.09265 -1374.55
H^0 0.0699543 0.638129 -1374.41
H^0 -3.26695 -0.684139 -1367.63
H^0 -4.42245 -0.788919 -1368.06
H^0 -5.64221 -0.217461 -1358.58
H^0 -3.71365 -0.133333 -1345.47
H^0 -3.4543 0.0977637 -1345.08
H^0 -4.45124 -0.171364 -1345.15
H^0 -1.9925 0.856082 -1347.79
H^0 -4.93574 2.50059 -1328.15
H^0 -5.67627 2.02522 -1327.85
H^0 -5.70578 2.28906 -1327.45
H^0 -3.44445 -2.0534 -1310.14
H^0 -5.78499 2.27434 -1300.35
H^0 -5.71308 1.34822 -1300.74
H^0 -6.16042 2.14025 -1298.4
H^0 -5.61653 1.65959 -1298.94
H^0 -2.82365 -3.25617 -1295.06
H^0 -3.17853 -1.62683 -1296.13
H^0 -7.17095 1.48507 -1296.11
H^0 -7.3112 0.923383 -1294.59
H^0 -3.24854 1.84337 -1289.55
H^0 -4.27089 1.98417 -1289.15
H^0 -4.01597 2.26331 -1288.34
H^0 -8.61548 1.82244 -1283.92
H^0 -8.40784 3.37559 -1256.41
H^0 -10.5847 2.46669 -1250.44
H^0 -5.54395 2.30793 -1247.59
H^0 -5.53372 2.34442 -1243.91
H^0 -9.19636 1.45548 -1235.39
H^0 -9.66349 0.638738 -1235.31
H^0 -8.20424 0.927421 -1233.82
H^0 -8.27045 6.13558 -1230.17
H^0 -9.02592 4.25918 -1227.26
H^0 -6.94446 1.55619 -1223.91
H^0 -9.914 4.4889 -1221.95
H^0 -8.27805 6.82169 -1221.86
H^0 -8.12905 6.70656 -1221.72
H^0 -8.2463 1.84757 -1223.67
H^0 -9.80044 2.8096 -1228.33
H^0 -4.32415 3.37657 -1218.03
H^0 -9.58182 7.162 -1209.58
H^0 -8.39599 5.98257 -1209.55
H^0 -7.2432 0.295243 -1197.07
H^0 -6.60325 3.36566 -1194.6
H^0 -7.51837 3.22552 -1191.56
H^0 -9.52933 3.61874 -1182.24
H^0 -10.0497 2.71271 -1181.85
H^0 -7.38468 1.59992 -1168.91
H^0 -7.89899 3.3121 -1151.87
H^0 -9.76367 1.24919 -1151.42
H^0 -9.75 2.52403 -1151.87
H^0 -12.0781 -0.734406 -1151.47
H^0 -8.9832 -0.851726 -1146.66
H^0 -9.78939 3.52333 -1143.92
H^0 -8.68876 3.00431 -1143.99
H^0 -10.2017 -2.87624 -1140.15
H^0 -10.7763 -3.61832 -1144.48
H^0 -11.6206 1.01872 -1132.22
H^0 -8.67541 3.03707 -1138.13
H^0 -8.53969 1.31183 -1132.22
H^0 -9.13332 1.22941 -1132.1
H^0 -11.65 -0.6216 -1127.65
H^0 -10.0942 -1.24112 -1106.97
H^0 -8.75602 0.150441 -1107.55
H^0 -11.3144 -2.11024 -1102.39
H^0 -13.5009 2.06564 -1085.07
H^0 -10.2255 1.72596 -1076.54
H^0 -10.817 -0.981971 -1077.98
H^0 -12.2098 -2.59474 -1070.67
H^0 -9.77441 0.160241 -1075.32
H^0 -8.98658 -0.203949 -1074.52
H^0 -13.8483 0.403378 -1075.1
H^0 -12.5371 -0.287187 -1075.04
H^0 -7.92196 0.0620855 -1071.68
H^0 -10.0808 3.03072 -1064.22
H^0 -10.7148 3.22396 -1064.31
H^0 -13.4088 0.538463 -1067.19
H^0 -14.2905 -0.147145 -1066.66
H^0 -12.6745 0.783243 -1060.97
H^0 -11.7084 -0.689648 -1060.67
H^0 -12.3285 -0.769922 -1060.87
H^0 -12.0132 -1.95758 -1053.16
H^0 -12.9226 -3.00949 -1041.73
H^0 -13.1217 0.27443 -1019.96
H^0 -16.8663 -5.55642 -1016.02
H^0 -15.5964 -5.74317 -1016.89
H^0 -16.4312 -3.17581 -1011.8
H^0 -16.2388 -8.64769 -1014.21
H^0 -16.3875 -1.71801 -989.531
H^0 -15.5492 -5.67787 -981.985
H^0 -17.5533 -5.62762 -985.207
H^0 -12.5607 -2.10726 -972.672
H^0 -18.2158 -1.79788 -975.733
H^0 -14.1042 -3.75085 -969.056
H^0 -14.4134 -2.74851 -957.712
H^0 -13.0921 -5.79273 -953.732
H^0 -13.311 -5.0268 -941.75
H^0 -13.9373 -3.80173 -933.798
H^0 -14.2847 -6.0815 -934.772
H^0 -15.365 -5.62576 -934.644
H^0 -13.1341 -6.37583 -924.958
H^0 -17.3027 -4.58602 -919.964
H^0 -16.0307 -5.29011 -919.514
H^0 -15.223 -5.35003 -910.962
H^0 -13.7157 -6.19769 -905.743
H^0 -13.7452 -5.68063 -905.228
H^0 -14.5109 -9.51518 -881.557
H^0 -14.4901 -9.37026 -881.137
H^0 -12.1381 -4.93708 -872.182
H^0 -12.1824 -5.64888 -871.795
H^0 -12.8073 -6.31803 -866.284
H^0 -14.9363 -9.46686 -863.034
H^0 -21.137 -7.00627 -855.702
H^0 -21.281 -6.70231 -854.469
H^0 -24.5272 -2.13897 -850.583
H^0 -24.5493 -2.26372 -850.724
H^0 -20.8938 -4.19301 -845.191
H^0 -20.4711 -5.70742 -846.033
H^0 -23.8424 -0.382136 -843.564
H^0 -24.8686 -2.74822 -838.033
H^0 -24.3764 -3.27201 -838.126
H^0 -26.8256 -2.35263 -834.353
H^0 -31.1915 0.177319 -829.594
H^0 -30.5234 0.360926 -830.21
H^0 -31.727 -3.50109 -829.037
H^0 -32.9575 -2.54442 -828.588
H^0 -34.9115 2.02835 -811.365
H^0 -39.0028 5.77376 -810.626
H^0 -40.4067 2.62785 -803.684
H^0 -40.3353 6.26378 -800.422
H^0 -42.5332 7.00431 -800.613
H^0 -46.2862 7.58617 -792.905
H^0 -48.8792 7.55453 -793.817
H^0 -50.1194 11.5889 -785.701
H^0 -52.0798 16.0142 -777.526
H^0 -53.3074 17.0994 -776.96
H^0 -50.33 12.4378 -774.337
H^0 -50.6998 12.8845 -774.061
H^0 -56.1494 13.781 -763.908
H^0 -59.9504 18.7466 -749.111
H^0 -60.4917 19.8776 -748.394
H^0 -77.1768 27.133 -727.567
H^0 -77.6626 28.0313 -727.158
H^0 -77.8897 31.1998 -720.87
H^0 -83.3865 33.5836 -716.344
H^0 -89.8495 37.3222 -707.588
H^0 -88.4268 37.126 -707.162
H^0 -98.6642 41.346 -685.193
H^0 -96.7788 40.6012 -688.911
H^0 -103.12 44.3777 -681.261
H^0 -107.834 46.5515 -667.862
H^0 -111.27 48.1209 -666.062
H^0 -110.707 49.1645 -666.845
H^0 -118.489 47.1755 -662.018
H^0 -133.405 63.1273 -630.472
H^0 -140.279 67.341 -619.872
H^0 -144.225 75.2711 -610.874
H^0 -160.846 73.7798 -593.678
H^0 -161.872 76.0295 -595.076
H^0 -164.574 79.3932 -588.121
H^0 -165.319 79.8962 -588.566
H^0 -161.843 79.1054 -586.221
H^0 -168.859 82.5843 -580.2
H^0 -171.012 86.5718 -578.573
H^0 -187.684 92.9579 -559.52
H^0 -187.989 95.6886 -555.111
H^0 -189.022 96.0773 -553.798
H^0 -215.065 102.51 -523.835
H^0 -214.792 106.601 -522.334
H^0 -218.033 114.483 -511.73
H^0 -223.111 117.408 -511.56
H^0 -226.139 120.432 -505.44
H^0 -236.119 125.026 -486.308
H^0 -242.972 129.866 -484.613
H^0 -244.895 132.157 -473.277
H^0 -263.898 148.38 -452.282
H^0 -279.682 154.112 -425.992
H^0 -282.583 158.377 -427.322
H^0 -293.032 160.698 -410.198
H^0 -311.272 175.473 -385.39
H^0 -311.799 175.938 -386.812
H^0 -560.477 313.401 -499.778
H^0 -533.906 267.684 -523.043
H^0 -523.176 265.439 -490.623
H^0 -490.346 264.278 -461.217
H^0 -483.32 261.754 -453.546
H^0 -463.524 251.834 -426.823
H^0 -446.063 243.965 -403.663
H^0 -429.126 230.241 -373.971
H^0 -402.593 211.372 -356.159
H^0 -395.782 213.899 -355.405
H^0 -390.292 209.016 -352.491
H^0 -390.596 209.615 -353.069
H^0 -382.11 207.959 -350.766
H^0 -370.935 205.107 -349.106
H^0 -329.396 188.31 -364.213
H^0 -320.71 180.698 -375.055
H^0 -321.21 181.314 -375.028
H^0 -312.492 174.495 -380.355
H^0 -313.558 175.707 -383.689
H^0 -277.791 155.051 -433.997
H^0 -271.827 150.962 -442.126
H^0 -268.664 148.523 -444.682
H^0 -269.116 148.284 -443.742
H^0 -253.741 138.151 -464.994
H^0 -253.916 137.806 -466.033
H^0 -249.223 135.031 -471.028
H^0 -248.977 134.906 -471.478
H^0 -239.349 124.756 -492.497
H^0 -234.331 122.825 -492.626
H^0 -234.919 122.906 -493.52
H^0 -227.982 117.355 -504.469
H^0 -201.64 101.95 -536.717
H^0 -202.122 101.759 -536.368
H^0 -201.083 103.204 -539.65
H^0 -199.874 97.8133 -541.673
H^0 -191.064 96.3621 -549.543
H^0 -181.575 91.0335 -564.452
H^0 -180.937 90.3743 -564.076
H^0 -175.951 87.3415 -570.347
H^0 -166.982 83.42 -580.932
H^0 -162.12 81.822 -577.812
H^0 -161.805 81.6244 -577.507
H^0 -161.299 74.7504 -596.454
H^0 -157.098 72.1125 -599.094
H^0 -151.386 72.6214 -604.455
H^0 -151.188 72.369 -604.976
H^0 -151.543 72.9568 -604.708
H^0 -150.505 73.608 -604.874
H^0 -149.674 71.9831 -607.545
H^0 -149.608 72.2422 -606.891
H^0 -149.67 68.7329 -609.055
H^0 -143.604 68.7153 -615.584
H^0 -143.009 68.9703 -617.074
H^0 -137.933 67.1228 -619.079
H^0 -141.846 67.0853 -624.215
H^0 -142 66.763 -623.91
H^0 -131.576 60.8741 -634.021
H^0 -132.104 61.6383 -633.507
H^0 -116.303 52.3046 -657.577
H^0 -115.995 51.8194 -658.18
H^0 -111.036 48.1377 -663.975
H^0 -109.358 41.6984 -678.231
H^0 -104.904 43.8349 -679.691
H^0 -95.9489 39.6455 -697.27
H^0 -92.4073 36.9946 -699.127
H^0 -92.3031 36.7322 -699.982
H^0 -93.5516 38.5407 -700.169
H^0 -91.8254 35.2851 -701.936
H^0 -91.2439 36.9634 -701.95
H^0 -89.164 32.8222 -707.236
H^0 -88.6595 32.8592 -707.904
H^0 -86.6915 35.3041 -712.034
H^0 -81.0069 28.857 -717.264
H^0 -81.7075 30.4343 -719.966
H^0 -82.2986 30.1022 -719.337
H^0 -72.0797 26.8735 -735.145
H^0 -62.3998 16.8001 -754.502
H^0 -62.3557 18.1452 -754.278
H^0 -60.3582 18.3361 -755.525
H^0 -59.893 19.1827 -757.557
H^0 -61.8405 18.9276 -757.836
H^0 -58.627 15.1646 -764.351
H^0 -58.8207 15.3172 -764.537
H^0 -54.9098 12.7313 -773.786
H^0 -49.5814 11.7463 -786.668
H^0 -23.3184 -2.55121 -844.452
H^0 -19.8185 -3.03596 -847.469
H^0 -16.2824 -5.72359 -885.104
H^0 -17.1493 -8.81591 -917.432
H^0 -17.7092 -9.44492 -918.019
H^0 -15.7424 -4.23804 -932.479
H^0 -15.8021 -4.70928 -940.497
H^0 -14.5079 -5.04485 -939.995
H^0 -14.9644 -5.39284 -943.244
H^0 -14.0911 -6.6865 -943.842
H^0 -13.9246 -5.54847 -947.379
H^0 -14.0608 -5.73695 -947.562
H^0 -14.0314 -4.18883 -960.002
H^0 -14.9039 -5.2461 -973.149
H^0 -15.692 -0.727937 -1001.14
H^0 -14.3031 -1.85909 -1008.14
H^0 -14.0717 -2.62863 -1007.63
H^0 -13.0311 -3.19799 -1019.95
H^0 -9.10779 -4.39044 -1020.13
H^0 -14.3919 -0.0878327 -1026.7
H^0 -12.9034 -3.51676 -1034.24
H^0 -13.8646 -2.52387 -1038.08
H^0 -14.1079 0.88007 -1037.22
H^0 -13.463 -0.911171 -1040.69
H^0 -13.5997 -0.858895 -1040.71
H^0 -16.1834 -1.48222 -1044.9
H^0 -12.8081 -0.564581 -1048.32
H^0 -12.2332 -0.719205 -1048.53
H^0 -9.38806 0.491448 -1055.82
H^0 -9.70012 0.754641 -1055.53
H^0 -14.7971 -1.95659 -1068.83
H^0 -15.1937 -0.00034142 -1073.4
H^0 -12.1435 -0.992437 -1077.49
H^0 -10.3723 -1.28333 -1076.39
H^0 -11.6251 -1.41004 -1083.23
H^0 -15.9552 0.543767 -1086.25
H^0 -15.9143 -0.0826489 -1125.63
H^0 -10.3784 1.33574 -1139.34
H^0 -11.9305 -1.51506 -1140.18
H^0 -4.98698 -3.55405 -1152.25
H^0 -4.48461 -2.85979 -1151.72
H^0 -11.9074 -1.8543 -1153.23
H^0 -11.7622 -1.33605 -1152.93
H^0 -10.2068 0.114131 -1166.13
H^0 -10.6116 0.123497 -1166.38
H^0 -5.49948 2.52623 -1167.06
H^0 -10.1543 3.74171 -1165.47
H^0 -7.12874 -0.309784 -1176.66
H^0 -7.29938 0.667875 -1177.12
H^0 -9.34841 3.51895 -1196.25
H^0 -7.35768 4.49948 -1203.55
H^0 -6.0068 -1.76601 -1208.22
H^0 -8.30793 1.14565 -1210.12
H^0 -8.22994 1.62836 -1209.4
H^0 -8.96103 2.42497 -1211.72
H^0 -7.45186 3.36774 -1218.8
H^0 -6.72464 2.90016 -1218.84
H^0 -10.8141 1.46556 -1243.59
H^0 -11.0645 0.875852 -1244.51
H^0 -8.38592 0.656533 -1246.28
H^0 -8.3677 -0.115994 -1249.76
H^0 -7.79589 0.697299 -1261.68
H^0 -8.48396 0.302982 -1262.68
H^0 -6.68944 5.036 -1281.78
H^0 -6.11322 1.74575 -1302.54
H^0 -6.55367 1.50161 -1302.97
H^0 -2.11822 -0.299609 -1339.87
H^0 -5.70574 4.05624 -1340.03
H^0 -4.0716 0.876936 -1345.71
H^0 -4.85213 1.89168 -1347.74
H^0 -8.83497 -0.972502 -1355.68
H^0 -2.86666 1.8744 -1361.57
H^0 -6.35943 4.36435 -1368
H^0 -2.88596 1.53498 -1379.32
H^0 -4.58606 1.79777 -1394.18
H^0 -1.87644 -1.52961 -1409.3
H^0 -1.91613 -0.124186 -1407.76
H^0 -2.69957 0.152546 -1407.9
H^0 -4.0359 -1.06367 -1412.03
H^0 -1.62116 -1.43824 -1412.3
H^0 -2.10331 1.02346 -1420.39
H^0 -2.00432 0.425613 -1420.25
H^0 -0.528902 -2.31217 -1420.1
H^0 1.99806 0.988925 -1436.79
H^0 1.25468 0.28367 -1451.84
H^0 -0.160393 0.173586 -1476.98
H^0 -0.0138549 -0.294146 -1481.42
H^0 2.36398 0.225186 -1483.88
H^0 0.831798 -0.0521488 -1496.51
H^0 -0.572877 1.32686 -1495.31
H^0 -208.151 105.55 -527.39
H^0 -53.7714 12.5378 -775.685
H^0 -54.2609 12.0493 -775.499
H^0 -12.4698 -1.41202 -1043.65
H^0 -12.9529 -1.25884 -1043.96
H^0 -4.62157 0.912823 -1347.19
H^0 -1.3747 0.116894 -1427.21
H^0 -1.61395 -0.727767 -1426.11
H^0 -4.12887 1.93831 -1273.63
H^0 -14.9663 -4.0979 -915.846
H^0 -61.8303 15.8521 -760.985
H^0 -486.798 262.777 -457.602
H^0 -455.753 249.366 -416.212
H^0 -455.045 248.964 -417.639
H^0 -424.953 226.161 -372.649
H^0 -425.352 226.908 -372.823
H^0 -379.438 206.46 -349.94
H^0 -380.049 206.289 -350.163
H^0 -363.374 200.422 -352.959
H^0 -349.93 199.492 -356.359
H^0 -295.636 164.423 -406.501
H^0 -286.634 161.788 -413.322
H^0 -265.822 147.921 -449.347
H^0 -248.658 134.128 -469.029
H^0 -215.023 109.003 -520.061
H^0 -200.696 102.138 -537.359
H^0 -126.774 59.3577 -637.356
H^0 -96.7119 40.1511 -690.125
H^0 -95.7417 38.3071 -695.336
H^0 -95.3125 38.64 -695.225
H^0 -76.9586 28.0416 -728.105
H^0 -71.9273 21.2719 -740.215
H^0 -58.6805 15.8681 -763.389
H^0 -59.8981 15.9955 -762.499
H^0 -47.329 7.97762 -791.195
H^0 -47.2481 8.17041 -791.258
H^0 -35.6561 2.60652 -813.7
H^0 -37.2196 3.28611 -813.148
H^0 -24.3396 -2.85915 -836.869
H^0 -23.7357 -5.78343 -841.798
H^0 -17.3768 -7.59746 -877.814
H^0 -12.1432 -7.47885 -893.627
H^0 -14.2615 -6.28314 -914.54
H^0 -14.3859 -6.17039 -915.303
H^0 -13.6027 -7.07542 -918.256
H^0 -14.4212 -2.95017 -1017.15
H^0 -13.6611 -0.256136 -1035.1
H^0 -11.5425 -2.22008 -1085.79
H^0 -9.85312 1.85992 -1109.44
H^0 -9.61092 0.935817 -1172.29
H^0 -8.36593 2.68949 -1173.98
H^0 -9.47813 1.75437 -1185.8
H^0 -6.94801 2.2456 -1250.52
H^0 -7.87641 2.35215 -1250.29
H^0 -6.5647 1.87791 -1275.07
H^0 -0.461567 0.721211 -1465.13
H^0 0.387974 1.14565 -1465.78
H^0 -0.859533 -0.18921 -1435.69
H^0 -2.14379 1.25474 -1344.44
H^0 -3.64656 1.08138 -1303.38
H^0 -7.40787 3.14872 -1228.74
H^0 -7.76733 1.0287 -1210.67
H^0 -7.67357 0.345255 -1211.01
H^0 -10.1545 -1.07249 -1124.43
H^0 -13.7348 -3.63751 -998.756
H^0 -15.2621 -5.95007 -923.713
H^0 -15.8469 -6.53416 -924.959
H^0 -14.4873 -6.19653 -905.929
H^0 -14.7253 -6.40177 -907.624
H^0 -23.8334 -1.15092 -843.041
H^0 -117.167 54.1756 -660.157
H^0 -122 55.0078 -650.886
H^0 -179.748 91.9655 -563.442
H^0 -215.233 107.859 -520.23
H^0 -224.925 116.79 -507.334
H^0 -279.513 156.356 -427.197
H^0 -278.817 155.864 -426.498
H^0 -531.408 276.178 -519.195
H^0 -423.785 227.074 -372.01
H^0 -424.089 225.509 -372.075
H^0 -420.994 224.539 -368.786
H^0 -420.735 223.052 -368.497
H^0 -314.666 176.213 -381.658
H^0 -314.166 176.044 -381.107
H^0 -274.647 155.103 -430.78
H^0 -271.186 148.409 -446.866
H^0 -245.2 133.572 -476.89
H^0 -239.308 124.898 -490.552
H^0 -216.242 109.33 -513.815
H^0 -198.909 101.725 -537.318
H^0 -200.123 101.988 -537.782
H^0 -199.354 100.351 -538.71
H^0 -178.912 88.9233 -568.875
H^0 -178.358 89.642 -569.886
H^0 -171.856 85.1679 -572.456
H^0 -154.277 73.393 -601.56
H^0 -153.55 75.2981 -601.592
H^0 -143.699 66.207 -618.476
H^0 -124.051 56.5213 -643.946
H^0 -124.676 56.8946 -643.917
H^0 -98.7232 41.367 -686.301
H^0 -86.5176 32.7057 -710.473
H^0 -42.662 6.47492 -798.095
H^0 -30.452 -3.15688 -826.555
H^0 -15.7067 -10.7799 -881.612
H^0 -18.0157 -4.2735 -916.168
H^0 -17.1706 -6.98062 -922.069
H^0 -13.9097 -9.82088 -947.365
H^0 -14.5989 -6.70225 -952.058
H^0 -13.8342 -2.8044 -978.365
H^0 -14.1797 -3.94634 -978.392
H^0 -13.2818 -2.6184 -1014.19
H^0 -14.2276 -2.17059 -1014.65
H^0 -10.7601 -0.372592 -1056.05
H^0 -11.1829 0.514497 -1055.32
H^0 -10.9641 -1.53379 -1090.8
H^0 -10.9744 1.59338 -1101.48
H^0 -11.5235 -0.422857 -1108.01
H^0 -11.1245 -0.453145 -1108.22
H^0 -9.80656 1.27575 -1125.77
H^0 -8.86133 1.54004 -1194.51
H^0 -9.1184 0.931308 -1194.41
H^0 -8.98768 0.224807 -1194.21
H^0 -8.48261 0.927713 -1193.52
H^0 -6.8309 0.510568 -1221.28
H^0 -7.16448 2.7143 -1231.85
H^0 -8.09284 2.74846 -1232.54
H^0 -4.74321 1.72565 -1290.5
H^0 -3.99687 1.13098 -1367.2
H^0 -3.41538 0.513039 -1368
H^0 1.41901 1.15942 -1464.32
H^0 -0.58555 -1.43315 -1473.23
H^0 -118.16 49.2673 -662.258
H^0 -12.1363 -1.45151 -1066.85
°O^0 -7.53817 2.48172 -1177.72
°O^0 -153.983 76.332 -596.875
°O^0 -317.165 176.706 -379.101
°O^0 -187.672 92.7669 -557.48
°O^0 -156.958 76.1695 -597.017
°O^0 -14.7095 -6.13606 -920.069
°O^0 -13.6258 -1.94853 -1016.09
°O^0 -15.2194 0.554734 -1054.29
°O^0 -10.3866 0.400289 -1119.12
°O^0 -10.0079 0.719163 -1133.52
°O^0 -9.24863 1.30665 -1169.75
°O^0 -6.67569 2.28098 -1283.63
°O^0 -6.75904 2.63745 -1275.33
°O^0 -534.78 270.96 -521.298
°O^0 -14.534 -5.54867 -933.755
°O^0 -13.3603 -1.37215 -1034.68
°O^0 -12.7861 -0.808921 -1059
°O^0 -7.34744 2.34331 -1257.4
°O^0 -0.00609309 0.104232 -1473.82
°O^0 -4.2581 2.22962 -1302.74
°O^0 -9.33356 4.8272 -1221.59
°O^0 -10.0601 0.644783 -1127.89
°O^0 -11.9878 -0.376622 -1045.35
°O^0 -489.897 265.022 -458.496
°O^0 -457.225 249.743 -419.123
°O^0 -428.202 229.299 -375.379
°O^0 -425.964 227.35 -373.322
°O^0 -263.163 145.091 -451.566
°O^0 -237.304 124.561 -490.204
°O^0 -210.175 107.515 -526.153
°O^0 -141.645 67.1309 -619.046
°O^0 -132.988 62.0692 -631.698
°O^0 -112.716 49.8125 -664.406
°O^0 -102.437 43.4347 -682.469
°O^0 -101.954 43.1336 -683.305
°O^0 -61.4069 17.0944 -756.854
°O^0 -59.4094 15.8223 -761.573
°O^0 -58.7342 15.4302 -763.179
°O^0 -50.1358 10.1325 -783.695
°O^0 -48.0487 8.80487 -788.671
°O^0 -47.2301 8.28613 -790.621
°O^0 -44.2842 6.40561 -797.555
°O^0 -9.46482 1.09121 -1156.58
°O^0 -8.62469 1.8169 -1198.22
°O^0 -7.37355 1.50832 -1200.64
°O^0 -8.19143 2.20808 -1219.3
°O^0 -2.43549 0.135004 -1405.83
°O^0 -2.39141 0.105952 -1407.29
°O^0 0.0162081 -0.0164511 -1488.82
°O^0 0.423533 -0.177864 -1468.46
°O^0 -6.16085 -2.38618 -1463.08
°O^0 -4.56589 2.61267 -1326.04
°O^0 -6.38758 0.559014 -1279.23
°O^0 -7.1925 4.5238 -1209.33
°O^0 -10.3807 3.08242 -1181.87
°O^0 -9.53985 1.1998 -1146.46
°O^0 -9.32614 1.18423 -1134.53
°O^0 -11.8581 -2.04092 -1093.72
°O^0 -13.5043 -1.32965 -1063.13
°O^0 -13.7933 -0.375505 -1054.32
°O^0 -29.5827 -2.04916 -829.187
°O^0 -73.9352 25.2431 -725.413
°O^0 -220.299 113.389 -513.617
°O^0 -550.051 332.806 -473.625
°O^0 -554.205 321.446 -482.129
°O^0 -559.446 312.035 -514.07
°O^0 -549.591 297.526 -518.443
°O^0 -541.152 286.292 -519.278
°O^0 -538.639 261.396 -525.924
°O^0 -537.583 261.993 -521.538
°O^0 -475.828 257.022 -441.568
°O^0 -464.223 252.395 -427.971
°O^0 -455.15 248.828 -416.262
°O^0 -423.339 225.147 -370.896
°O^0 -415.737 219.745 -364.718
°O^0 -396.841 211.602 -354.772
°O^0 -382.375 207.061 -349.876
°O^0 -357.261 199.68 -353.687
°O^0 -315.708 176.993 -379.66
°O^0 -248.19 134.064 -472.727
°O^0 -231.972 119.874 -498.83
°O^0 -230.986 119.08 -500.348
°O^0 -230.115 118.637 -501.383
°O^0 -229.646 118.401 -501.937
°O^0 -224.972 115.975 -507.548
°O^0 -222.073 114.407 -511.069
°O^0 -216.169 110.947 -518.486
°O^0 -213.67 109.505 -521.732
°O^0 -199.382 101.108 -539.974
°O^0 -193.752 97.6481 -547.309
°O^0 -190.266 95.5245 -551.967
°O^0 -134.237 62.7753 -629.898
°O^0 -125.996 58.0475 -641.683
°O^0 -113.365 50.2158 -663.254
°O^0 -109.034 47.5085 -670.95
°O^0 -107.334 46.4697 -673.942
°O^0 -97.3777 40.2184 -691.302
°O^0 -90.8964 35.9843 -702.855
°O^0 -88.182 34.1768 -707.745
°O^0 -86.172 32.8464 -711.354
°O^0 -83.5609 31.1854 -716.046
°O^0 -82.7633 30.6827 -717.479
°O^0 -70.5597 23.0329 -739.06
°O^0 -53.4609 12.236 -775.771
°O^0 -50.1932 9.85139 -775.72
°O^0 -46.0179 7.51689 -793.48
°O^0 -42.8603 5.48387 -800.903
°O^0 -36.8746 2.46578 -814.035
°O^0 -27.481 -1.96789 -833.803
°O^0 -25.7014 -2.90988 -838.267
°O^0 -22.9044 -4.14363 -844.2
°O^0 -14.9895 -7.17787 -889.305
°O^0 -14.9337 -7.04967 -898.814
°O^0 -14.4799 -5.00354 -946.693
°O^0 -14.2796 -3.61198 -971.757
°O^0 -13.615 -1.93144 -1016.62
°O^0 -13.3567 -1.36279 -1034.97
°O^0 -12.5452 -0.667173 -1067.25
°O^0 -12.083 -0.437857 -1078.49
°O^0 -11.5471 -0.205877 -1089.49
°O^0 -10.8669 0.14817 -1106.26
°O^0 -9.86521 0.819372 -1139.26
°O^0 -9.54734 1.0288 -1152.07
°O^0 -9.45889 1.09632 -1156.94
°O^0 -9.17628 1.37508 -1173.45
°O^0 -8.95328 1.18377 -1177.22
°O^0 -9.00737 1.50239 -1180.67
°O^0 -8.92722 1.5637 -1184.23
°O^0 -8.31127 2.10861 -1214.28
°O^0 -8.2197 2.19689 -1218.18
°O^0 -7.45514 2.35032 -1251.92
°O^0 -6.68761 2.2838 -1283.25
°O^0 -5.04381 1.83811 -1329.19
°O^0 -4.27674 1.46461 -1348.56
°O^0 -2.97343 0.573665 -1387.03
°O^0 -1.43665 -0.0255064 -1433.89
°O^0 -0.0270731 -0.00654336 -1475.27
°O^0 -2.77089 -2.6941 -1459.26
°O^0 -4.94654 -0.437087 -1387.35
°O^0 -3.95583 0.447875 -1391.31
°O^0 -3.61228 0.384788 -1385.64
°O^0 -3.32862 0.954514 -1374.15
°O^0 -3.99786 -0.671232 -1368.11
°O^0 -3.46658 0.786254 -1345.24
°O^0 -5.1964 1.73075 -1326.63
°O^0 -6.24353 1.72056 -1300.88
°O^0 -6.63507 2.30755 -1298.33
°O^0 -7.13184 1.21561 -1294.55
°O^0 -3.77333 1.74169 -1289.06
°O^0 -8.6897 1.34959 -1235.38
°O^0 -8.98065 6.2638 -1221.83
°O^0 -8.95394 6.36663 -1209.63
°O^0 -9.9497 3.40982 -1182.27
°O^0 -8.96249 2.20545 -1151.82
°O^0 -9.74016 3.0073 -1143.95
°O^0 -9.02972 1.1355 -1132.28
°O^0 -8.8987 -0.126528 -1074.96
°O^0 -12.6455 -0.400566 -1074.68
°O^0 -10.3447 3.10046 -1064.34
°O^0 -11.8709 -0.531565 -1061.47
°O^0 -16.3441 -5.49421 -1016.18
°O^0 -14.4959 -5.50595 -934.372
°O^0 -16.9535 -5.2616 -920.12
°O^0 -14.6754 -9.63987 -881.834
°O^0 -11.8625 -5.12105 -871.791
°O^0 -21.4132 -7.25774 -855.137
°O^0 -24.1874 -2.32243 -850.152
°O^0 -21.2632 -4.98398 -846.044
°O^0 -24.4302 -2.90492 -837.863
°O^0 -30.7816 0.476319 -829.522
°O^0 -52.2292 16.586 -776.924
°O^0 -49.6987 12.5425 -774.775
°O^0 -60.4853 19.1765 -748.889
°O^0 -77.217 27.2233 -727.036
°O^0 -89.402 36.5685 -707.697
°O^0 -111.212 48.6467 -666.958
°O^0 -164.406 79.9296 -588.453
°O^0 -188.663 95.5931 -554.651
°O^0 -390.295 209.519 -352.611
°O^0 -320.753 181.374 -374.518
°O^0 -268.629 148.642 -444.235
°O^0 -253.42 137.976 -465.207
°O^0 -249.263 134.872 -471.148
°O^0 -235.425 122.924 -493.22
°O^0 -201.93 102.616 -536.703
°O^0 -181.088 90.2937 -564.381
°O^0 -161.904 81.7633 -577.527
°O^0 -151.628 73.0691 -604.599
°O^0 -151.555 73.0259 -604.701
°O^0 -149.746 71.9341 -607.301
°O^0 -143.847 68.4288 -615.847
°O^0 -142.549 67.3297 -623.858
°O^0 -131.421 61.1714 -633.95
°O^0 -116.548 51.8149 -658.149
°O^0 -92.8084 37.2293 -699.444
°O^0 -91.3248 36.2622 -702.089
°O^0 -89.4536 32.9251 -707.13
°O^0 -81.4645 29.8591 -719.793
°O^0 -62.5684 17.8789 -754.24
°O^0 -60.4164 18.6482 -757.637
°O^0 -58.2656 15.1585 -764.29
°O^0 -17.5589 -8.87083 -918.187
°O^0 -14.5146 -5.27834 -940.271
°O^0 -13.8603 -5.38306 -947.286
°O^0 -14.49 -2.6868 -1007.73
°O^0 -13.2859 -1.17636 -1040.56
°O^0 -12.5393 -0.739359 -1048.19
°O^0 -9.51141 0.686253 -1055.2
°O^0 -5.01472 -3.2935 -1151.72
°O^0 -11.5892 -1.65463 -1152.96
°O^0 -10.2801 -0.255578 -1165.74
°O^0 -6.97359 0.118753 -1177.53
°O^0 -8.4118 2.00775 -1209.64
°O^0 -7.25328 3.37505 -1219.54
°O^0 -8.64763 0.666817 -1262.69
°O^0 -6.26109 1.22031 -1303.49
°O^0 -2.38798 0.103693 -1407.41
°O^0 -1.90251 0.0129232 -1420.34
°O^0 -53.5294 12.2789 -775.609
°O^0 -12.6595 -0.572914 -1043.61
°O^0 -1.64985 -0.0131969 -1427.1
°O^0 -455.232 248.865 -416.375
°O^0 -424.893 226.463 -372.343
°O^0 -378.879 206.058 -350.103
°O^0 -95.1351 38.7582 -695.284
°O^0 -59.1316 15.6607 -762.234
°O^0 -46.8146 8.02249 -791.604
°O^0 -36.9997 2.53034 -813.76
°O^0 -14.8251 -6.27266 -914.59
°O^0 -7.48515 2.3467 -1250.4
°O^0 0.00688857 1.20881 -1464.93
°O^0 -7.62791 0.978644 -1211.35
°O^0 -15.3696 -6.09298 -924.426
°O^0 -14.3463 -6.15051 -907.048
°O^0 -279.234 155.804 -427.077
°O^0 -424.96 226.52 -372.406
°O^0 -421.221 223.506 -369
°O^0 -314.329 176.197 -381.476
°O^0 -199.866 101.4 -539.348
°O^0 -178.723 89.2471 -569.698
°O^0 -154.078 74.5145 -601.107
°O^0 -124.387 57.129 -644.016
°O^0 -14.1322 -3.35584 -978.162
°O^0 -13.6498 -1.98869 -1014.85
°O^0 -11.2752 -0.0484927 -1055.89
°O^0 -10.7937 0.185719 -1108.74
°O^0 -8.70696 1.74274 -1193.98
°O^0 -9.30132 0.151852 -1193.51
°O^0 -7.87841 2.2865 -1232.37
°O^0 -3.5532 1.07491 -1367.74
